,return,scenario,sharpe,stddev,strategy
0,-0.6807415789890876,0,-0.10231408283824409,1.4120237682162005,trade
1,0.00734635494214908,0,0.8303482138528051,1.6514370859109628,buy&hold
2,5.690817522639704,1,2.107710854681094,1.3043830219256891,trade
3,0.00734635494214908,1,0.8303482138528051,1.6514370859109628,buy&hold
4,-0.2528332744453523,2,0.1303707456233554,0.908716407852858,trade
5,0.00734635494214908,2,0.8303482138528051,1.6514370859109628,buy&hold
6,0.5881366534218406,3,2.8683093840296365,0.16607148464879748,trade
7,0.00734635494214908,3,0.8303482138528051,1.6514370859109628,buy&hold
8,1.0549526242054887,4,4.03680459459767,0.1825445907213983,trade
9,0.00734635494214908,4,0.8303482138528051,1.6514370859109628,buy&hold
10,0.943175190145533,5,1.1624606580890595,1.3136608708849877,trade
11,0.00734635494214908,5,0.8303482138528051,1.6514370859109628,buy&hold
12,3.184839465044792,6,1.7474053078355352,1.3057806718422915,trade
13,0.00734635494214908,6,0.8303482138528051,1.6514370859109628,buy&hold
14,-0.2528332744453523,7,0.1303707456233554,0.908716407852858,trade
15,0.00734635494214908,7,0.8303482138528051,1.6514370859109628,buy&hold
16,0.5949512972545634,8,2.8939108866217658,0.1660826071704045,trade
17,0.00734635494214908,8,0.8303482138528051,1.6514370859109628,buy&hold
18,1.0549526242054887,9,4.03680459459767,0.1825445907213983,trade
19,0.00734635494214908,9,0.8303482138528051,1.6514370859109628,buy&hold
20,1.0321042914794254,10,1.1896904774468446,1.1635685630818662,trade
21,0.00734635494214908,10,0.8303482138528051,1.6514370859109628,buy&hold
22,1.492982365307645,11,1.3538019555817131,1.2574975976752973,trade
23,0.00734635494214908,11,0.8303482138528051,1.6514370859109628,buy&hold
24,-0.2528332744453523,12,0.1303707456233554,0.908716407852858,trade
25,0.00734635494214908,12,0.8303482138528051,1.6514370859109628,buy&hold
26,0.5949512972545634,13,2.8939108866217658,0.1660826071704045,trade
27,0.00734635494214908,13,0.8303482138528051,1.6514370859109628,buy&hold
28,1.0549526242054887,14,4.03680459459767,0.1825445907213983,trade
29,0.00734635494214908,14,0.8303482138528051,1.6514370859109628,buy&hold
30,0.01817146708808748,15,0.8093933678995745,1.59506373119882,trade
31,0.00734635494214908,15,0.8303482138528051,1.6514370859109628,buy&hold
32,0.42131243295927967,16,0.8938833265045946,1.207693850255497,trade
33,0.00734635494214908,16,0.8303482138528051,1.6514370859109628,buy&hold
34,-0.2528332744453523,17,0.1303707456233554,0.908716407852858,trade
35,0.00734635494214908,17,0.8303482138528051,1.6514370859109628,buy&hold
36,0.5949512972545634,18,2.8939108866217658,0.1660826071704045,trade
37,0.00734635494214908,18,0.8303482138528051,1.6514370859109628,buy&hold
38,1.0549526242054887,19,4.03680459459767,0.1825445907213983,trade
39,0.00734635494214908,19,0.8303482138528051,1.6514370859109628,buy&hold
40,-0.5969211155525016,20,0.08250041982616962,1.433147722518594,trade
41,0.00734635494214908,20,0.8303482138528051,1.6514370859109628,buy&hold
42,0.37169239348078564,21,0.9186439848974302,1.3836968512809884,trade
43,0.00734635494214908,21,0.8303482138528051,1.6514370859109628,buy&hold
44,-0.7095374603023614,22,-0.6926103738066585,1.0272114250105024,trade
45,0.00734635494214908,22,0.8303482138528051,1.6514370859109628,buy&hold
46,1.0549526242054887,23,4.03680459459767,0.1825445907213983,trade
47,0.00734635494214908,23,0.8303482138528051,1.6514370859109628,buy&hold
48,0.00734635494214908,24,0.8303482138528051,1.6514370859109628,trade
49,0.00734635494214908,24,0.8303482138528051,1.6514370859109628,buy&hold
50,1.0710254317559413,25,1.2179120433037955,1.3870957046979047,trade
51,0.00734635494214908,25,0.8303482138528051,1.6514370859109628,buy&hold
52,0.1513361199535841,26,0.794958583703487,1.390441161731145,trade
53,0.00734635494214908,26,0.8303482138528051,1.6514370859109628,buy&hold
54,-0.7095374603023614,27,-0.6926103738066585,1.0272114250105024,trade
55,0.00734635494214908,27,0.8303482138528051,1.6514370859109628,buy&hold
56,1.0549526242054887,28,4.03680459459767,0.1825445907213983,trade
57,0.00734635494214908,28,0.8303482138528051,1.6514370859109628,buy&hold
58,0.00734635494214908,29,0.8303482138528051,1.6514370859109628,trade
59,0.00734635494214908,29,0.8303482138528051,1.6514370859109628,buy&hold
60,1.2720070716740692,30,1.2855016559729713,1.164580727803875,trade
61,0.00734635494214908,30,0.8303482138528051,1.6514370859109628,buy&hold
62,-0.34857788211951846,31,0.3529045253717663,1.3453658271199598,trade
63,0.00734635494214908,31,0.8303482138528051,1.6514370859109628,buy&hold
64,-0.7095374603023614,32,-0.6926103738066585,1.0272114250105024,trade
65,0.00734635494214908,32,0.8303482138528051,1.6514370859109628,buy&hold
66,1.0549526242054887,33,4.03680459459767,0.1825445907213983,trade
67,0.00734635494214908,33,0.8303482138528051,1.6514370859109628,buy&hold
68,0.00734635494214908,34,0.8303482138528051,1.6514370859109628,trade
69,0.00734635494214908,34,0.8303482138528051,1.6514370859109628,buy&hold
70,0.00734635494214908,35,0.8303482138528051,1.6514370859109628,trade
71,0.00734635494214908,35,0.8303482138528051,1.6514370859109628,buy&hold
72,-0.6554496043037892,36,-0.17232386764550225,1.2983670920570296,trade
73,0.00734635494214908,36,0.8303482138528051,1.6514370859109628,buy&hold
74,-0.7076386298158114,37,-0.6862588296018538,1.0272166331458057,trade
75,0.00734635494214908,37,0.8303482138528051,1.6514370859109628,buy&hold
76,1.0549526242054887,38,4.03680459459767,0.1825445907213983,trade
77,0.00734635494214908,38,0.8303482138528051,1.6514370859109628,buy&hold
78,0.00734635494214908,39,0.8303482138528051,1.6514370859109628,trade
79,0.00734635494214908,39,0.8303482138528051,1.6514370859109628,buy&hold
80,-0.07187289033372724,40,0.6883718186310473,1.4779286033811276,trade
81,0.00734635494214908,40,0.8303482138528051,1.6514370859109628,buy&hold
82,-0.2426862102353714,41,0.545211489989022,1.4702190389773298,trade
83,0.00734635494214908,41,0.8303482138528051,1.6514370859109628,buy&hold
84,-0.7095374603023614,42,-0.6926103738066585,1.0272114250105024,trade
85,0.00734635494214908,42,0.8303482138528051,1.6514370859109628,buy&hold
86,0.00734635494214908,43,0.8303482138528051,1.6514370859109628,trade
87,0.00734635494214908,43,0.8303482138528051,1.6514370859109628,buy&hold
88,0.00734635494214908,44,0.8303482138528051,1.6514370859109628,trade
89,0.00734635494214908,44,0.8303482138528051,1.6514370859109628,buy&hold
90,2.124707954216481,45,1.5120357167902463,1.4179014611732215,trade
91,0.00734635494214908,45,0.8303482138528051,1.6514370859109628,buy&hold
92,-0.2426862102353714,46,0.545211489989022,1.4702190389773298,trade
93,0.00734635494214908,46,0.8303482138528051,1.6514370859109628,buy&hold
94,-0.7095374603023614,47,-0.6926103738066585,1.0272114250105024,trade
95,0.00734635494214908,47,0.8303482138528051,1.6514370859109628,buy&hold
96,0.00734635494214908,48,0.8303482138528051,1.6514370859109628,trade
97,0.00734635494214908,48,0.8303482138528051,1.6514370859109628,buy&hold
98,0.00734635494214908,49,0.8303482138528051,1.6514370859109628,trade
99,0.00734635494214908,49,0.8303482138528051,1.6514370859109628,buy&hold
100,0.7922569007159006,50,1.0944232833310708,1.2763673148845585,trade
101,0.00734635494214908,50,0.8303482138528051,1.6514370859109628,buy&hold
102,0.15610147139526886,51,0.8340448065985985,1.472725016906564,trade
103,0.00734635494214908,51,0.8303482138528051,1.6514370859109628,buy&hold
104,-0.7095374603023614,52,-0.6926103738066585,1.0272114250105024,trade
105,0.00734635494214908,52,0.8303482138528051,1.6514370859109628,buy&hold
106,0.00734635494214908,53,0.8303482138528051,1.6514370859109628,trade
107,0.00734635494214908,53,0.8303482138528051,1.6514370859109628,buy&hold
108,0.00734635494214908,54,0.8303482138528051,1.6514370859109628,trade
109,0.00734635494214908,54,0.8303482138528051,1.6514370859109628,buy&hold
110,0.00734635494214908,55,0.8303482138528051,1.6514370859109628,trade
111,0.00734635494214908,55,0.8303482138528051,1.6514370859109628,buy&hold
112,0.25912168737110397,56,0.8721507733326351,1.4212303958283687,trade
113,0.00734635494214908,56,0.8303482138528051,1.6514370859109628,buy&hold
114,-0.7076386298158114,57,-0.6862588296018538,1.0272166331458057,trade
115,0.00734635494214908,57,0.8303482138528051,1.6514370859109628,buy&hold
116,0.00734635494214908,58,0.8303482138528051,1.6514370859109628,trade
117,0.00734635494214908,58,0.8303482138528051,1.6514370859109628,buy&hold
118,0.00734635494214908,59,0.8303482138528051,1.6514370859109628,trade
119,0.00734635494214908,59,0.8303482138528051,1.6514370859109628,buy&hold
120,-0.6659393090443582,60,0.07890404923855432,1.561799266155864,trade
121,0.00734635494214908,60,0.8303482138528051,1.6514370859109628,buy&hold
122,-0.6117804019760065,61,0.11542236379025037,1.496436733218877,trade
123,0.00734635494214908,61,0.8303482138528051,1.6514370859109628,buy&hold
124,0.00734635494214908,62,0.8303482138528051,1.6514370859109628,trade
125,0.00734635494214908,62,0.8303482138528051,1.6514370859109628,buy&hold
126,0.00734635494214908,63,0.8303482138528051,1.6514370859109628,trade
127,0.00734635494214908,63,0.8303482138528051,1.6514370859109628,buy&hold
128,0.00734635494214908,64,0.8303482138528051,1.6514370859109628,trade
129,0.00734635494214908,64,0.8303482138528051,1.6514370859109628,buy&hold
130,1.0089897190432429,65,1.2126029482497966,1.4900701179626945,trade
131,0.00734635494214908,65,0.8303482138528051,1.6514370859109628,buy&hold
132,-0.6117804019760065,66,0.11542236379025037,1.496436733218877,trade
133,0.00734635494214908,66,0.8303482138528051,1.6514370859109628,buy&hold
134,0.00734635494214908,67,0.8303482138528051,1.6514370859109628,trade
135,0.00734635494214908,67,0.8303482138528051,1.6514370859109628,buy&hold
136,0.00734635494214908,68,0.8303482138528051,1.6514370859109628,trade
137,0.00734635494214908,68,0.8303482138528051,1.6514370859109628,buy&hold
138,0.00734635494214908,69,0.8303482138528051,1.6514370859109628,trade
139,0.00734635494214908,69,0.8303482138528051,1.6514370859109628,buy&hold
140,-0.1371022862490472,70,0.5532903741320454,1.3300604057578347,trade
141,0.00734635494214908,70,0.8303482138528051,1.6514370859109628,buy&hold
142,1.229955653684025,71,1.2969177735614865,1.5763207193529742,trade
143,0.00734635494214908,71,0.8303482138528051,1.6514370859109628,buy&hold
144,0.00734635494214908,72,0.8303482138528051,1.6514370859109628,trade
145,0.00734635494214908,72,0.8303482138528051,1.6514370859109628,buy&hold
146,0.00734635494214908,73,0.8303482138528051,1.6514370859109628,trade
147,0.00734635494214908,73,0.8303482138528051,1.6514370859109628,buy&hold
148,0.00734635494214908,74,0.8303482138528051,1.6514370859109628,trade
149,0.00734635494214908,74,0.8303482138528051,1.6514370859109628,buy&hold
150,0.00734635494214908,75,0.8303482138528051,1.6514370859109628,trade
151,0.00734635494214908,75,0.8303482138528051,1.6514370859109628,buy&hold
152,1.229955653684025,76,1.2969177735614865,1.5763207193529742,trade
153,0.00734635494214908,76,0.8303482138528051,1.6514370859109628,buy&hold
154,0.00734635494214908,77,0.8303482138528051,1.6514370859109628,trade
155,0.00734635494214908,77,0.8303482138528051,1.6514370859109628,buy&hold
156,0.00734635494214908,78,0.8303482138528051,1.6514370859109628,trade
157,0.00734635494214908,78,0.8303482138528051,1.6514370859109628,buy&hold
158,0.00734635494214908,79,0.8303482138528051,1.6514370859109628,trade
159,0.00734635494214908,79,0.8303482138528051,1.6514370859109628,buy&hold
160,-0.5350884428292345,80,0.190907888095378,1.4430180857930461,trade
161,0.00734635494214908,80,0.8303482138528051,1.6514370859109628,buy&hold
162,1.3840158055124023,81,1.3232722222180948,1.4462362231571253,trade
163,0.00734635494214908,81,0.8303482138528051,1.6514370859109628,buy&hold
164,-0.1661969189851663,82,0.4605326063348649,1.2209254509963696,trade
165,0.00734635494214908,82,0.8303482138528051,1.6514370859109628,buy&hold
166,0.5881366534218406,83,2.8683093840296365,0.16607148464879748,trade
167,0.00734635494214908,83,0.8303482138528051,1.6514370859109628,buy&hold
168,1.0549526242054887,84,4.03680459459767,0.1825445907213983,trade
169,0.00734635494214908,84,0.8303482138528051,1.6514370859109628,buy&hold
170,0.21078560353519604,85,0.8362474602932283,1.3988360117900964,trade
171,0.00734635494214908,85,0.8303482138528051,1.6514370859109628,buy&hold
172,0.4476943689708597,86,0.9771639445385714,1.4425692576424374,trade
173,0.00734635494214908,86,0.8303482138528051,1.6514370859109628,buy&hold
174,-0.1661969189851663,87,0.4605326063348649,1.2209254509963696,trade
175,0.00734635494214908,87,0.8303482138528051,1.6514370859109628,buy&hold
176,0.5949512972545634,88,2.8939108866217658,0.1660826071704045,trade
177,0.00734635494214908,88,0.8303482138528051,1.6514370859109628,buy&hold
178,1.0549526242054887,89,4.03680459459767,0.1825445907213983,trade
179,0.00734635494214908,89,0.8303482138528051,1.6514370859109628,buy&hold
180,0.31969435389389234,90,0.8356761423747173,1.2191627902995434,trade
181,0.00734635494214908,90,0.8303482138528051,1.6514370859109628,buy&hold
182,2.0286320069695516,91,1.4902535066908906,1.3994190464348797,trade
183,0.00734635494214908,91,0.8303482138528051,1.6514370859109628,buy&hold
184,-0.1661969189851663,92,0.4605326063348649,1.2209254509963696,trade
185,0.00734635494214908,92,0.8303482138528051,1.6514370859109628,buy&hold
186,0.5949512972545634,93,2.8939108866217658,0.1660826071704045,trade
187,0.00734635494214908,93,0.8303482138528051,1.6514370859109628,buy&hold
188,1.0549526242054887,94,4.03680459459767,0.1825445907213983,trade
189,0.00734635494214908,94,0.8303482138528051,1.6514370859109628,buy&hold
190,0.01817146708808748,95,0.8093933678995745,1.59506373119882,trade
191,0.00734635494214908,95,0.8303482138528051,1.6514370859109628,buy&hold
192,2.0286320069695516,96,1.4902535066908906,1.3994190464348797,trade
193,0.00734635494214908,96,0.8303482138528051,1.6514370859109628,buy&hold
194,-0.6601833769396559,97,-0.3259031831091087,1.1793728702204453,trade
195,0.00734635494214908,97,0.8303482138528051,1.6514370859109628,buy&hold
196,0.5949512972545634,98,2.8939108866217658,0.1660826071704045,trade
197,0.00734635494214908,98,0.8303482138528051,1.6514370859109628,buy&hold
198,1.0549526242054887,99,4.03680459459767,0.1825445907213983,trade
199,0.00734635494214908,99,0.8303482138528051,1.6514370859109628,buy&hold
200,-0.548399009315401,100,0.19117287426325644,1.466677302861457,trade
201,0.00734635494214908,100,0.8303482138528051,1.6514370859109628,buy&hold
202,-0.45955832876522007,101,0.3438259607953313,1.5060377836902428,trade
203,0.00734635494214908,101,0.8303482138528051,1.6514370859109628,buy&hold
204,-0.7854410946754378,102,-0.4123311986023088,1.3900260543424106,trade
205,0.00734635494214908,102,0.8303482138528051,1.6514370859109628,buy&hold
206,1.0549526242054887,103,4.03680459459767,0.1825445907213983,trade
207,0.00734635494214908,103,0.8303482138528051,1.6514370859109628,buy&hold
208,0.00734635494214908,104,0.8303482138528051,1.6514370859109628,trade
209,0.00734635494214908,104,0.8303482138528051,1.6514370859109628,buy&hold
210,0.7312466379679883,105,1.1084173868750262,1.4720303917285982,trade
211,0.00734635494214908,105,0.8303482138528051,1.6514370859109628,buy&hold
212,-0.5595847329962214,106,0.2092351444222884,1.5075376484723868,trade
213,0.00734635494214908,106,0.8303482138528051,1.6514370859109628,buy&hold
214,-0.7752369976649796,107,-0.37868004974889297,1.3902061523827611,trade
215,0.00734635494214908,107,0.8303482138528051,1.6514370859109628,buy&hold
216,1.0549526242054887,108,4.03680459459767,0.1825445907213983,trade
217,0.00734635494214908,108,0.8303482138528051,1.6514370859109628,buy&hold
218,0.00734635494214908,109,0.8303482138528051,1.6514370859109628,trade
219,0.00734635494214908,109,0.8303482138528051,1.6514370859109628,buy&hold
220,0.4754926295207136,110,0.9274477081582456,1.2201326956994571,trade
221,0.00734635494214908,110,0.8303482138528051,1.6514370859109628,buy&hold
222,-0.12491154411311756,111,0.640994598559352,1.466565017735077,trade
223,0.00734635494214908,111,0.8303482138528051,1.6514370859109628,buy&hold
224,-0.7752369976649796,112,-0.37868004974889297,1.3902061523827611,trade
225,0.00734635494214908,112,0.8303482138528051,1.6514370859109628,buy&hold
226,1.0549526242054887,113,4.03680459459767,0.1825445907213983,trade
227,0.00734635494214908,113,0.8303482138528051,1.6514370859109628,buy&hold
228,0.00734635494214908,114,0.8303482138528051,1.6514370859109628,trade
229,0.00734635494214908,114,0.8303482138528051,1.6514370859109628,buy&hold
230,0.00734635494214908,115,0.8303482138528051,1.6514370859109628,trade
231,0.00734635494214908,115,0.8303482138528051,1.6514370859109628,buy&hold
232,-0.12491154411311756,116,0.640994598559352,1.466565017735077,trade
233,0.00734635494214908,116,0.8303482138528051,1.6514370859109628,buy&hold
234,-0.7737676624401129,117,-0.37398851046360826,1.390209901518662,trade
235,0.00734635494214908,117,0.8303482138528051,1.6514370859109628,buy&hold
236,1.0549526242054887,118,4.03680459459767,0.1825445907213983,trade
237,0.00734635494214908,118,0.8303482138528051,1.6514370859109628,buy&hold
238,0.00734635494214908,119,0.8303482138528051,1.6514370859109628,trade
239,0.00734635494214908,119,0.8303482138528051,1.6514370859109628,buy&hold
240,-0.27022118932429884,120,0.5383092686655477,1.4975557376376991,trade
241,0.00734635494214908,120,0.8303482138528051,1.6514370859109628,buy&hold
242,-0.2699261896335855,121,0.5651225211627399,1.5400323026248015,trade
243,0.00734635494214908,121,0.8303482138528051,1.6514370859109628,buy&hold
244,-0.7630134782914373,122,-0.34030052342159745,1.3904398712841597,trade
245,0.00734635494214908,122,0.8303482138528051,1.6514370859109628,buy&hold
246,0.00734635494214908,123,0.8303482138528051,1.6514370859109628,trade
247,0.00734635494214908,123,0.8303482138528051,1.6514370859109628,buy&hold
248,0.00734635494214908,124,0.8303482138528051,1.6514370859109628,trade
249,0.00734635494214908,124,0.8303482138528051,1.6514370859109628,buy&hold
250,0.5365931021139831,125,1.0321342303668444,1.4873782043846222,trade
251,0.00734635494214908,125,0.8303482138528051,1.6514370859109628,buy&hold
252,-0.2699261896335855,126,0.5651225211627399,1.5400323026248015,trade
253,0.00734635494214908,126,0.8303482138528051,1.6514370859109628,buy&hold
254,-0.7630134782914373,127,-0.34030052342159745,1.3904398712841597,trade
255,0.00734635494214908,127,0.8303482138528051,1.6514370859109628,buy&hold
256,0.00734635494214908,128,0.8303482138528051,1.6514370859109628,trade
257,0.00734635494214908,128,0.8303482138528051,1.6514370859109628,buy&hold
258,0.00734635494214908,129,0.8303482138528051,1.6514370859109628,trade
259,0.00734635494214908,129,0.8303482138528051,1.6514370859109628,buy&hold
260,0.16393204941277673,130,0.7771168985226898,1.3272455246083172,trade
261,0.00734635494214908,130,0.8303482138528051,1.6514370859109628,buy&hold
262,0.11451741378442315,131,0.8409142883871489,1.542422687414172,trade
263,0.00734635494214908,131,0.8303482138528051,1.6514370859109628,buy&hold
264,-0.7630134782914373,132,-0.34030052342159745,1.3904398712841597,trade
265,0.00734635494214908,132,0.8303482138528051,1.6514370859109628,buy&hold
266,0.00734635494214908,133,0.8303482138528051,1.6514370859109628,trade
267,0.00734635494214908,133,0.8303482138528051,1.6514370859109628,buy&hold
268,0.00734635494214908,134,0.8303482138528051,1.6514370859109628,trade
269,0.00734635494214908,134,0.8303482138528051,1.6514370859109628,buy&hold
270,0.00734635494214908,135,0.8303482138528051,1.6514370859109628,trade
271,0.00734635494214908,135,0.8303482138528051,1.6514370859109628,buy&hold
272,0.17512936974697846,136,0.8753392347951239,1.5426261520842175,trade
273,0.00734635494214908,136,0.8303482138528051,1.6514370859109628,buy&hold
274,-0.76146423468574,137,-0.33560988325938207,1.3904435912538513,trade
275,0.00734635494214908,137,0.8303482138528051,1.6514370859109628,buy&hold
276,0.00734635494214908,138,0.8303482138528051,1.6514370859109628,trade
277,0.00734635494214908,138,0.8303482138528051,1.6514370859109628,buy&hold
278,0.00734635494214908,139,0.8303482138528051,1.6514370859109628,trade
279,0.00734635494214908,139,0.8303482138528051,1.6514370859109628,buy&hold
280,-0.7663661752365827,140,-0.1414981902654696,1.5695981976539612,trade
281,0.00734635494214908,140,0.8303482138528051,1.6514370859109628,buy&hold
282,-0.17181378094630495,141,0.6593275369701217,1.5611826751378075,trade
283,0.00734635494214908,141,0.8303482138528051,1.6514370859109628,buy&hold
284,0.00734635494214908,142,0.8303482138528051,1.6514370859109628,trade
285,0.00734635494214908,142,0.8303482138528051,1.6514370859109628,buy&hold
286,0.00734635494214908,143,0.8303482138528051,1.6514370859109628,trade
287,0.00734635494214908,143,0.8303482138528051,1.6514370859109628,buy&hold
288,0.00734635494214908,144,0.8303482138528051,1.6514370859109628,trade
289,0.00734635494214908,144,0.8303482138528051,1.6514370859109628,buy&hold
290,-0.26758226472914126,145,0.5790683431082814,1.5587182908631105,trade
291,0.00734635494214908,145,0.8303482138528051,1.6514370859109628,buy&hold
292,-0.17181378094630495,146,0.6593275369701217,1.5611826751378075,trade
293,0.00734635494214908,146,0.8303482138528051,1.6514370859109628,buy&hold
294,0.00734635494214908,147,0.8303482138528051,1.6514370859109628,trade
295,0.00734635494214908,147,0.8303482138528051,1.6514370859109628,buy&hold
296,0.00734635494214908,148,0.8303482138528051,1.6514370859109628,trade
297,0.00734635494214908,148,0.8303482138528051,1.6514370859109628,buy&hold
298,0.00734635494214908,149,0.8303482138528051,1.6514370859109628,trade
299,0.00734635494214908,149,0.8303482138528051,1.6514370859109628,buy&hold
300,-0.1371022862490472,150,0.5532903741320454,1.3300604057578347,trade
301,0.00734635494214908,150,0.8303482138528051,1.6514370859109628,buy&hold
302,0.30451574517322144,151,0.9597305370488697,1.583702176096535,trade
303,0.00734635494214908,151,0.8303482138528051,1.6514370859109628,buy&hold
304,0.00734635494214908,152,0.8303482138528051,1.6514370859109628,trade
305,0.00734635494214908,152,0.8303482138528051,1.6514370859109628,buy&hold
306,0.00734635494214908,153,0.8303482138528051,1.6514370859109628,trade
307,0.00734635494214908,153,0.8303482138528051,1.6514370859109628,buy&hold
308,0.00734635494214908,154,0.8303482138528051,1.6514370859109628,trade
309,0.00734635494214908,154,0.8303482138528051,1.6514370859109628,buy&hold
310,0.00734635494214908,155,0.8303482138528051,1.6514370859109628,trade
311,0.00734635494214908,155,0.8303482138528051,1.6514370859109628,buy&hold
312,0.30451574517322144,156,0.9597305370488697,1.583702176096535,trade
313,0.00734635494214908,156,0.8303482138528051,1.6514370859109628,buy&hold
314,0.00734635494214908,157,0.8303482138528051,1.6514370859109628,trade
315,0.00734635494214908,157,0.8303482138528051,1.6514370859109628,buy&hold
316,0.00734635494214908,158,0.8303482138528051,1.6514370859109628,trade
317,0.00734635494214908,158,0.8303482138528051,1.6514370859109628,buy&hold
318,0.00734635494214908,159,0.8303482138528051,1.6514370859109628,trade
319,0.00734635494214908,159,0.8303482138528051,1.6514370859109628,buy&hold
320,-0.6248749653796466,160,0.04749764044151091,1.4484489582106375,trade
321,0.00734635494214908,160,0.8303482138528051,1.6514370859109628,buy&hold
322,0.44119387267667576,161,0.9810575730709977,1.4634590100887006,trade
323,0.00734635494214908,161,0.8303482138528051,1.6514370859109628,buy&hold
324,0.09731119292123802,162,0.8061159562145169,1.4898501936938908,trade
325,0.00734635494214908,162,0.8303482138528051,1.6514370859109628,buy&hold
326,-0.7345555331354381,163,-0.2810676092435082,1.373116717589916,trade
327,0.00734635494214908,163,0.8303482138528051,1.6514370859109628,buy&hold
328,1.0549526242054887,164,4.03680459459767,0.1825445907213983,trade
329,0.00734635494214908,164,0.8303482138528051,1.6514370859109628,buy&hold
330,0.1391389405596204,165,0.7927704304980006,1.3991391317217714,trade
331,0.00734635494214908,165,0.8303482138528051,1.6514370859109628,buy&hold
332,0.34752815715223284,166,0.9354499819846251,1.464296706577916,trade
333,0.00734635494214908,166,0.8303482138528051,1.6514370859109628,buy&hold
334,0.3908426924282027,167,0.9566486955703458,1.4658226738228197,trade
335,0.00734635494214908,167,0.8303482138528051,1.6514370859109628,buy&hold
336,-0.7334165193766715,168,-0.27794746192726155,1.3731183700971858,trade
337,0.00734635494214908,168,0.8303482138528051,1.6514370859109628,buy&hold
338,1.0549526242054887,169,4.03680459459767,0.1825445907213983,trade
339,0.00734635494214908,169,0.8303482138528051,1.6514370859109628,buy&hold
340,0.31969435389389234,170,0.8356761423747173,1.2191627902995434,trade
341,0.00734635494214908,170,0.8303482138528051,1.6514370859109628,buy&hold
342,1.9812993116450812,171,1.4781262712483358,1.4215523876068323,trade
343,0.00734635494214908,171,0.8303482138528051,1.6514370859109628,buy&hold
344,0.3908426924282027,172,0.9566486955703458,1.4658226738228197,trade
345,0.00734635494214908,172,0.8303482138528051,1.6514370859109628,buy&hold
346,-0.7334165193766715,173,-0.27794746192726155,1.3731183700971858,trade
347,0.00734635494214908,173,0.8303482138528051,1.6514370859109628,buy&hold
348,1.0549526242054887,174,4.03680459459767,0.1825445907213983,trade
349,0.00734635494214908,174,0.8303482138528051,1.6514370859109628,buy&hold
350,0.01817146708808748,175,0.8093933678995745,1.59506373119882,trade
351,0.00734635494214908,175,0.8303482138528051,1.6514370859109628,buy&hold
352,1.9812993116450812,176,1.4781262712483358,1.4215523876068323,trade
353,0.00734635494214908,176,0.8303482138528051,1.6514370859109628,buy&hold
354,0.42719288803291877,177,0.9742685576934347,1.4658716224790147,trade
355,0.00734635494214908,177,0.8303482138528051,1.6514370859109628,buy&hold
356,-0.7334165193766715,178,-0.27794746192726155,1.3731183700971858,trade
357,0.00734635494214908,178,0.8303482138528051,1.6514370859109628,buy&hold
358,1.0549526242054887,179,4.03680459459767,0.1825445907213983,trade
359,0.00734635494214908,179,0.8303482138528051,1.6514370859109628,buy&hold
360,-0.5600033625665701,180,0.17529911673964024,1.468803780010959,trade
361,0.00734635494214908,180,0.8303482138528051,1.6514370859109628,buy&hold
362,-0.48274288292512924,181,0.3263873628914547,1.5206062138356617,trade
363,0.00734635494214908,181,0.8303482138528051,1.6514370859109628,buy&hold
364,-0.317983182086232,182,0.5336737473296058,1.5592681562455097,trade
365,0.00734635494214908,182,0.8303482138528051,1.6514370859109628,buy&hold
366,-0.6565309398351418,183,-0.09117503970189542,1.3752249379878476,trade
367,0.00734635494214908,183,0.8303482138528051,1.6514370859109628,buy&hold
368,0.00734635494214908,184,0.8303482138528051,1.6514370859109628,trade
369,0.00734635494214908,184,0.8303482138528051,1.6514370859109628,buy&hold
370,0.6288023703487435,185,1.067055053130228,1.4723206128373838,trade
371,0.00734635494214908,185,0.8303482138528051,1.6514370859109628,buy&hold
372,-0.5784782272513429,186,0.19310379288703491,1.5220913963658502,trade
373,0.00734635494214908,186,0.8303482138528051,1.6514370859109628,buy&hold
374,-0.2855474937971564,187,0.5635723894021314,1.5594239013332793,trade
375,0.00734635494214908,187,0.8303482138528051,1.6514370859109628,buy&hold
376,-0.6565309398351418,188,-0.09117503970189542,1.3752249379878476,trade
377,0.00734635494214908,188,0.8303482138528051,1.6514370859109628,buy&hold
378,0.00734635494214908,189,0.8303482138528051,1.6514370859109628,trade
379,0.00734635494214908,189,0.8303482138528051,1.6514370859109628,buy&hold
380,0.4754926295207136,190,0.9274477081582456,1.2201326956994571,trade
381,0.00734635494214908,190,0.8303482138528051,1.6514370859109628,buy&hold
382,-0.16245220165321006,191,0.62000550862908,1.4815223512999836,trade
383,0.00734635494214908,191,0.8303482138528051,1.6514370859109628,buy&hold
384,-0.2855474937971564,192,0.5635723894021314,1.5594239013332793,trade
385,0.00734635494214908,192,0.8303482138528051,1.6514370859109628,buy&hold
386,-0.6565309398351418,193,-0.09117503970189542,1.3752249379878476,trade
387,0.00734635494214908,193,0.8303482138528051,1.6514370859109628,buy&hold
388,0.00734635494214908,194,0.8303482138528051,1.6514370859109628,trade
389,0.00734635494214908,194,0.8303482138528051,1.6514370859109628,buy&hold
390,0.00734635494214908,195,0.8303482138528051,1.6514370859109628,trade
391,0.00734635494214908,195,0.8303482138528051,1.6514370859109628,buy&hold
392,-0.16245220165321006,196,0.62000550862908,1.4815223512999836,trade
393,0.00734635494214908,196,0.8303482138528051,1.6514370859109628,buy&hold
394,0.15832606212554778,197,0.8758939217354901,1.5650903571727859,trade
395,0.00734635494214908,197,0.8303482138528051,1.6514370859109628,buy&hold
396,-0.6565309398351418,198,-0.09117503970189542,1.3752249379878476,trade
397,0.00734635494214908,198,0.8303482138528051,1.6514370859109628,buy&hold
398,0.00734635494214908,199,0.8303482138528051,1.6514370859109628,trade
399,0.00734635494214908,199,0.8303482138528051,1.6514370859109628,buy&hold
400,-0.23509435823804625,200,0.5714153648398309,1.5003192502832166,trade
401,0.00734635494214908,200,0.8303482138528051,1.6514370859109628,buy&hold
402,-0.14379832573882667,201,0.6773479448525762,1.55516828676669,trade
403,0.00734635494214908,201,0.8303482138528051,1.6514370859109628,buy&hold
404,0.03687302369836498,202,0.8034046007499283,1.561469532434131,trade
405,0.00734635494214908,202,0.8303482138528051,1.6514370859109628,buy&hold
406,0.00734635494214908,203,0.8303482138528051,1.6514370859109628,trade
407,0.00734635494214908,203,0.8303482138528051,1.6514370859109628,buy&hold
408,0.00734635494214908,204,0.8303482138528051,1.6514370859109628,trade
409,0.00734635494214908,204,0.8303482138528051,1.6514370859109628,buy&hold
410,0.4456672042536747,205,0.9912157944435622,1.4876649828105541,trade
411,0.00734635494214908,205,0.8303482138528051,1.6514370859109628,buy&hold
412,-0.14379832573882667,206,0.6773479448525762,1.55516828676669,trade
413,0.00734635494214908,206,0.8303482138528051,1.6514370859109628,buy&hold
414,-0.3159678156815151,207,0.5445223968391828,1.5728379782470594,trade
415,0.00734635494214908,207,0.8303482138528051,1.6514370859109628,buy&hold
416,0.00734635494214908,208,0.8303482138528051,1.6514370859109628,trade
417,0.00734635494214908,208,0.8303482138528051,1.6514370859109628,buy&hold
418,0.00734635494214908,209,0.8303482138528051,1.6514370859109628,trade
419,0.00734635494214908,209,0.8303482138528051,1.6514370859109628,buy&hold
420,0.16393204941277673,210,0.7771168985226898,1.3272455246083172,trade
421,0.00734635494214908,210,0.8303482138528051,1.6514370859109628,buy&hold
422,0.3070619191182009,211,0.9503050693412439,1.5575297130794497,trade
423,0.00734635494214908,211,0.8303482138528051,1.6514370859109628,buy&hold
424,-0.1561346691958383,212,0.7074358773058008,1.6244796877452083,trade
425,0.00734635494214908,212,0.8303482138528051,1.6514370859109628,buy&hold
426,0.00734635494214908,213,0.8303482138528051,1.6514370859109628,trade
427,0.00734635494214908,213,0.8303482138528051,1.6514370859109628,buy&hold
428,0.00734635494214908,214,0.8303482138528051,1.6514370859109628,trade
429,0.00734635494214908,214,0.8303482138528051,1.6514370859109628,buy&hold
430,0.00734635494214908,215,0.8303482138528051,1.6514370859109628,trade
431,0.00734635494214908,215,0.8303482138528051,1.6514370859109628,buy&hold
432,0.37814522253015936,216,0.9843835704638284,1.5577304893739314,trade
433,0.00734635494214908,216,0.8303482138528051,1.6514370859109628,buy&hold
434,-0.15061809821791394,217,0.7114488967302536,1.6244821279812602,trade
435,0.00734635494214908,217,0.8303482138528051,1.6514370859109628,buy&hold
436,0.00734635494214908,218,0.8303482138528051,1.6514370859109628,trade
437,0.00734635494214908,218,0.8303482138528051,1.6514370859109628,buy&hold
438,0.00734635494214908,219,0.8303482138528051,1.6514370859109628,trade
439,0.00734635494214908,219,0.8303482138528051,1.6514370859109628,buy&hold
440,-0.780191152882213,220,-0.1800618122479718,1.5698622119120182,trade
441,0.00734635494214908,220,0.8303482138528051,1.6514370859109628,buy&hold
442,-0.3701743677444611,221,0.4876809309600264,1.566311344538727,trade
443,0.00734635494214908,221,0.8303482138528051,1.6514370859109628,buy&hold
444,0.00734635494214908,222,0.8303482138528051,1.6514370859109628,trade
445,0.00734635494214908,222,0.8303482138528051,1.6514370859109628,buy&hold
446,0.00734635494214908,223,0.8303482138528051,1.6514370859109628,trade
447,0.00734635494214908,223,0.8303482138528051,1.6514370859109628,buy&hold
448,0.00734635494214908,224,0.8303482138528051,1.6514370859109628,trade
449,0.00734635494214908,224,0.8303482138528051,1.6514370859109628,buy&hold
450,-0.26758226472914126,225,0.5790683431082814,1.5587182908631105,trade
451,0.00734635494214908,225,0.8303482138528051,1.6514370859109628,buy&hold
452,-0.3701743677444611,226,0.4876809309600264,1.566311344538727,trade
453,0.00734635494214908,226,0.8303482138528051,1.6514370859109628,buy&hold
454,0.00734635494214908,227,0.8303482138528051,1.6514370859109628,trade
455,0.00734635494214908,227,0.8303482138528051,1.6514370859109628,buy&hold
456,0.00734635494214908,228,0.8303482138528051,1.6514370859109628,trade
457,0.00734635494214908,228,0.8303482138528051,1.6514370859109628,buy&hold
458,0.00734635494214908,229,0.8303482138528051,1.6514370859109628,trade
459,0.00734635494214908,229,0.8303482138528051,1.6514370859109628,buy&hold
460,-0.1371022862490472,230,0.5532903741320454,1.3300604057578347,trade
461,0.00734635494214908,230,0.8303482138528051,1.6514370859109628,buy&hold
462,-0.007931507324738352,231,0.7895785728276975,1.5887675145703335,trade
463,0.00734635494214908,231,0.8303482138528051,1.6514370859109628,buy&hold
464,0.00734635494214908,232,0.8303482138528051,1.6514370859109628,trade
465,0.00734635494214908,232,0.8303482138528051,1.6514370859109628,buy&hold
466,0.00734635494214908,233,0.8303482138528051,1.6514370859109628,trade
467,0.00734635494214908,233,0.8303482138528051,1.6514370859109628,buy&hold
468,0.00734635494214908,234,0.8303482138528051,1.6514370859109628,trade
469,0.00734635494214908,234,0.8303482138528051,1.6514370859109628,buy&hold
470,0.00734635494214908,235,0.8303482138528051,1.6514370859109628,trade
471,0.00734635494214908,235,0.8303482138528051,1.6514370859109628,buy&hold
472,-0.007931507324738352,236,0.7895785728276975,1.5887675145703335,trade
473,0.00734635494214908,236,0.8303482138528051,1.6514370859109628,buy&hold
474,0.00734635494214908,237,0.8303482138528051,1.6514370859109628,trade
475,0.00734635494214908,237,0.8303482138528051,1.6514370859109628,buy&hold
476,0.00734635494214908,238,0.8303482138528051,1.6514370859109628,trade
477,0.00734635494214908,238,0.8303482138528051,1.6514370859109628,buy&hold
478,0.00734635494214908,239,0.8303482138528051,1.6514370859109628,trade
479,0.00734635494214908,239,0.8303482138528051,1.6514370859109628,buy&hold
480,-0.6248749653796466,240,0.04749764044151091,1.4484489582106375,trade
481,0.00734635494214908,240,0.8303482138528051,1.6514370859109628,buy&hold
482,-0.023927497127690378,241,0.7488217015809462,1.53025903487685,trade
483,0.00734635494214908,241,0.8303482138528051,1.6514370859109628,buy&hold
484,-0.4497715461665953,242,0.36916030729842514,1.5234731107758646,trade
485,0.00734635494214908,242,0.8303482138528051,1.6514370859109628,buy&hold
486,-0.9407493011507093,243,-1.235290482201219,1.4437069526430768,trade
487,0.00734635494214908,243,0.8303482138528051,1.6514370859109628,buy&hold
488,-0.785857530074001,244,-0.40152050223137287,1.399500161275346,trade
489,0.00734635494214908,244,0.8303482138528051,1.6514370859109628,buy&hold
490,0.1391389405596204,245,0.7927704304980006,1.3991391317217714,trade
491,0.00734635494214908,245,0.8303482138528051,1.6514370859109628,buy&hold
492,-0.3670679563207174,246,0.4620442661093661,1.5248533471018355,trade
493,0.00734635494214908,246,0.8303482138528051,1.6514370859109628,buy&hold
494,-0.6649015095214048,247,0.038582182995854794,1.5182003465974163,trade
495,0.00734635494214908,247,0.8303482138528051,1.6514370859109628,buy&hold
496,-0.9404950582877751,248,-1.2323214671959655,1.4437089979490887,trade
497,0.00734635494214908,248,0.8303482138528051,1.6514370859109628,buy&hold
498,-0.785857530074001,249,-0.40152050223137287,1.399500161275346,trade
499,0.00734635494214908,249,0.8303482138528051,1.6514370859109628,buy&hold
500,0.31969435389389234,250,0.8356761423747173,1.2191627902995434,trade
501,0.00734635494214908,250,0.8303482138528051,1.6514370859109628,buy&hold
502,0.1579417412199331,251,0.8396358659540983,1.48390266626648,trade
503,0.00734635494214908,251,0.8303482138528051,1.6514370859109628,buy&hold
504,-0.5800318048288409,252,0.18407445594046393,1.514547903121478,trade
505,0.00734635494214908,252,0.8303482138528051,1.6514370859109628,buy&hold
506,-0.9404950582877751,253,-1.2323214671959655,1.4437089979490887,trade
507,0.00734635494214908,253,0.8303482138528051,1.6514370859109628,buy&hold
508,-0.785857530074001,254,-0.40152050223137287,1.399500161275346,trade
509,0.00734635494214908,254,0.8303482138528051,1.6514370859109628,buy&hold
510,0.01817146708808748,255,0.8093933678995745,1.59506373119882,trade
511,0.00734635494214908,255,0.8303482138528051,1.6514370859109628,buy&hold
512,0.44467587928240193,256,0.9835161319689635,1.4677360925823415,trade
513,0.00734635494214908,256,0.8303482138528051,1.6514370859109628,buy&hold
514,-0.5690557784778034,257,0.2011523655612866,1.5145974692321444,trade
515,0.00734635494214908,257,0.8303482138528051,1.6514370859109628,buy&hold
516,-0.9404950582877751,258,-1.2323214671959655,1.4437089979490887,trade
517,0.00734635494214908,258,0.8303482138528051,1.6514370859109628,buy&hold
518,-0.785857530074001,259,-0.40152050223137287,1.399500161275346,trade
519,0.00734635494214908,259,0.8303482138528051,1.6514370859109628,buy&hold
520,-0.5600033625665701,260,0.17529911673964024,1.468803780010959,trade
521,0.00734635494214908,260,0.8303482138528051,1.6514370859109628,buy&hold
522,-0.6652981556643744,261,0.07221491693058764,1.5539967787348088,trade
523,0.00734635494214908,261,0.8303482138528051,1.6514370859109628,buy&hold
524,-0.5312481059346106,262,0.2981455372939444,1.5651283389555188,trade
525,0.00734635494214908,262,0.8303482138528051,1.6514370859109628,buy&hold
526,-0.9233331849472678,263,-1.0533318277373365,1.4457410028649105,trade
527,0.00734635494214908,263,0.8303482138528051,1.6514370859109628,buy&hold
528,0.00734635494214908,264,0.8303482138528051,1.6514370859109628,trade
529,0.00734635494214908,264,0.8303482138528051,1.6514370859109628,buy&hold
530,0.6288023703487435,265,1.067055053130228,1.4723206128373838,trade
531,0.00734635494214908,265,0.8303482138528051,1.6514370859109628,buy&hold
532,-0.7846840612281928,266,-0.2176669414965127,1.5486354615789346,trade
533,0.00734635494214908,266,0.8303482138528051,1.6514370859109628,buy&hold
534,-0.5089549748541744,267,0.327955539583163,1.56528474662835,trade
535,0.00734635494214908,267,0.8303482138528051,1.6514370859109628,buy&hold
536,-0.9233331849472678,268,-1.0533318277373365,1.4457410028649105,trade
537,0.00734635494214908,268,0.8303482138528051,1.6514370859109628,buy&hold
538,0.00734635494214908,269,0.8303482138528051,1.6514370859109628,trade
539,0.00734635494214908,269,0.8303482138528051,1.6514370859109628,buy&hold
540,0.4754926295207136,270,0.9274477081582456,1.2201326956994571,trade
541,0.00734635494214908,270,0.8303482138528051,1.6514370859109628,buy&hold
542,-0.6060820185299899,271,0.1354448600730249,1.5083732964919998,trade
543,0.00734635494214908,271,0.8303482138528051,1.6514370859109628,buy&hold
544,-0.5089549748541744,272,0.327955539583163,1.56528474662835,trade
545,0.00734635494214908,272,0.8303482138528051,1.6514370859109628,buy&hold
546,-0.9233331849472678,273,-1.0533318277373365,1.4457410028649105,trade
547,0.00734635494214908,273,0.8303482138528051,1.6514370859109628,buy&hold
548,0.00734635494214908,274,0.8303482138528051,1.6514370859109628,trade
549,0.00734635494214908,274,0.8303482138528051,1.6514370859109628,buy&hold
550,0.00734635494214908,275,0.8303482138528051,1.6514370859109628,trade
551,0.00734635494214908,275,0.8303482138528051,1.6514370859109628,buy&hold
552,-0.5055889282979633,276,0.27329719082238674,1.4924901044481047,trade
553,0.00734635494214908,276,0.8303482138528051,1.6514370859109628,buy&hold
554,-0.20387955061352037,277,0.6399650356699925,1.570943136414563,trade
555,0.00734635494214908,277,0.8303482138528051,1.6514370859109628,buy&hold
556,-0.9233331849472678,278,-1.0533318277373365,1.4457410028649105,trade
557,0.00734635494214908,278,0.8303482138528051,1.6514370859109628,buy&hold
558,0.00734635494214908,279,0.8303482138528051,1.6514370859109628,trade
559,0.00734635494214908,279,0.8303482138528051,1.6514370859109628,buy&hold
560,-0.23509435823804625,280,0.5714153648398309,1.5003192502832166,trade
561,0.00734635494214908,280,0.8303482138528051,1.6514370859109628,buy&hold
562,-0.5274924215678563,281,0.3157145146514685,1.580851736564361,trade
563,0.00734635494214908,281,0.8303482138528051,1.6514370859109628,buy&hold
564,-0.2873545329121695,282,0.5671975942473895,1.5673327334623421,trade
565,0.00734635494214908,282,0.8303482138528051,1.6514370859109628,buy&hold
566,0.00734635494214908,283,0.8303482138528051,1.6514370859109628,trade
567,0.00734635494214908,283,0.8303482138528051,1.6514370859109628,buy&hold
568,0.00734635494214908,284,0.8303482138528051,1.6514370859109628,trade
569,0.00734635494214908,284,0.8303482138528051,1.6514370859109628,buy&hold
570,0.4456672042536747,285,0.9912157944435622,1.4876649828105541,trade
571,0.00734635494214908,285,0.8303482138528051,1.6514370859109628,buy&hold
572,-0.43667747927801515,286,0.42554954637233144,1.5789735327676593,trade
573,0.00734635494214908,286,0.8303482138528051,1.6514370859109628,buy&hold
574,-0.4798017727657822,287,0.37452653732768515,1.5779254433887584,trade
575,0.00734635494214908,287,0.8303482138528051,1.6514370859109628,buy&hold
576,0.00734635494214908,288,0.8303482138528051,1.6514370859109628,trade
577,0.00734635494214908,288,0.8303482138528051,1.6514370859109628,buy&hold
578,0.00734635494214908,289,0.8303482138528051,1.6514370859109628,trade
579,0.00734635494214908,289,0.8303482138528051,1.6514370859109628,buy&hold
580,0.16393204941277673,290,0.7771168985226898,1.3272455246083172,trade
581,0.00734635494214908,290,0.8303482138528051,1.6514370859109628,buy&hold
582,0.04139090385430344,291,0.8116474531369133,1.5727720628713036,trade
583,0.00734635494214908,291,0.8303482138528051,1.6514370859109628,buy&hold
584,-0.1561346691958383,292,0.7074358773058008,1.6244796877452083,trade
585,0.00734635494214908,292,0.8303482138528051,1.6514370859109628,buy&hold
586,0.00734635494214908,293,0.8303482138528051,1.6514370859109628,trade
587,0.00734635494214908,293,0.8303482138528051,1.6514370859109628,buy&hold
588,0.00734635494214908,294,0.8303482138528051,1.6514370859109628,trade
589,0.00734635494214908,294,0.8303482138528051,1.6514370859109628,buy&hold
590,0.00734635494214908,295,0.8303482138528051,1.6514370859109628,trade
591,0.00734635494214908,295,0.8303482138528051,1.6514370859109628,buy&hold
592,0.37814522253015936,296,0.9843835704638284,1.5577304893739314,trade
593,0.00734635494214908,296,0.8303482138528051,1.6514370859109628,buy&hold
594,-0.15061809821791394,297,0.7114488967302536,1.6244821279812602,trade
595,0.00734635494214908,297,0.8303482138528051,1.6514370859109628,buy&hold
596,0.00734635494214908,298,0.8303482138528051,1.6514370859109628,trade
597,0.00734635494214908,298,0.8303482138528051,1.6514370859109628,buy&hold
598,0.00734635494214908,299,0.8303482138528051,1.6514370859109628,trade
599,0.00734635494214908,299,0.8303482138528051,1.6514370859109628,buy&hold
600,-0.780191152882213,300,-0.1800618122479718,1.5698622119120182,trade
601,0.00734635494214908,300,0.8303482138528051,1.6514370859109628,buy&hold
602,-0.6369688411295646,301,0.15885964658559776,1.5916692918432391,trade
603,0.00734635494214908,301,0.8303482138528051,1.6514370859109628,buy&hold
604,0.00734635494214908,302,0.8303482138528051,1.6514370859109628,trade
605,0.00734635494214908,302,0.8303482138528051,1.6514370859109628,buy&hold
606,0.00734635494214908,303,0.8303482138528051,1.6514370859109628,trade
607,0.00734635494214908,303,0.8303482138528051,1.6514370859109628,buy&hold
608,0.00734635494214908,304,0.8303482138528051,1.6514370859109628,trade
609,0.00734635494214908,304,0.8303482138528051,1.6514370859109628,buy&hold
610,-0.26758226472914126,305,0.5790683431082814,1.5587182908631105,trade
611,0.00734635494214908,305,0.8303482138528051,1.6514370859109628,buy&hold
612,-0.5671950316773956,306,0.2677593399581268,1.5898069255316454,trade
613,0.00734635494214908,306,0.8303482138528051,1.6514370859109628,buy&hold
614,0.00734635494214908,307,0.8303482138528051,1.6514370859109628,trade
615,0.00734635494214908,307,0.8303482138528051,1.6514370859109628,buy&hold
616,0.00734635494214908,308,0.8303482138528051,1.6514370859109628,trade
617,0.00734635494214908,308,0.8303482138528051,1.6514370859109628,buy&hold
618,0.00734635494214908,309,0.8303482138528051,1.6514370859109628,trade
619,0.00734635494214908,309,0.8303482138528051,1.6514370859109628,buy&hold
620,-0.1371022862490472,310,0.5532903741320454,1.3300604057578347,trade
621,0.00734635494214908,310,0.8303482138528051,1.6514370859109628,buy&hold
622,-0.1744371527922166,311,0.6823189642707898,1.6035739176407078,trade
623,0.00734635494214908,311,0.8303482138528051,1.6514370859109628,buy&hold
624,0.00734635494214908,312,0.8303482138528051,1.6514370859109628,trade
625,0.00734635494214908,312,0.8303482138528051,1.6514370859109628,buy&hold
626,0.00734635494214908,313,0.8303482138528051,1.6514370859109628,trade
627,0.00734635494214908,313,0.8303482138528051,1.6514370859109628,buy&hold
628,0.00734635494214908,314,0.8303482138528051,1.6514370859109628,trade
629,0.00734635494214908,314,0.8303482138528051,1.6514370859109628,buy&hold
630,0.00734635494214908,315,0.8303482138528051,1.6514370859109628,trade
631,0.00734635494214908,315,0.8303482138528051,1.6514370859109628,buy&hold
632,-0.007931507324738352,316,0.7895785728276975,1.5887675145703335,trade
633,0.00734635494214908,316,0.8303482138528051,1.6514370859109628,buy&hold
634,0.00734635494214908,317,0.8303482138528051,1.6514370859109628,trade
635,0.00734635494214908,317,0.8303482138528051,1.6514370859109628,buy&hold
636,0.00734635494214908,318,0.8303482138528051,1.6514370859109628,trade
637,0.00734635494214908,318,0.8303482138528051,1.6514370859109628,buy&hold
638,0.00734635494214908,319,0.8303482138528051,1.6514370859109628,trade
639,0.00734635494214908,319,0.8303482138528051,1.6514370859109628,buy&hold
640,-0.6333393106416834,320,0.04125380680042428,1.458134584656075,trade
641,0.00734635494214908,320,0.8303482138528051,1.6514370859109628,buy&hold
642,-0.23366623179055945,321,0.6016292813186765,1.5472679480971014,trade
643,0.00734635494214908,321,0.8303482138528051,1.6514370859109628,buy&hold
644,-0.667646858120287,322,0.05956270008060874,1.5456186822414033,trade
645,0.00734635494214908,322,0.8303482138528051,1.6514370859109628,buy&hold
646,-0.09699740616481978,323,0.7181660521810158,1.5675480502066823,trade
647,0.00734635494214908,323,0.8303482138528051,1.6514370859109628,buy&hold
648,-0.9233331849472678,324,-1.0533318277373365,1.4457410028649105,trade
649,0.00734635494214908,324,0.8303482138528051,1.6514370859109628,buy&hold
650,-0.09840404257343827,325,0.6321439245791234,1.410810528631446,trade
651,0.00734635494214908,325,0.8303482138528051,1.6514370859109628,buy&hold
652,-0.5543266448885049,326,0.24769102094779968,1.5428658131821367,trade
653,0.00734635494214908,326,0.8303482138528051,1.6514370859109628,buy&hold
654,-0.6775945915680845,327,0.03983564411697348,1.5455506249836395,trade
655,0.00734635494214908,327,0.8303482138528051,1.6514370859109628,buy&hold
656,-0.0931226507753814,328,0.7208984492842907,1.567549025905065,trade
657,0.00734635494214908,328,0.8303482138528051,1.6514370859109628,buy&hold
658,-0.9233331849472678,329,-1.0533318277373365,1.4457410028649105,trade
659,0.00734635494214908,329,0.8303482138528051,1.6514370859109628,buy&hold
660,0.31969435389389234,330,0.8356761423747173,1.2191627902995434,trade
661,0.00734635494214908,330,0.8303482138528051,1.6514370859109628,buy&hold
662,0.1696778696520147,331,0.8533079513874375,1.4987289967233153,trade
663,0.00734635494214908,331,0.8303482138528051,1.6514370859109628,buy&hold
664,-0.551532079096902,332,0.23902665559539174,1.5283233316204983,trade
665,0.00734635494214908,332,0.8303482138528051,1.6514370859109628,buy&hold
666,-0.0931226507753814,333,0.7208984492842907,1.567549025905065,trade
667,0.00734635494214908,333,0.8303482138528051,1.6514370859109628,buy&hold
668,-0.9233331849472678,334,-1.0533318277373365,1.4457410028649105,trade
669,0.00734635494214908,334,0.8303482138528051,1.6514370859109628,buy&hold
670,0.01817146708808748,335,0.8093933678995745,1.59506373119882,trade
671,0.00734635494214908,335,0.8303482138528051,1.6514370859109628,buy&hold
672,0.46807639225486986,336,0.9998271200037252,1.4827256462777583,trade
673,0.00734635494214908,336,0.8303482138528051,1.6514370859109628,buy&hold
674,-0.4945909278358528,337,0.31352873946081816,1.5236512278390573,trade
675,0.00734635494214908,337,0.8303482138528051,1.6514370859109628,buy&hold
676,-0.0931226507753814,338,0.7208984492842907,1.567549025905065,trade
677,0.00734635494214908,338,0.8303482138528051,1.6514370859109628,buy&hold
678,-0.9233331849472678,339,-1.0533318277373365,1.4457410028649105,trade
679,0.00734635494214908,339,0.8303482138528051,1.6514370859109628,buy&hold
680,-0.6517552201346166,340,0.027109172186104397,1.4799115830358371,trade
681,0.00734635494214908,340,0.8303482138528051,1.6514370859109628,buy&hold
682,-0.6926832982222897,341,0.028869767944642313,1.5652797762787825,trade
683,0.00734635494214908,341,0.8303482138528051,1.6514370859109628,buy&hold
684,-0.6931635279319445,342,0.04813787443290539,1.5865027032706185,trade
685,0.00734635494214908,342,0.8303482138528051,1.6514370859109628,buy&hold
686,-0.013891228472532213,343,0.8072084949445946,1.6321463502063844,trade
687,0.00734635494214908,343,0.8303482138528051,1.6514370859109628,buy&hold
688,0.00734635494214908,344,0.8303482138528051,1.6514370859109628,trade
689,0.00734635494214908,344,0.8303482138528051,1.6514370859109628,buy&hold
690,0.28915058582038067,345,0.9125417030127057,1.483424064798099,trade
691,0.00734635494214908,345,0.8303482138528051,1.6514370859109628,buy&hold
692,-0.8346931223279477,346,-0.373047525002588,1.5605224928403463,trade
693,0.00734635494214908,346,0.8303482138528051,1.6514370859109628,buy&hold
694,-0.6785708494197542,347,0.07757098097369361,1.586658316067557,trade
695,0.00734635494214908,347,0.8303482138528051,1.6514370859109628,buy&hold
696,-0.013891228472532213,348,0.8072084949445946,1.6321463502063844,trade
697,0.00734635494214908,348,0.8303482138528051,1.6514370859109628,buy&hold
698,0.00734635494214908,349,0.8303482138528051,1.6514370859109628,trade
699,0.00734635494214908,349,0.8303482138528051,1.6514370859109628,buy&hold
700,0.4754926295207136,350,0.9274477081582456,1.2201326956994571,trade
701,0.00734635494214908,350,0.8303482138528051,1.6514370859109628,buy&hold
702,-0.6266493572343743,351,0.10984195552052996,1.5185388446230563,trade
703,0.00734635494214908,351,0.8303482138528051,1.6514370859109628,buy&hold
704,-0.5528900598179174,352,0.2718809251348652,1.569880828527221,trade
705,0.00734635494214908,352,0.8303482138528051,1.6514370859109628,buy&hold
706,-0.013891228472532213,353,0.8072084949445946,1.6321463502063844,trade
707,0.00734635494214908,353,0.8303482138528051,1.6514370859109628,buy&hold
708,0.00734635494214908,354,0.8303482138528051,1.6514370859109628,trade
709,0.00734635494214908,354,0.8303482138528051,1.6514370859109628,buy&hold
710,0.00734635494214908,355,0.8303482138528051,1.6514370859109628,trade
711,0.00734635494214908,355,0.8303482138528051,1.6514370859109628,buy&hold
712,-0.531403235969188,356,0.24647336372840326,1.5027636796893795,trade
713,0.00734635494214908,356,0.8303482138528051,1.6514370859109628,buy&hold
714,-0.20387955061352037,357,0.6399650356699925,1.570943136414563,trade
715,0.00734635494214908,357,0.8303482138528051,1.6514370859109628,buy&hold
716,-0.013891228472532213,358,0.8072084949445946,1.6321463502063844,trade
717,0.00734635494214908,358,0.8303482138528051,1.6514370859109628,buy&hold
718,0.00734635494214908,359,0.8303482138528051,1.6514370859109628,trade
719,0.00734635494214908,359,0.8303482138528051,1.6514370859109628,buy&hold
720,-0.3945990169675295,360,0.42346639128122177,1.511205275265363,trade
721,0.00734635494214908,360,0.8303482138528051,1.6514370859109628,buy&hold
722,-0.6566933581354091,361,0.12357444643008576,1.5910771531573598,trade
723,0.00734635494214908,361,0.8303482138528051,1.6514370859109628,buy&hold
724,-0.5335152268717573,362,0.3139205365468838,1.5886892895144362,trade
725,0.00734635494214908,362,0.8303482138528051,1.6514370859109628,buy&hold
726,0.00734635494214908,363,0.8303482138528051,1.6514370859109628,trade
727,0.00734635494214908,363,0.8303482138528051,1.6514370859109628,buy&hold
728,0.00734635494214908,364,0.8303482138528051,1.6514370859109628,trade
729,0.00734635494214908,364,0.8303482138528051,1.6514370859109628,buy&hold
730,0.14420432901624203,365,0.8389107216623605,1.4986531557685814,trade
731,0.00734635494214908,365,0.8303482138528051,1.6514370859109628,buy&hold
732,-0.6768650357967498,366,0.08407067574893165,1.5895441405110287,trade
733,0.00734635494214908,366,0.8303482138528051,1.6514370859109628,buy&hold
734,-0.6260273832311798,367,0.1801260530276722,1.5946218644200065,trade
735,0.00734635494214908,367,0.8303482138528051,1.6514370859109628,buy&hold
736,0.00734635494214908,368,0.8303482138528051,1.6514370859109628,trade
737,0.00734635494214908,368,0.8303482138528051,1.6514370859109628,buy&hold
738,0.00734635494214908,369,0.8303482138528051,1.6514370859109628,trade
739,0.00734635494214908,369,0.8303482138528051,1.6514370859109628,buy&hold
740,0.16393204941277673,370,0.7771168985226898,1.3272455246083172,trade
741,0.00734635494214908,370,0.8303482138528051,1.6514370859109628,buy&hold
742,-0.2743435104902381,371,0.5878760879568001,1.5814506144850902,trade
743,0.00734635494214908,371,0.8303482138528051,1.6514370859109628,buy&hold
744,-0.1561346691958383,372,0.7074358773058008,1.6244796877452083,trade
745,0.00734635494214908,372,0.8303482138528051,1.6514370859109628,buy&hold
746,0.00734635494214908,373,0.8303482138528051,1.6514370859109628,trade
747,0.00734635494214908,373,0.8303482138528051,1.6514370859109628,buy&hold
748,0.00734635494214908,374,0.8303482138528051,1.6514370859109628,trade
749,0.00734635494214908,374,0.8303482138528051,1.6514370859109628,buy&hold
750,0.00734635494214908,375,0.8303482138528051,1.6514370859109628,trade
751,0.00734635494214908,375,0.8303482138528051,1.6514370859109628,buy&hold
752,-0.03968815118844926,376,0.7574629540425287,1.5664988709528964,trade
753,0.00734635494214908,376,0.8303482138528051,1.6514370859109628,buy&hold
754,-0.15061809821791394,377,0.7114488967302536,1.6244821279812602,trade
755,0.00734635494214908,377,0.8303482138528051,1.6514370859109628,buy&hold
756,0.00734635494214908,378,0.8303482138528051,1.6514370859109628,trade
757,0.00734635494214908,378,0.8303482138528051,1.6514370859109628,buy&hold
758,0.00734635494214908,379,0.8303482138528051,1.6514370859109628,trade
759,0.00734635494214908,379,0.8303482138528051,1.6514370859109628,buy&hold
760,-0.82602757142984,380,-0.31642628602619005,1.58025133913855,trade
761,0.00734635494214908,380,0.8303482138528051,1.6514370859109628,buy&hold
762,-0.7362349013373166,381,-0.03098308703391587,1.6018203440695928,trade
763,0.00734635494214908,381,0.8303482138528051,1.6514370859109628,buy&hold
764,0.00734635494214908,382,0.8303482138528051,1.6514370859109628,trade
765,0.00734635494214908,382,0.8303482138528051,1.6514370859109628,buy&hold
766,0.00734635494214908,383,0.8303482138528051,1.6514370859109628,trade
767,0.00734635494214908,383,0.8303482138528051,1.6514370859109628,buy&hold
768,0.00734635494214908,384,0.8303482138528051,1.6514370859109628,trade
769,0.00734635494214908,384,0.8303482138528051,1.6514370859109628,buy&hold
770,-0.42031226766479834,385,0.43668341286832957,1.5691999524017954,trade
771,0.00734635494214908,385,0.8303482138528051,1.6514370859109628,buy&hold
772,-0.7517329543887787,386,-0.07036931369041657,1.6002965160622582,trade
773,0.00734635494214908,386,0.8303482138528051,1.6514370859109628,buy&hold
774,0.00734635494214908,387,0.8303482138528051,1.6514370859109628,trade
775,0.00734635494214908,387,0.8303482138528051,1.6514370859109628,buy&hold
776,0.00734635494214908,388,0.8303482138528051,1.6514370859109628,trade
777,0.00734635494214908,388,0.8303482138528051,1.6514370859109628,buy&hold
778,0.00734635494214908,389,0.8303482138528051,1.6514370859109628,trade
779,0.00734635494214908,389,0.8303482138528051,1.6514370859109628,buy&hold
780,-0.1371022862490472,390,0.5532903741320454,1.3300604057578347,trade
781,0.00734635494214908,390,0.8303482138528051,1.6514370859109628,buy&hold
782,-0.1744371527922166,391,0.6823189642707898,1.6035739176407078,trade
783,0.00734635494214908,391,0.8303482138528051,1.6514370859109628,buy&hold
784,0.00734635494214908,392,0.8303482138528051,1.6514370859109628,trade
785,0.00734635494214908,392,0.8303482138528051,1.6514370859109628,buy&hold
786,0.00734635494214908,393,0.8303482138528051,1.6514370859109628,trade
787,0.00734635494214908,393,0.8303482138528051,1.6514370859109628,buy&hold
788,0.00734635494214908,394,0.8303482138528051,1.6514370859109628,trade
789,0.00734635494214908,394,0.8303482138528051,1.6514370859109628,buy&hold
790,0.00734635494214908,395,0.8303482138528051,1.6514370859109628,trade
791,0.00734635494214908,395,0.8303482138528051,1.6514370859109628,buy&hold
792,-0.007931507324738352,396,0.7895785728276975,1.5887675145703335,trade
793,0.00734635494214908,396,0.8303482138528051,1.6514370859109628,buy&hold
794,0.00734635494214908,397,0.8303482138528051,1.6514370859109628,trade
795,0.00734635494214908,397,0.8303482138528051,1.6514370859109628,buy&hold
796,0.00734635494214908,398,0.8303482138528051,1.6514370859109628,trade
797,0.00734635494214908,398,0.8303482138528051,1.6514370859109628,buy&hold
798,0.00734635494214908,399,0.8303482138528051,1.6514370859109628,trade
799,0.00734635494214908,399,0.8303482138528051,1.6514370859109628,buy&hold
