4437.67,75.34524299,0
3219.48,75.35848233,0
3980.75,78.13674828,0
3426.52,79.88238156,0
3392.15,80.26260713,0
4212.84,71.58287385,0
3000.83,72.47451843,0
2098.86,73.74608822,0
7521.38,38.11767442,0
15519.68,22.91283845,1
10424.41,21.10643205,0
6662.16,49.05031741,0
3928.7,46.87121962,0
3232.96,54.81625766,0
3151.3,58.18173668,0
2216.37,59.81777151,0
1846.73,56.48352197,0
2366.2,58.2717914,0
2888.39,58.87121646,0
2380.76,60.48938082,0
4824.62,71.05327838,0
4639.83,71.85369401,0
4409.57,59.16190615,0
3451.7,60.82304081,0
2641.75,54.80775929,0
7732.05,39.10547075,0
5502.24,48.35656927,0
3945.25,42.9516084,0
6715.06,31.07585893,0
4354.84,43.1805007,0
2616.44,48.19140993,0
2889.76,50.10863896,0
2294.25,51.45672641,0
2067.56,50.72353229,0
2641.15,51.22893361,0
1583.83,48.32803587,0
1730.99,53.17432343,0
2789.95,61.22931657,0
2508.46,65.06081457,0
1987.64,61.73774984,0
2215.22,66.40537546,0
2137.12,61.03789901,0
2037,53.21821529,0
3754.28,43.97617145,0
4531.94,51.65422711,0
2444.58,52.30848125,0
3167.18,47.85561709,0
4086.04,37.85937436,0
3832.04,39.40788639,0
3041.8,47.87519564,0
2997.56,49.08852717,0
2325.27,49.61346468,0
3685.06,62.054405,0
2449.2,55.0345756,0
2341.43,52.37991004,0
2525.41,44.18544118,0
1360.5,53.43145475,0
2871.95,48.48698394,0
2247.23,50.23158889,0
2244.79,57.15567297,0
1855.3,57.44903476,0
3761.23,35.44021526,0
4351.99,41.5450315,0
2599.92,42.29653977,0
4591.19,32.70938504,0
3337.61,40.17714672,0
2488.78,47.78368018,0
3224.8,53.94845509,0
3151.44,50.8309413,0
2596.08,47.24398728,0
2339.29,46.86650881,0
3488.44,42.40026917,0
2632.91,38.50669718,0
1960.88,40.47123691,0
1791.66,53.45712564,0
1611.09,49.67851686,0
2256.02,39.87893291,0
6381.19,23.10467021,0
4272.73,21.48951154,0
6269.33,17.97679358,0
4142.28,45.18909739,0
2996.28,47.90510757,0
2454.9,45.46043096,0
2256.77,51.79733917,0
2632.1,62.21374558,0
4522.84,69.5164208,0
6408.54,67.23740316,0
4696.89,60.19873953,0
2177.72,55.08411238,0
2552.41,63.16153295,0
2681.42,53.76519625,0
2348.08,55.69080964,0
2270.61,51.59291356,0
1764.76,50.02263773,0
12.42,50.02263773,0
1759.43,58.98436146,0
3112.66,63.2104402,0
3314.15,56.81073101,0
2528.24,55.27365855,0
2967.4,62.90575555,0
1846.75,62.22423883,0
3008.15,48.72320989,0
3052.53,45.26790849,0
3650,41.7353142,0
3216.25,47.7559805,0
2054.61,49.00072296,0
1896.04,60.57818702,0
2369.77,58.0157558,0
1380.78,58.12997644,0
3655.71,73.07947175,0
8419.04,81.21417786,-1
4936.95,84.51198,0
2916.09,85.03998093,0
3010.84,85.64846859,0
6927.29,91.72067067,0
5740.21,92.04335919,0
3544.61,79.19162056,0
3578.97,82.32471145,0
4357.35,85.89596511,0
3539.95,83.79538347,0
3388.46,69.75131974,0
2750.72,71.64993332,0
2145.76,74.53176968,0
1848.48,74.76309081,0
2996.9,73.88908088,0
3293.66,79.8069782,0
3851.39,84.42974938,-1
4001.69,84.72069837,0
4253.04,77.0444985,0
1645.75,80.50793815,0
2830.83,85.01327094,-1
3174.1,85.45683561,0
2903.63,89.2888581,0
3410.27,77.1615265,0
2303.62,58.17481602,0
2425.64,60.73788293,0
1759.15,65.38871603,0
1527.02,68.70557828,0
1810.04,66.75739725,0
1634.04,68.82341512,0
2028.61,68.31584674,0
3100.95,78.9302069,0
6518.41,86.91582456,-1
7625.02,83.75734737,0
4850.69,88.81520343,0
10464.62,61.71769518,0
4391.69,64.81534339,0
3782.42,66.77915645,0
2645.93,65.82545106,0
2953.98,64.92913565,0
6527.73,76.96190678,0
7781.13,79.97602088,0
6417.28,71.87401449,0
3578.61,72.39354162,0
4011.74,75.97652803,0
3407.85,71.7579513,0
2902.63,72.58479857,0
2988.46,75.47497655,0
3965.03,77.47849677,-1
11672.36,48.93258189,0
4640.68,56.96335155,0
3370.01,60.00787812,0
4184.52,59.56425571,0
3735.55,59.28190623,0
3048.52,58.87696348,0
4022.25,60.4736927,0
5012.36,50.02518967,0
5314.03,49.13705687,0
3268.06,42.9089726,0
3381.94,43.19872894,0
2727.91,53.06841462,0
3786.08,60.41496897,0
2538.82,61.6460188,0
4624.87,70.06807569,0
3597.66,63.68013463,0
2967.2,60.88719526,0
2973.42,53.23212216,0
2398.41,61.4050471,0
4268.02,70.22367754,0
6091.28,75.50518338,-1
4222.54,73.53790054,0
2926.38,75.14449263,0
2890.57,68.78473627,0
2438.31,70.05311526,0
2055.36,70.16492211,0
3794.33,76.55977456,0
4263.49,66.09420275,0
5504.5,51.49533715,0
3436.93,63.80754708,0
3705.34,62.07902212,0
3357.37,63.84771587,0
3321.55,65.67727648,0
4567.53,68.77650904,0
4645.48,69.11002188,0
3527.91,49.94297629,0
4352.37,60.81994084,0
3209.09,57.55028097,0
3241.43,52.7787591,0
2325.54,58.16365881,0
9469.28,69.60887582,0
6856.69,77.61321203,-1
9255.21,83.95697351,-1
7401.06,88.16754394,-1
18431.42,54.94895802,0
11687.96,64.93597141,0
6297.81,71.91464229,0
6457.22,74.51264243,0
5021.15,77.28485838,0
4936.02,79.56344265,0
5597.62,77.9012115,0
5748.8,80.19343086,0
7867.31,85.43628277,-1
10881.2,83.23536992,0
15549.38,60.19572474,0
9317.65,59.23439761,0
9229.21,45.76926068,0
10590.83,37.17013674,0
23064.86,20.81979824,1
15170.68,20.20463451,0
13445.62,45.64005476,0
10423.93,41.32819777,0
8300.84,37.96915498,0
6505.56,43.82473624,0
9849.67,56.34097325,0
5911.04,55.50782478,0
6129.4,57.49593444,0
4952.68,58.56160293,0
6353.35,51.58126386,0
9290.77,44.04846045,0
4837.16,46.43479478,0
4689.53,49.14520871,0
4237.79,44.42810524,0
8728.3,29.97831422,0
8300.12,35.69706645,0
5535.87,40.55511187,0
16757.48,27.59071913,0
13981.85,35.1848098,0
11146.85,32.00758741,0
7236.82,35.00845253,0
8975.23,45.07933021,0
6913.18,46.43995679,0
7427.22,53.20789981,0
8924.98,40.88410397,0
5991.54,48.96967146,0
6670.99,52.44394372,0
7662.61,56.45610702,0
6411.08,53.84925783,0
5787.9,50.05634613,0
5048.85,51.49632353,0
3409.52,47.44395191,0
4229.71,53.64930759,0
4252.37,42.84861966,0
3630.68,38.65961997,0
3805.62,43.32029014,0
4435.75,54.37786153,0
4335.49,61.25763683,0
4129.13,51.64092291,0
3366.24,57.2259329,0
8601.21,63.04303853,0
12312.44,73.88646815,0
9764.12,70.01378628,0
6435.83,68.65650254,0
5879.37,70.74023218,0
5441.63,60.92453801,0
3740.83,62.24621246,0
4411.3,64.27827329,0
6675.82,71.18416093,0
6825.48,73.79655707,0
4751.14,69.21508812,0
4238.4,70.1941185,0
4695.52,72.30450801,0
6388.99,76.05655792,-1
4275.79,73.95641365,0
3331.28,65.93951927,0
6405.04,58.40214904,0
3348.85,61.4451481,0
2999.66,59.62720286,0
2482.72,64.39512933,0
2385.12,63.49199695,0
4822.56,72.49184563,0
3276.47,68.47149946,0
5023.09,55.54612163,0
2600.92,63.37655046,0
3350.15,56.68406515,0
6387,48.41965547,0
4407.48,39.54592593,0
2634.49,47.13494889,0
2766.7,50.59957875,0
2805.58,52.81979706,0
2139.98,50.49055978,0
1852.87,53.74607828,0
3533.94,60.15044795,0
2197.77,53.18520055,0
2714.05,48.24602304,0
2590.94,46.67456278,0
2372.99,50.33578524,0
1212.02,52.13700245,0
1785.96,55.15339649,0
3558.41,65.22025965,0
2860.2,62.73867933,0
2769.94,66.7745275,0
2684.34,70.96357564,0
1732.01,67.08485315,0
1608.39,60.78039926,0
1499.03,63.00921183,0
8431.3,85.17643617,0
6876.82,86.19733153,0
3825.71,86.91992146,0
3972.03,82.08952696,0
5099.25,84.8794211,0
4072.37,76.77026639,0
3028.29,77.0843359,0
1978.84,79.17112892,0
2366.92,79.64333275,0
15264.61,42.07849465,0
20370.25,25.9708843,1
16292.39,37.42380945,0
5873.14,44.02226074,0
5172.6,45.27309658,0
4699.44,53.62971948,0
3781.39,46.78409986,0
2395.33,52.53963575,0
4310.62,57.34997984,0
3432.32,54.244424,0
2336.82,53.88765432,0
3030.57,60.85899813,0
2488.66,57.52368467,0
3444.52,47.61659677,0
3476.15,45.98974305,0
3553.95,36.65429779,0
3985.01,37.61000467,0
7401.34,44.14023232,0
4391.4,53.91802895,0
3582.51,51.26151357,0
3084.71,44.40472449,0
2814.34,44.72749176,0
4620.07,39.40966488,0
3767.75,41.22121432,0
6131.56,58.89854574,0
4565.13,61.81566702,0
2828.57,60.61853654,0
3880.13,69.14750084,0
3042.81,66.8208466,0
2308.47,62.04873865,0
4656.95,60.8018358,0
2627.75,65.46441276,0
3514.7,53.83290098,0
2109.55,57.02841513,0
1771,60.73921293,0
5007.3,73.60134113,0
3715.69,73.90173086,0
3111.92,59.66118857,0
3863.82,56.95427925,0
2111.46,59.71315,0
2088.16,64.9273995,0
5532.42,65.39773318,0
4188.02,67.06918291,0
4195.3,69.92882385,0
8476.73,47.54476805,0
4912.97,52.39795506,0
3177.06,55.2291756,0
3607.94,56.38453605,0
3424.8,60.18430275,0
2571.88,59.95977812,0
4382.08,51.9485171,0
5289.47,43.216672,0
6076.14,62.89347444,0
6717.43,67.79967232,0
12123.82,79.5556749,0
8874.12,82.18235851,0
5692.85,79.46900132,0
5499.01,81.01591357,0
6746.63,85.48168096,0
8201.8,84.54741548,0
5138.21,86.03299762,0
5389.83,88.52458529,0
6426.79,92.04042219,-1
9770.12,71.98997872,0
4669.16,75.1758782,0
6285.2,70.75553802,0
5494.18,74.95668699,0
7771.96,52.65552529,0
8580.18,58.94631841,0
4658.07,61.58400648,0
3350.36,68.17223576,0
11310.51,75.51458657,-1
13535.11,77.0225327,0
8322.38,78.69694488,0
15542.89,87.07344653,0
15402.26,81.26348726,0
13701.54,85.44798397,0
12190.04,81.63792495,0
15944.41,64.08461856,0
9400.58,65.54017928,0
7187.4,73.64136621,0
9054.69,74.33003209,0
7318.24,70.12381155,0
5517.07,73.44182977,0
11031.52,78.44059427,-1
6663.65,80.53595301,0
13479.86,85.03965111,0
16990.48,54.36429934,0
11308.74,63.64730591,0
11078.96,68.88227086,0
11724.75,72.91917676,0
17065.7,77.91702333,0
21572.51,65.60525654,0
16676,70.84960521,0
13471.68,73.15466028,0
17655.08,59.59030164,0
10793.2,63.81030592,0
11508.38,67.3230821,0
13399.25,72.93480492,0
12375.57,75.20725854,0
12542.59,77.59580956,0
12475.97,78.90525224,0
15810.11,68.70434643,0
18315.77,56.07572916,0
12834.6,43.52151859,0
25103.16,42.14771615,0
14846.78,50.62990115,0
12883.85,51.12213502,0
7530.7,42.14474752,0
13820.5,37.71136208,0
10506.18,32.44124549,1
18177.95,31.08165727,0
12215.89,33.26041625,0
13803.72,37.69151161,0
13293.45,56.35084313,0
10312.03,47.92411122,0
10832.53,43.41894329,0
7612.92,39.25145103,0
7440.69,44.62991627,0
7832.71,46.0923906,0
6137.71,43.71997703,0
9875.03,59.29415631,0
6632.05,61.1383627,0
5926.64,63.61624773,0
7241.68,59.07734455,0
6520.18,48.52169327,0
7194.97,54.83300919,0
3817.84,51.86956519,0
5609,44.0956997,0
8268.69,40.59746923,0
4926.37,46.41407076,0
4281.39,50.95829503,0
3960.13,43.50274447,0
6002.51,40.30185971,0
7226.41,32.34885487,1
9097.93,41.73362466,0
7027.06,36.39331117,0
4401.78,47.8215552,0
3927.25,43.64913977,0
6944.49,36.17062263,0
12967.86,28.94431898,1
20759.75,19.81999113,1
15997.81,41.39554566,0
8693.6,40.5227876,0
7391.44,46.25554419,0
4725.18,47.17508724,0
7689.09,53.05999859,0
7309.83,52.82198438,0
7691.37,42.51909412,0
10930.76,32.54217238,1
9779.37,30.58391688,0
16470.27,24.52731149,0
14807.18,39.72353161,0
7182.07,37.66925309,0
7386.95,47.73264935,0
6026.01,42.66524411,0
5677.7,40.07696583,0
4711.03,45.53741958,0
5829.31,48.05699029,0
4277.59,47.72067613,0
3417.32,50.60008204,0
9789.94,68.09510222,0
13953.45,72.38533158,0
11249.58,74.91376157,0
7619.58,67.54050009,0
4190.22,70.47045051,0
5275.28,65.12063872,0
5356.6,70.58015336,0
4499.95,63.13716515,0
10529.17,44.56151823,0
7071.3,45.19506459,0
17898.36,55.1665233,0
6670.24,60.57873394,0
11061.89,69.062943,0
9345.7,72.43901177,0
12714.65,72.21664037,0
9194.72,70.12330353,0
4593.59,70.52669065,0
6987.68,76.38805412,0
4727.2,74.03234791,0
5471.17,68.742737,0
5184.84,69.09939604,0
2320,71.44236006,0
2738.86,60.9024354,0
3699.33,62.77088975,0
6924.04,57.47545531,0
5964.28,55.53317114,0
4790.33,60.98328813,0
5168.98,59.0623262,0
4125.92,54.94298087,0
5355.93,62.33499843,0
7073.25,73.84676883,0
13748.61,77.9852324,0
7914.99,75.15588595,0
6837.91,62.60502385,0
7111.5,53.25823762,0
7133.15,52.80629213,0
5723.98,59.6469417,0
5684.34,50.89844868,0
8274.78,39.96910032,0
5679.03,37.46971994,0
5433.72,48.07603088,0
3299.29,48.79046161,0
5223.68,56.70348966,0
5333.26,60.03432891,0
3671.27,59.22701985,0
3999.71,51.41787851,0
3799.81,53.96935861,0
6200.81,51.63924067,0
8158.64,68.441376,0
4291.33,56.48688867,0
5626.86,60.63194209,0
4778.72,59.76881841,0
4936.89,64.03963089,0
8199.6,68.69779262,0
5499.39,69.3134762,0
5384.57,55.64468797,0
5031.1,56.20639602,0
5347.53,61.58731683,0
6136.89,51.31965787,0
5194.81,58.4749576,0
6236.22,47.13960012,0
11295.74,32.25764984,1
6851.48,33.38882324,0
5831.67,33.33583281,0
6329.11,47.2216698,0
3502.99,44.74387813,0
3539.37,42.0842134,0
4169.18,43.69754547,0
3515.66,44.74423959,0
4567.21,43.61384463,0
3286.43,43.50649252,0
6692.33,63.1346212,0
4579.19,59.69155724,0
4925.56,55.59968389,0
5275.21,49.47758476,0
7557.82,36.89164294,0
12097.44,28.77523053,1
17522.76,23.56263699,1
8692.27,36.13402177,0
6276.79,29.89093296,0
6854.04,51.40972487,0
5096.68,44.02076718,0
5519.22,40.55014031,0
4340.26,48.58638072,0
4038.79,42.92791528,0
6759.75,36.88897713,0
4340.51,39.46746338,0
6605.88,49.35327616,0
5812.58,45.29200407,0
4583.85,44.08097982,0
3990.74,55.52823488,0
8943.74,59.29577261,0
3866.39,49.37390261,0
3913,55.23729381,0
2779.69,55.39828505,0
3731.11,59.41637286,0
4406.61,53.76351451,0
1734.68,49.56680391,0
2089.21,45.61381938,0
4710.43,44.46429484,0
5639.7,51.77282724,0
5585.11,49.81770539,0
4889.34,50.46853724,0
3526.8,42.35830298,0
5128.65,47.69388806,0
3154.75,47.58906495,0
3347.86,50.60793914,0
10201.81,74.0864488,0
10373.34,76.71173071,0
16881.97,82.85862695,0
10525.53,71.81681953,0
6026.79,74.11579544,0
4908.38,72.00733812,0
3793.41,65.21120556,0
4044.37,60.70338321,0
5010.13,67.90799517,0
6955.34,76.29325821,0
11074.85,80.29069766,-1
4705.53,81.99918883,0
5060.99,77.52995512,0
7800.07,74.43951251,0
4926.1,63.30967146,0
6054.99,58.38630386,0
5181.94,60.28588906,0
4106.31,57.33778498,0
4759.09,66.03391951,0
3759.78,59.90148839,0
3359.82,61.12818173,0
6715.72,51.07133781,0
4282.43,50.18282789,0
3144.66,51.92980584,0
2808.38,53.24494986,0
2514.71,45.11864336,0
2223.04,39.64816931,0
3524.16,35.52496589,0
2001.67,50.11029811,0
1670.15,53.74394083,0
3306.68,65.18389898,0
5091,70.96494432,0
2885.45,70.98947844,0
1996.51,72.92806494,0
2936.93,67.24228395,0
3440.91,74.8613716,0
3299.52,76.3612356,0
8896.68,84.2708635,0
6021.94,88.0642376,-1
9801.83,90.44613381,0
8642.42,85.3210215,0
3677.06,84.13510593,0
2756.42,83.11896289,0
9166.42,90.04267019,0
8060.98,87.37218325,0
4665.21,88.18645246,0
6440.11,89.68447669,0
6347.51,82.3079354,0
6650.52,70.48566978,0
6186.91,60.83585434,0
3755.3,66.30469785,0
3560.96,62.84602406,0
3349.55,58.99686206,0
3684.54,68.70957866,0
2189.4,70.92787954,0
4891.13,76.70973722,0
3037.16,63.44058874,0
3756.17,70.03447981,0
4318.45,71.7046648,0
4075.63,74.24433482,0
3916.9,62.39480009,0
3776.39,66.46791659,0
4548.16,52.89255431,0
5506.62,50.12041957,0
6449.38,37.77747386,0
4292.18,40.77354098,0
4296.32,31.30294417,0
8292.96,37.50831078,0
6192.7,41.56806517,0
3010.35,39.69954193,0
6654.14,57.48735625,0
11016.77,44.06450179,0
15685.04,27.15637554,0
16756.97,35.14974498,0
8999.32,32.17966607,0
4672.95,42.33589846,0
5045.2,47.54800594,0
3460.42,51.80937114,0
2985.02,52.26628277,0
3364.19,43.81329512,0
3403.11,52.67748524,0
4092.97,46.84808432,0
2829.11,49.75572306,0
5825.23,57.97120103,0
3938.37,51.3620164,0
5011.28,45.3177884,0
9753.79,41.61730323,0
4774.28,47.24092365,0
5294.62,41.31308306,0
4869.62,40.55085126,0
4913.92,37.64505492,0
5339.42,50.67603115,0
4555.12,47.71687027,0
3366.22,49.30667775,0
4507.04,52.65162173,0
5809.38,59.95602407,0
4462,51.53161075,0
3329.08,49.87903127,0
4206.24,51.50374711,0
5275.11,58.7895843,0
3560.92,54.3381729,0
3257.15,50.58087447,0
3042.9,43.62659473,0
3224.42,47.34497478,0
2425.01,51.45595359,0
5841.81,36.88358385,0
13061.74,24.40880065,1
14723.72,17.98906292,1
6969.34,31.24154615,0
8110.09,32.4309984,0
10479.14,28.09048706,0
7387.36,32.26906468,0
7530.72,50.13156991,0
5891.71,45.00812063,0
4835.15,45.31362263,0
6580.1,35.93623541,0
8523.97,31.04382302,1
21268.05,21.26916058,1
12122.11,28.42705329,0
8436.93,41.74513971,0
25003.81,31.1267202,0
22077.83,24.07797802,0
16523.04,45.21211525,0
7867.68,39.58790598,0
6643.04,41.46991828,0
6146.86,35.70740449,0
10626.11,33.85552059,0
7529.93,36.44792528,0
6231.02,49.9699496,0
5171.1,48.17390365,0
7118.11,55.85973588,0
4809.27,57.0949313,0
5727.82,64.21368916,0
9606.33,48.43361372,0
7000.17,50.67750543,0
9103.31,38.8794888,0
12897.21,37.11438561,0
10099.36,48.33921158,0
5478.59,47.10261161,0
7458.52,45.65046219,0
5649.1,43.95188867,0
7783.31,35.70920754,0
14992.98,36.83359185,0
6134.39,42.21460866,0
6492.7,48.7503999,0
4866.3,44.07632748,0
4315.07,41.04739096,0
7905,55.82009416,0
6682.62,55.40142773,0
4056.06,51.68601675,0
3905.72,61.45759181,0
5949.38,57.85287327,0
4806.89,48.74715189,0
2900.33,49.32898673,0
4509.29,44.24913941,0
3577.11,45.0164345,0
2984.55,46.21423583,0
6298.82,32.55737436,0
7379.14,27.6631041,1
21344.01,19.32568453,1
12739.7,30.23353253,0
13288.17,25.60992131,0
7470.51,25.06654198,0
8917.85,28.21986647,0
5486.39,25.72542424,0
7079.67,41.4536689,0
5449.36,40.01521872,0
5331.93,43.78171411,0
7714.14,31.2084595,0
17792.68,23.71802514,1
17348,18.79275009,1
37847.38,23.47459282,0
22178.93,38.00648632,0
11429.41,29.16805745,0
11430.32,23.54697191,0
33984.52,21.2490686,0
15674.26,23.8972465,0
13056.52,36.50338794,0
13123.2,43.46667302,0
11358.98,39.14462413,0
8844.94,36.3512877,0
32184.05,21.29379954,0
50801.58,22.24964564,0
32796.4,40.71090376,0
22851.15,38.19296894,0
14007.46,41.18431881,0
14272.03,49.79827877,0
14765.01,47.0789422,0
17907.58,61.48346072,0
13457.64,56.69747147,0
13438.92,66.46746605,0
18716.43,49.59635777,0
10492.39,50.47947492,0
5757.46,52.15817373,0
6591.6,54.71531543,0
6216.35,60.98276771,0
6157.42,57.37222639,0
7702.6,48.81816662,0
7893.22,49.97397998,0
5950.38,53.57735625,0
4843.12,55.71769384,0
4641.84,59.36707219,0
5765.77,63.31584201,0
8260.48,69.26017627,0
8667.89,63.34702921,0
6967.55,64.51845709,0
9169.13,71.12589782,0
13074.56,55.3746807,0
7536.56,61.72930354,0
7690.37,56.74799388,0
4429.75,53.01974833,0
3804.39,54.79814227,0
5592.56,60.00542194,0
4876.88,62.28042592,0
6526.23,50.28638702,0
11562.15,40.79269283,0
10908.13,38.21936109,0
8438.5,31.49497305,0
12455.33,24.03955502,1
9407.06,39.88298209,0
6467.61,36.40290063,0
4274,43.10041217,0
3992.69,47.88264442,0
4331.19,41.87804119,0
3805.92,46.53555209,0
6412.35,36.18942913,0
11810.61,33.20339778,0
14791.37,28.7902646,0
13691.88,26.43698499,0
9946.33,41.70112143,0
8828.42,48.13954973,0
8396.45,40.46359645,0
5794.77,43.30470211,0
4002.35,38.94868914,0
6534.17,36.81548398,0
6550.42,34.71674287,0
7171.03,49.4956632,0
3466.62,45.4900345,0
4366.11,55.430736,0
6574.05,61.25253916,0
5705.76,58.96435862,0
4042.32,57.7553708,0
5120.66,47.34374866,0
3427.29,46.1551733,0
7539.23,58.88460242,0
2871.8,56.66693339,0
5344.66,57.67356601,0
3553.34,60.32167743,0
5439.37,66.22268298,0
4187.52,56.16763409,0
2514.54,58.36168378,0
2787.65,62.17680343,0
5673.96,69.49593841,0
7050.79,48.32547991,0
9149.16,42.60066463,0
4364.83,50.21473042,0
3341.21,53.40451767,0
4235.76,51.31425493,0
4008.53,56.70635076,0
2145.55,56.54852529,0
4943.53,46.09397022,0
3553.96,47.74512985,0
2586.57,47.51084232,0
3888.09,51.97615594,0
3097.35,54.39872931,0
2361.9,51.44654902,0
2101.5,53.74476863,0
7539.8,72.84669776,0
11133.45,78.49287038,-1
12975.24,80.64402994,0
7096.35,83.89842927,0
5010.7,78.36509971,0
3908.28,63.92152013,0
4780.75,70.01358759,0
3632.28,65.28935119,0
4978.88,57.94237454,0
6025.86,63.07881735,0
5455.94,64.88193645,0
10086.15,75.29609842,0
7270.43,73.27430561,0
9652.48,77.2038191,0
7358.27,64.76564507,0
4275.26,63.29958408,0
4204.48,67.68162629,0
7785.72,64.68203252,0
4150.56,67.19524604,0
4369.02,59.66190523,0
3885.46,60.01141668,0
3684.78,58.61377207,0
4120.84,65.21964522,0
2684.72,60.49210979,0
2526.79,61.92727346,0
8990.75,75.78896245,0
3745.55,76.4598177,0
4560.05,76.27626073,0
5524.63,63.86743749,0
3771.47,56.69890293,0
6508.29,45.58128163,0
7104.1,37.92435107,0
3761.1,41.61258325,0
3290.2,52.23078984,0
4130.26,47.18257722,0
7642.71,31.88880646,0
8028.79,33.1086011,0
11380.83,23.10527958,0
11538.69,30.22359869,0
7580.95,34.2461507,0
5994,30.59232523,0
7212.43,28.77334664,0
6128.54,46.89632345,0
5463.38,50.11360779,0
3331.86,53.39969374,0
4206.83,46.03497499,0
3051.69,54.54774487,0
14610.2,29.55029698,0
17546.11,32.06049875,0
9748.81,32.91338113,0
13582.17,24.50111781,0
8889.26,27.98137322,0
6510.88,36.9676201,0
4645.04,39.04631197,0
3766.49,40.76249909,0
6850.58,27.89397373,0
8643.75,38.66495647,0
4832.25,42.95127012,0
4885.39,45.2460198,0
6039.82,49.00054864,0
6440.22,47.67832234,0
7138.29,40.74208951,0
6613.21,46.25413896,0
8543.4,33.01503186,0
6341.94,44.51213312,0
4330.73,44.17289597,0
4966.33,45.65159069,0
4359.58,49.32642933,0
3824.42,59.49063986,0
4206.95,56.23806872,0
3996.3,57.49719179,0
8919.51,70.78259455,0
4128.55,67.697236,0
4179.02,65.09697176,0
3402.15,67.88024928,0
3739.01,66.52394901,0
5686.6,52.31258299,0
4675.01,50.70171617,0
5379.4,40.20531607,0
7983.6,33.27560602,1
5393.26,47.27212773,0
5441.91,43.64616063,0
4990.02,46.07466165,0
4929.98,52.98166662,0
5798.16,55.00473264,0
5911.72,60.26090681,0
4071.75,56.29664715,0
3988.62,52.94557592,0
3770.69,58.01105675,0
5255.13,44.98732092,0
5380.55,42.31637124,0
3568.18,50.95822869,0
4080.19,47.6529443,0
6568.96,44.00127605,0
8805.5,28.46884515,0
18575.44,23.08346361,1
8548.92,25.31728048,0
8278.7,18.79586593,0
5127.36,36.0324867,0
4870.06,35.69817288,0
5137.53,43.68226574,0
4137.59,38.86678014,0
4573.74,37.37661885,0
6602.81,32.25715226,0
3516.86,41.08084401,0
9645.61,28.35042757,0
14797.52,25.98462367,0
11805.31,25.36999846,0
7332.04,24.40769372,0
11376.64,18.64600711,0
10418.26,43.40271089,0
7583.94,41.33994187,0
8190.25,53.20081245,0
5286.11,47.2851931,0
3362.88,46.90314685,0
3253.1,45.94844732,0
4270.91,38.03522432,0
6510.13,52.02621242,0
5602.64,51.79683041,0
5434.29,59.24024251,0
5808.22,51.61913064,0
3733.13,49.63970371,0
2989.99,44.10727535,0
3607.95,40.71239471,0
2683.81,51.25101856,0
3659.42,42.73053358,0
3776.44,41.24297473,0
3346.63,51.71503597,0
3829.7,56.30063286,0
6194.11,56.37001452,0
4234.26,57.77025249,0
6366.98,65.20518067,0
4667.09,63.24111967,0
14764.17,77.05899111,0
5507.77,74.00837356,0
3111.88,68.97606167,0
2550.78,70.90370527,0
4870.32,74.89415639,0
2864.49,68.19012435,0
2516.67,63.88259358,0
2639.84,60.21465005,0
3936.05,50.32652904,0
3900.16,39.84258784,0
3028.41,42.50864742,0
3246.38,44.97162446,0
2931.72,52.92152617,0
2076.65,49.62675388,0
3415.37,61.12193974,0
2518.42,52.51866877,0
2959.99,45.44602087,0
1971.74,51.59651127,0
1352.22,49.68785227,0
5043.31,38.36738158,0
2683.49,36.32037016,0
4787.08,31.84903443,0
5714.49,41.6705727,0
3519.08,42.86377293,0
3163.67,35.48671306,0
2139.56,36.61731816,0
2929.13,42.01626006,0
2587.21,49.92044208,0
4225.21,56.87646047,0
4428.51,61.50818047,0
2711.83,58.83587284,0
3176.66,53.06315391,0
6041.6,68.96133968,0
4439.94,58.82965565,0
6108.07,54.02690095,0
4863.58,44.4353151,0
6502.12,36.69867853,0
3663.51,38.63170579,0
2639.68,47.72215056,0
2100.24,51.01314756,0
2785.73,52.43439109,0
3527.23,57.99763119,0
3053.97,63.35607863,0
2388.46,57.24118642,0
2644.26,58.65632906,0
6635.42,71.50289517,0
4376.15,62.69526732,0
4167.49,57.78381896,0
4148.05,54.71419128,0
5379.1,63.15659223,0
18856.03,79.19986398,-1
17704.12,82.03390426,0
9793.59,82.2169438,0
5610.72,79.3404421,0
5128.26,79.91463146,0
5175.79,73.5247604,0
4389.08,75.70954225,0
3348.57,76.326974,0
5331.38,80.80509082,0
5610.95,67.98714856,0
3646.24,73.9918538,0
2701.65,73.12370401,0
4622.55,79.67759815,0
3970.48,73.25303044,0
4008.28,62.54756531,0
5631.98,49.10881801,0
6225.08,44.09575073,0
3583.56,51.37897059,0
3248.61,42.02981756,0
3380.47,53.97340283,0
5098.5,52.09598465,0
4182.04,58.85871187,0
4791.69,59.71891952,0
4573.28,50.05783387,0
5514.5,45.33536896,0
4818.06,44.37544447,0
4711.65,54.62981301,0
4362.43,57.26767679,0
3622.65,48.06191543,0
5172.12,59.2895934,0
5177.1,57.46899435,0
8459.66,65.37071949,0
5757.97,59.55642225,0
3761.5,52.7729224,0
4527.34,45.75819505,0
2475.64,44.58259498,0
4075.93,44.68626164,0
3545.27,41.05319124,0
7746.87,25.6185681,1
3506.54,31.65439645,0
4086.51,31.92523519,0
4146.64,38.69727753,0
5993.72,33.17682104,0
4466.49,43.29740378,0
4793.24,45.46110304,0
6037.56,41.83122898,0
1080.52,37.94584488,0
0.1471,37.94584488,0
5032.48,58.42337039,0
7054.44,65.51589349,0
7322.48,58.40581861,0
4338.17,60.72226896,0
3507.43,65.56575285,0
4075.18,69.72851577,0
3247.57,60.63652941,0
3053.2,61.9083833,0
4676.71,63.81160352,0
3617.6,52.94263705,0
4311.55,52.19008802,0
3540.43,58.37538304,0
3158.77,52.48485098,0
2824.69,50.88484557,0
6551.59,73.80317855,0
16467.64,81.16891275,-1
8549.74,83.76042627,0
6364.84,83.99042399,0
4374.7,71.50489003,0
4121.34,74.55589615,0
4579.18,75.42643669,0
4268.09,74.76109842,0
8532.88,80.43485749,0
11402.88,82.16998461,0
5800.09,82.46756234,0
5404.63,83.24275176,0
5336.7,85.8186229,0
8415.68,88.37355356,-1
6071.17,90.60366927,-1
7289.33,87.29108398,0
5969.4,85.17793111,0
4057.56,87.10456104,0
4681.93,54.85283074,0
3330.78,54.60177122,0
4457.82,54.35329178,0
3560.1,58.35671497,0
2455.08,54.29021983,0
3329.24,49.16221275,0
2531.66,44.24833411,0
3268.04,41.04773308,0
2961.22,60.5047563,0
2922.57,50.67131648,0
3198.93,40.41073409,0
3564.37,39.60304295,0
2914.37,50.87701663,0
2939.1,56.42086864,0
4196.55,66.44213485,0
2965.01,67.03333819,0
3885.71,60.23723628,0
2201.22,56.66537461,0
2137.42,62.34265008,0
2167.85,61.23322823,0
7431.9,70.2639236,0
2801.96,72.40005939,0
3848.37,61.66262311,0
3297.61,61.92850104,0
3006.92,48.58749627,0
3019.46,44.84726557,0
3332.9,39.0759392,0
3192.63,38.31801568,0
3453.63,30.98011243,0
2660.69,50.97036471,0
2190.33,52.63649793,0
1894.43,46.22915927,0
2016.64,50.87981108,0
2062.63,45.2835649,0
3246.47,38.18754527,0
3828.43,35.98852804,0
2139.52,45.24788885,0
1925.88,40.73607153,0
6591.54,28.06132048,0
7364.84,22.38937842,1
6360.4,34.68355653,0
3079.79,36.44137962,0
2653.17,39.12806657,0
2553.31,41.61428041,0
2767.35,53.88641547,0
2519.83,42.90202057,0
4134.68,34.83839434,0
5345.89,33.18442709,0
4632.37,35.21703877,0
6208.25,26.31665558,0
3389.83,29.0386774,0
4250.44,40.70351241,0
2499.36,39.10224645,0
2757.27,43.2579406,0
4445.58,29.22271453,0
7411.46,23.14332406,1
4833.6,31.61342159,0
3111.97,39.35471422,0
3186.3,36.34282837,0
12225.76,24.40263679,0
13968.57,18.70878916,1
11775.57,22.08842015,0
8971.38,37.45300019,0
6929.72,36.61892145,0
6125.57,41.64294441,0
4764.49,47.84858747,0
6882.57,42.9924797,0
3291.61,41.53251038,0
6085.09,34.34690629,0
5227.27,46.54483888,0
3822.19,55.02055795,0
4428.19,56.41637108,0
3166.78,55.59265992,0
3538.68,56.04841889,0
2188.81,59.9900553,0
5544.9,45.38663092,0
4205.52,42.98011983,0
2473.1,51.20716811,0
2676.36,52.42730198,0
3448.49,40.04617791,0
6841.32,32.34407594,1
2094.14,41.51140906,0
1862.05,40.06852443,0
5462.09,26.59326763,0
6932.26,40.92342794,0
6102.23,45.75711651,0
4308.23,53.98408358,0
3758.54,53.91125456,0
3578.73,48.28854571,0
3959.27,46.15042931,0
3370.87,47.07116194,0
3503.31,38.87346013,0
4756.74,35.54869243,0
7708.95,36.43521618,0
9350.97,26.81918689,0
5371.42,31.13674639,0
3359.98,38.00467421,0
4648.52,32.79962598,0
5123.34,44.87427605,0
4858.93,38.90037612,0
3752.23,43.07661875,0
4568.26,37.8263983,0
14422.58,23.46871603,0
7695.28,36.60459195,0
4497.61,38.51937638,0
5250.94,46.2672181,0
4374.66,42.10904072,0
5226.39,41.41051259,0
5597.73,37.8278311,0
14234.3,59.84792822,0
9439.38,61.66775647,0
4471.5,63.82664347,0
4808.07,62.00576782,0
4141.72,54.90999232,0
2959.56,58.48476959,0
3606.14,59.76536535,0
4642.96,59.62565634,0
5902.35,71.94963979,0
5637.34,59.45931658,0
3737.09,52.5146172,0
4131.55,43.78235192,0
18578.15,24.66757975,1
24013.03,25.64384657,0
12666.81,23.2776399,0
6950.64,32.29448469,0
6900.06,40.61911063,0
5888.61,46.1751779,0
3624.29,40.58440579,0
4234.05,35.19675267,0
6537.87,41.83640327,0
5785.25,52.50545421,0
4385.15,49.62553332,0
6809.13,55.15034599,0
8710.69,56.61671316,0
4064.98,54.02720858,0
5020.54,44.59276345,0
3803.23,48.05116903,0
7312.7,37.99446812,0
6085.61,40.6026151,0
4554.74,41.16371774,0
7055.5,31.019511,0
6965.7,39.26829649,0
7620.7,33.87088904,0
6220.76,47.74896505,0
4473.93,49.12469172,0
4372.17,55.39780519,0
3564.02,57.4177499,0
5502.13,52.58348345,0
4049.91,57.74918757,0
3249.5,53.40553243,0
3109.56,50.55764946,0
3680.34,47.53152486,0
5289.67,64.62531597,0
6373.91,64.9067404,0
4400.72,67.26739088,0
3659.14,56.73081419,0
3594.12,58.60560358,0
6065.7,44.72347502,0
4511.78,42.02526609,0
3257.33,44.41815768,0
3006.02,40.03429065,0
3689.65,54.2239297,0
3908.85,59.74843019,0
2829.59,51.20294116,0
2907.2,46.81721626,0
2731.92,54.64956377,0
6025.83,66.35887154,0
4713.96,66.34254235,0
2704.33,65.11499898,0
3000.21,65.84505563,0
2577.83,62.3495922,0
2890.77,66.84666316,0
2490.49,65.66291804,0
3287.87,72.53328717,0
2648.99,62.3227609,0
2681.68,60.58824389,0
2103.56,61.28356024,0
1926.04,63.24526422,0
2978.91,68.74257002,0
4245.55,75.2098639,-1
4267.35,63.49623187,0
3855.98,52.84987147,0
2791.27,53.7868246,0
2649.41,56.39095547,0
2373.87,53.21745655,0
3335.94,39.63401759,0
1939.12,46.64192149,0
2149.14,46.9520434,0
1862.9,58.51298102,0
1801.91,48.16770897,0
2033.75,52.2483406,0
2057.4,56.54214256,0
1743.01,49.26758198,0
1052.53,48.72719518,0
4801.29,29.02639667,0
5513.99,26.52492408,0
2315.3,30.97687757,0
2025.62,26.77483912,0
2104.44,24.07934179,1
5318.72,20.84808805,1
2221.76,20.34941704,0
2965.69,19.26319713,0
5208.11,12.98763989,0
4113.47,39.37538151,0
2386.16,37.59994374,0
9115.89,26.48715773,0
4708.38,35.15492103,0
3507.38,43.93966788,0
3582.22,45.55604036,0
2471.66,38.75807205,0
4004.69,47.05565034,0
3075.53,41.64164471,0
2444.55,52.03053575,0
2764.63,53.66517321,0
2621.16,58.86561449,0
3076,52.35396975,0
3069.27,46.30458611,0
2641.11,47.65764243,0
2402.12,53.6723574,0
1991.41,52.64640824,0
2877.44,61.31566388,0
2435.71,52.08433335,0
3111.88,50.5575413,0
2845.82,55.51457714,0
3032.63,61.02752793,0
4453.15,61.5110816,0
6563.88,76.2062823,0
5979.69,76.89635877,0
4946.29,71.7572877,0
3856.79,67.16877322,0
4008.83,70.29789365,0
2985.64,51.70518137,0
2913.7,51.83791285,0
3393.74,49.43374819,0
3065.93,39.21217914,0
2862.94,52.38077328,0
2136.01,45.63659114,0
6819.5,36.22204271,0
11002.42,26.02421621,1
15037.49,22.23524249,0
9633.37,29.1691109,0
6632.8,23.20962745,0
4444.66,28.52429218,0
3596.77,35.61376332,0
2709.32,37.676664,0
9817.1,21.71521779,0
28358.5,17.37710508,1
20026.85,11.75026409,1
17045.43,24.61971733,0
10911.36,39.41550177,0
11025.78,34.67951541,0
11669.1,29.62690289,0
10897.34,37.16806507,0
9338.81,45.10949672,0
7821.43,40.0193159,0
15731.65,31.05536624,0
19279.51,34.69090471,0
12353.07,36.04300083,0
14217.73,29.89053845,0
25734.09,25.36755188,1
30470.43,39.60948239,0
17948.86,42.62721823,0
17393.59,38.36892331,0
10398.44,42.40191466,0
10195.12,37.3091214,0
13627.37,35.48186421,0
10217.39,42.6671559,0
7204.82,42.05705382,0
7662.06,45.72135626,0
6928.42,43.88731067,0
10312.78,37.18635714,0
9633.66,29.41477117,1
15924.94,22.25599429,1
18035.99,27.86518206,0
11898.4,35.72500183,0
9463.89,29.943982,0
28173.49,22.86305384,0
29376.01,26.42803651,0
21132.39,49.52441832,0
16419.8,44.72475007,0
9276.85,39.73596353,0
14100.35,54.10640697,0
18032.13,60.6833612,0
19886.6,66.30396133,0
19649.27,59.31872997,0
13689.2,60.63558696,0
10254.71,62.44978781,0
11447.56,65.90333566,0
12467.31,69.33983127,0
9248.35,57.85794891,0
7847.94,52.17963412,0
9301.25,49.91683237,0
6151.65,54.14765598,0
6974.49,42.37009735,0
5848.93,47.25718649,0
7408.68,55.87690708,0
4431.57,57.48215979,0
7609.28,62.25969492,0
11431.84,64.43256149,0
8179.61,63.95812207,0
6856.61,68.88026643,0
13979.38,69.79838181,0
9873.14,57.00591968,0
7350.84,48.18626072,0
7663.13,58.35097213,0
5776.28,58.88123121,0
6196.23,59.20750063,0
9023.13,49.81437304,0
10925.56,41.13069064,0
8672.97,39.49257402,0
5101.94,48.87608974,0
4192.02,46.75776666,0
8119.39,35.01115708,0
7560.09,40.12777448,0
5568.48,48.15033491,0
4887.86,49.33639357,0
4346.78,54.50366675,0
3896.5,46.85456454,0
11060.34,60.12481931,0
3887.42,57.81610844,0
2813.09,60.40620026,0
0.1806,56.44534821,0
0.7061,56.44534821,0
0.6968,56.44534821,0
4139.78,49.71850627,0
4505.57,52.48520397,0
3850.83,58.55622308,0
7964.43,39.8252225,0
8401.95,39.24454055,0
4738.79,39.27385237,0
5355.16,47.69281033,0
3778.45,45.29835093,0
2852.36,40.89259546,0
3864.13,56.42771505,0
3812.17,59.09655938,0
4014.84,64.34713923,0
3404.98,65.22986862,0
4635.85,67.15080697,0
9646.88,81.87303124,0
14724.68,86.56000602,-1
8287.14,73.76248636,0
4843.9,76.84208377,0
5338.35,79.45240132,0
4307.88,66.67453566,0
3456.87,68.49706708,0
3536.79,55.87467044,0
3315.88,61.21486329,0
3834.59,60.23264581,0
3775.75,63.61085997,0
3241.7,61.28003297,0
6325.06,69.95729573,0
6117.72,68.59809042,0
6071.02,72.74211362,0
5054.19,60.36338362,0
3050.98,61.40939785,0
2326.34,65.76866668,0
2879.23,61.74522328,0
3082.86,56.21066076,0
6546.57,38.01305754,0
4027.08,45.68934177,0
3097.64,48.15534327,0
3460.17,45.30488852,0
6056.53,35.89731119,0
7785.35,31.80441426,1
5394.27,28.47549759,0
9110.2,26.73465685,0
5203.85,25.75677503,0
5994.86,21.35654485,0
3435.67,27.7690328,0
3847.75,48.71056783,0
3730.43,42.54609349,0
2812.08,43.68106433,0
5966.05,33.74717993,0
6172.66,27.94412071,1
11199.49,23.3248117,0
7592.75,29.88916298,0
4206.65,33.99819199,0
4259.98,33.62529396,0
7178.8,24.05991303,0
5606.48,36.90079516,0
3741.84,33.1109616,0
4000.76,47.77631273,0
4220.77,53.92495498,0
3250.54,44.25384185,0
5242.02,49.76974165,0
2886.25,47.82895036,0
4543.92,51.97388137,0
3602.27,46.19113195,0
2908.6,52.30279931,0
4682.68,57.54217004,0
5019.7,56.78869123,0
3675.58,57.76782281,0
2560.69,55.7541263,0
5028.24,36.08597629,0
4959.89,37.10046256,0
20637.51,21.55485041,0
11429.32,23.13763844,0
11044.74,19.15907135,0
9451.94,25.99473818,0
6852.89,29.29112351,0
5501.79,26.34774392,0
6528.58,34.56028259,0
7831.18,29.37493677,0
15541.63,28.41015339,0
10668.9,44.77598748,0
7654.56,49.92262623,0
6558.58,49.68662129,0
5174.21,45.27436484,0
4123.46,49.89596676,0
4669.42,54.56555445,0
4704.61,41.96236295,0
10051.22,35.30957256,0
5629.95,32.85172499,0
5590.09,31.65022097,0
7718.9,52.49438923,0
4525.73,43.59949904,0
5532.38,38.93436601,0
11142.67,34.44241577,0
8165.59,37.48014181,0
5841.76,42.54901213,0
5717.14,48.98966987,0
7758.18,61.37056193,0
14889.87,74.21236322,0
7772.65,67.0168448,0
5567.23,67.92096,0
6772.62,58.84971576,0
5932.8,62.32708624,0
5200.16,56.00862333,0
4223.49,57.47702769,0
5606.55,48.79437082,0
6264.11,40.50438648,0
5124.08,41.24648714,0
5011.67,47.83007656,0
3458.96,51.40468546,0
5791.47,43.9810009,0
2418.18,43.68679418,0
4901.38,57.64317578,0
4590.73,57.74426525,0
3070.97,52.88073784,0
4083.36,61.17841502,0
5019.9,58.37808731,0
5181.46,60.27484996,0
8807.58,70.14576095,0
5521.01,70.6422424,0
8704.43,68.13941627,0
5155.69,52.84662564,0
6312.74,51.59212248,0
4612.99,54.68826583,0
3840.52,49.73851436,0
3653.23,59.83394635,0
3755.45,56.23621504,0
3734.91,60.21088389,0
2536.01,51.21824666,0
4255.6,65.57761451,0
3473.36,59.00554231,0
5935.92,64.28343503,0
7178.35,68.9478502,0
5395.31,72.01804696,0
4455.11,59.19334422,0
2366.79,62.82447951,0
2634.9,56.97890075,0
3115.6,53.84690344,0
3731.05,45.71852785,0
3320.07,47.80836401,0
2470.58,47.85283642,0
2711.92,38.47758963,0
4248.84,33.90161726,1
3525.88,46.60677075,0
2409.21,43.68414231,0
6177.43,32.99927769,0
5450.88,30.56718284,0
4814.95,38.2110256,0
4404.12,54.72630469,0
2975.31,52.40729671,0
4341.99,54.79372658,0
3601.87,53.89865348,0
1993.46,47.63142727,0
2585.77,45.66048448,0
3776.28,61.87085741,0
2742.29,55.74960109,0
6842.87,68.63966796,0
3226.92,63.50362972,0
3114.67,59.16589249,0
2150.22,51.4646667,0
2577.94,53.53617219,0
6353,36.03159426,0
19393.3,27.03188343,1
14307.23,21.46162377,0
7883.47,24.87489817,0
5825.74,24.6634621,0
5603.54,32.10795699,0
8702.43,29.07661715,0
6342.49,45.43576386,0
9561.79,55.837973,0
8936.34,57.69992746,0
4702.52,60.30999892,0
3414.24,52.77301956,0
3476.6,48.21323899,0
3236.96,50.64587658,0
3579.92,45.9841852,0
2545.98,41.13682267,0
4055.15,57.20098346,0
2824.64,57.57443044,0
2430.43,50.33971395,0
4894.87,57.65477777,0
2681.96,51.06263667,0
2025.33,52.03266316,0
5894.56,62.50024116,0
5905.6,65.53734647,0
3475.46,59.0082281,0
2760.79,55.06809489,0
2331.97,60.81694609,0
2230.37,57.1376095,0
5888.68,40.99200911,0
2966.21,41.17160135,0
2274.22,48.38886546,0
1946.72,46.15336843,0
9551.05,68.61593493,0
6228.61,70.23395727,0
5042.35,62.42146771,0
2187.73,62.43481995,0
2560.82,64.78827896,0
5193.35,66.15741393,0
3119.26,67.92291604,0
2882.07,60.91103904,0
3577.52,56.64943567,0
3338.85,61.12075706,0
2278.96,57.17233747,0
3088.2,54.94567402,0
2096.07,58.52440046,0
5619,74.02996011,0
7469.77,76.35974873,0
5235.1,82.32098628,0
5326,64.54746079,0
2821.28,65.58030073,0
3766.24,63.29684501,0
4635.76,55.3922576,0
4142.18,62.05304636,0
6391.42,45.85757258,0
3993.79,51.19735322,0
3540.13,48.38512138,0
3265.07,48.41447418,0
3110.26,54.17655225,0
3414,51.52320468,0
1821.75,48.3269604,0
2333.82,55.20021521,0
2861.22,58.37624694,0
2517.63,62.19386381,0
2284.14,56.11625307,0
2566.85,52.45382492,0
3353.15,54.37581663,0
7893.09,30.41478532,0
4033.6,32.87899175,0
2518.98,32.78117239,0
2860.13,39.18627214,0
1484.79,36.85994522,0
4686.88,26.46205122,0
3516.13,22.79391393,1
4847.65,31.34162139,0
1759.16,31.11101768,0
2135.01,36.37159301,0
5053.6,26.41179792,0
2733.82,25.69084537,0
2720.67,38.68415673,0
3630.67,39.78204046,0
2656.99,46.21097425,0
3280.83,43.98507621,0
2876.86,46.53738065,0
3452.5,45.35585426,0
3054.66,34.37287279,0
2596.05,39.31758013,0
2568.83,47.07002124,0
3633.97,31.95538563,0
3366.79,43.84596547,0
2465.53,42.95993254,0
6365.62,26.85434001,0
3493.61,32.75727136,0
5597.47,31.71462859,0
3004.32,35.71426648,0
2168.73,36.91117798,0
1612.49,33.69479291,0
3187.92,46.73463944,0
2124.47,47.9990006,0
4613.35,35.07044073,0
3193.11,37.60974431,0
2991.87,43.27049124,0
2217.52,38.8501881,0
14570.67,20.21811752,0
8887.56,22.67070652,0
11592.37,16.60644407,0
6350.5,22.76170189,0
5757.7,18.95749029,0
27877.11,14.63116074,0
17209.48,34.91936563,0
7917.4,29.10816988,0
6783.36,34.98215687,0
6599.5,37.71369666,0
7492.46,33.0135418,0
12130.9,25.04943665,0
14625.77,30.08986815,0
7256.35,43.06238706,0
5032.09,38.10519538,0
5507.1,35.6949075,0
5829.11,39.43579186,0
4799.28,47.17362366,0
4008.02,53.77376933,0
3952.43,51.27137494,0
4045.59,47.19560731,0
2829.05,51.51531233,0
3689.86,56.35000275,0
3126.28,59.87562207,0
4666.63,45.30692687,0
6248.28,38.44792861,0
5111.1,41.39727952,0
6278.46,43.38152307,0
3510.71,42.27260193,0
2750.84,43.31457676,0
3055.41,46.81230814,0
3334.27,52.43786409,0
3367.39,46.56404406,0
3318.55,53.64967565,0
3787.71,60.36510649,0
4059.68,58.01534168,0
2657.02,55.90658678,0
2838.21,54.90736037,0
4477.01,39.90165192,0
6077.72,56.58523506,0
2370,58.62788667,0
2145.62,50.2593786,0
2547.77,47.28038929,0
9154.42,35.26977253,0
9449.19,22.67828079,1
12294.1,19.53762427,0
5370.69,25.69958661,0
11011.94,21.94231776,0
15595.93,18.22785659,1
11580.68,28.54050464,0
8338.43,25.57587914,0
17421.24,19.67070613,0
9954.81,21.09039266,0
6229.7,21.16110123,0
16329.77,17.07332923,0
26552.15,42.51895763,0
11804.71,41.30134385,0
5917.98,34.42114721,0
4741.37,38.97368176,0
12050.49,28.90373778,0
14272.35,26.82701565,0
7633.94,40.29521705,0
7553.44,34.77223757,0
7845.16,33.9108812,0
8218,31.37326626,0
17077.09,30.10828402,0
8580.99,27.38176786,0
12392.05,22.80599409,1
17927.4,24.71650188,0
13767.92,19.60089469,0
18552.36,17.4893884,1
40159.7,31.0106987,0
36930.15,58.40586127,0
23208.27,51.5450673,0
12743.31,62.36167361,0
12809.6,65.15022724,0
10893.04,49.33134427,0
8384.33,45.45078808,0
7925.68,46.84694901,0
5670.54,45.74188946,0
5247.38,46.12113357,0
6862.95,54.56134566,0
5892.07,57.49045918,0
4589.9,53.05332888,0
5160.76,45.41372378,0
3207.57,41.39615237,0
12579.79,32.92986942,0
7089.65,40.4701657,0
4392.46,43.04820937,0
5674.15,53.73728886,0
4229.92,53.81581209,0
6369.24,64.58889004,0
5216.64,62.54922231,0
3224.54,55.76716833,0
6025.46,66.48895121,0
5203.14,66.15416842,0
8631.76,72.76721783,0
9171.04,75.67397097,-1
8767.84,64.42750711,0
6754.65,68.10555035,0
5035.71,60.16823675,0
4267.93,67.38624857,0
4755.43,62.02389109,0
7465.63,59.29504225,0
4403.07,52.08863179,0
3487.9,48.8488008,0
3522.6,55.78622078,0
3896.79,46.6712318,0
3584.72,40.55057826,0
2812.95,48.22508215,0
2803.97,55.5275012,0
3147.14,48.65718985,0
3736.91,57.72531356,0
4815.61,57.23962647,0
2291.65,52.84751489,0
2913.54,46.68596643,0
8884.71,35.0524271,0
5861.59,33.77759964,0
5533.02,30.41319655,0
11501.87,32.25586897,0
4973.1,31.07490428,0
4949.89,28.05840142,0
9232.45,20.17954218,1
9871.97,26.65705338,0
5866.66,27.91697725,0
6210.97,23.4376057,0
9458.91,19.42442835,1
28521.52,17.08346251,0
10609.29,16.30534442,0
7579.03,44.08376969,0
5551.24,34.82550777,0
4318.51,38.03276013,0
10781.88,32.53142655,0
6990.21,30.80228811,0
5866.58,38.53541821,0
5836.07,48.07854852,0
3830.76,43.40452436,0
4233.52,37.01235708,0
6626.46,33.48320586,0
10291.56,27.45762812,0
11432.83,33.54329255,0
12304.54,27.01345741,0
13967.66,23.70726261,1
11883.37,34.76225142,0
7180.8,32.74330163,0
22896.04,23.99284583,0
23451.89,24.78647157,0
11007.37,22.7497588,0
16755.17,17.7328968,0
29943.64,15.60531083,1
32348.8,11.94064789,1
40149.63,41.4167282,0
19848.69,39.72456793,0
13738.91,32.06853363,0
16145.74,36.57266342,0
12653.09,39.66624785,0
23871.14,27.52432477,0
20886.51,26.10670025,0
22322.35,25.22946094,0
19375.28,21.06167078,0
35057.59,38.83972232,0
17912.12,33.89346231,0
20838.54,28.79793144,0
19823.43,34.68955245,0
30811.38,52.2971261,0
19989.37,46.62420232,0
14887.56,47.73821387,0
14971.62,53.95967175,0
24946.21,64.36402445,0
23801.27,65.01208197,0
27021.68,67.24444564,0
20977.64,60.13349762,0
16153.82,55.51578706,0
12116.47,60.68431329,0
20442.84,68.90123087,0
27529.61,68.55524179,0
25489.53,73.64850017,0
12519.96,67.16445358,0
11485.36,68.5496953,0
13364.31,63.48439225,0
9172.5,63.96306797,0
12234.18,50.57798456,0
11727.79,46.80978473,0
9080.44,56.41705978,0
7731.41,54.25696145,0
5012.73,56.12313316,0
8324.38,64.7878035,0
10419.06,61.41043102,0
13700.7,70.94143535,0
15726.87,76.17826245,-1
14880.75,76.60071089,0
12045.1,79.27811571,0
17429.5,74.43770464,0
14511.32,71.3894298,0
10257.94,67.60859671,0
12313.25,54.54734484,0
10666.28,66.88237123,0
9108.95,61.81124555,0
7267.25,56.73858322,0
10030.44,56.98960705,0
5185.04,52.74937561,0
12918.23,40.05063808,0
18343.57,30.82432938,1
11645.38,39.09819212,0
9415.21,47.38033981,0
8595.47,54.56759495,0
6175.6,51.91837414,0
6101.01,59.32209344,0
5143.64,50.52838264,0
5936.79,52.18515758,0
7292.85,63.79148636,0
6979.93,59.33923063,0
5844.35,63.17627801,0
13985.6,70.08356844,0
6769.57,65.07405091,0
9551.04,68.86704611,0
5962.19,59.78843805,0
9070.35,58.20689658,0
8858.52,47.54964176,0
9862.5,50.85488064,0
8635.38,45.68104701,0
8649.31,47.39069688,0
8882.28,57.82698285,0
5064.86,51.8410887,0
10809.07,44.8253859,0
8106.1,48.12591178,0
5704.38,48.46093599,0
15122.95,33.41538015,0
11000.07,37.54786197,0
7177.3,46.66720175,0
5569.92,44.77005299,0
6011.93,33.86883406,0
8013.96,35.44447496,0
4093.12,41.69871287,0
3794.62,45.29972304,0
4402,49.62182889,0
8112.37,60.5477226,0
5993.17,59.50744025,0
4987.92,60.81113206,0
3561.63,56.47338406,0
3385.13,60.39629694,0
13353.32,68.58173602,0
4974.78,59.65079307,0
4130.62,62.73693829,0
13959.12,73.82109304,0
7384.02,73.9865668,0
5624.63,74.1694314,0
6515.81,65.74695461,0
6216.85,64.04374286,0
4064.43,66.76233266,0
4831.04,72.67691999,0
9860.83,80.60371963,-1
8304.98,71.97013752,0
4586.18,76.76834119,0
5641.62,75.63266073,0
5394.81,62.67161482,0
3336.81,66.08523645,0
5047.95,74.24550359,0
8261.8,65.38605327,0
8547.87,45.38006958,0
6297.97,42.7842839,0
7007.03,37.88817757,0
5298.68,46.70301912,0
3544.45,45.50030463,0
4368.21,53.47600121,0
5245.35,45.08330816,0
13435.1,33.05661857,0
9204.18,31.36525651,0
5856.24,41.2481328,0
4913.46,35.95718284,0
5315.55,44.37883435,0
6550.8,34.36555591,0
7129.1,38.89570879,0
8567.45,54.05073932,0
3902.2,53.71446093,0
6089.25,45.57518836,0
6631.15,39.77098496,0
3338.2,39.54192886,0