,General_CoinName,General_Name,General_Points,General_Type,Reddit_Points,Reddit_active_users,Reddit_comments_per_day,Reddit_comments_per_hour,Reddit_community_creation,Reddit_name,Reddit_posts_per_day,Reddit_posts_per_hour,Reddit_subscribers,Twitter_Points,Twitter_account_creation,Twitter_favourites,Twitter_followers,Twitter_following,Twitter_lists,Twitter_name,Twitter_statuses,Facebook_Points,Facebook_is_closed,Facebook_likes,Facebook_name,Facebook_talking_about,CryptoCompare_Comments,CryptoCompare_PageViews,CryptoCompare_PageViewsSplit_Analysis,CryptoCompare_PageViewsSplit_Charts,CryptoCompare_PageViewsSplit_Forum,CryptoCompare_PageViewsSplit_Influence,CryptoCompare_PageViewsSplit_Markets,CryptoCompare_PageViewsSplit_Orderbook,CryptoCompare_PageViewsSplit_Overview,CryptoCompare_PageViewsSplit_Trades,CryptoCompare_Points,CryptoCompare_Posts,CodeRepository_Points,Date
0,Cardano,ADA,365468,Webpagecoinp,68065,4331.0,299.93,12.50,1490258606,cardano,12.68,0.53,54473.0,101632,1485749761,326,97957.0,22,735.0,Cardano Community,706.0,0,,,,,2158,731482,10195,65159,129609,3442,19824,27,489227,13999,192180,1299,3518,02/15/2018
1,Bitcoin Diamond,BCD,36238,Webpagecoinp,0,0.0,0.01,0.00,undefined,undefined,0.01,0.00,0.0,26982,1510040769,954,26332.0,260,130.0,Bitcoin Diamond,479.0,0,,,,,112,70523,1293,3901,6516,274,6393,0,50675,1471,9220,60,29,02/15/2018
2,Bitcoin Cash / BCC,BCH,747452,Webpagecoinp,0,,,,,,,,,0,,,,,,,,0,,,,,15033,3970814,79871,578805,587231,4359,195549,9123,2409891,105985,747055,9708,0,02/15/2018
3,Bitcoin,BTC,5085507,Webpagecoinp,826658,17192.0,18037.58,751.57,1284042626,Bitcoin,345.46,14.39,739007.0,804822,1313643968,213,773438.0,126,6273.0,Bitcoin,19488.0,37115,false,37115.0,Bitcoin P2P Cryptocurrency,129,92222,23103328,654473,4374841,2831689,40679,991524,50035,13742443,417644,3333820,45017,80782,02/15/2018
4,DigitalCash,DASH,726348,Webpagecoinp,32167,4041.0,118.77,4.95,1426558267,dashpay,13.56,0.56,19807.0,290216,1392130527,951,276074.0,253,2828.0,DASH,2462.0,35206,false,35206.0,Dash,445,1309,1482267,26870,173835,69374,5778,34203,4876,1144572,22759,365765,1231,2846,02/15/2018
5,EOS,EOS,248028,Webpagecoinp,0,,,,,,,,,117013,1494512856,99,110128.0,45,1377.0,EOS,724.0,7395,false,7395.0,EOS IO,246,977,507834,10088,76891,50950,1847,19924,173,334846,13115,123570,553,0,02/15/2018
6,Ethereum,ETH,3521255,Webpagecoinp,345109,6130.0,1220.51,50.85,1387037735,ethereum,61.43,2.56,324278.0,387262,1390763724,2237,360451.0,0,5362.0,Ethereum,1896.0,133706,false,133706.0,Ethereum,1177,67944,17504275,319567,3236982,2767398,34519,562689,67267,10207911,307942,2619390,25041,34038,02/15/2018
7,IOTA,IOT,1186853,Webpagecoinp,125464,5704.0,961.82,40.08,1346895309,Iota,40.08,1.67,106429.0,111294,1445236475,21,103814.0,0,1496.0,IOTA,597.0,0,,,,,28832,3509807,32714,205505,947773,7159,56405,629,2191513,68109,949745,10162,0,02/15/2018
8,Litecoin,LTC,1809147,Webpagecoinp,210990,5856.0,1929.86,80.41,1318615591,litecoin,112.55,4.69,189563.0,402879,1317839450,276,389569.0,23,2662.0,litecoin,659.0,7865,false,7865.0,Litecoin,37,14550,6560499,93193,860083,952398,14270,322843,14704,4169050,133958,1178800,8549,7957,02/15/2018
9,NEO,NEO,896488,Webpagecoinp,105702,7738.0,1300.23,54.18,1218122013,NEO,23.80,0.99,79888.0,284066,1403923896,661,271771.0,2224,2459.0,NEO Smart Economy,527.0,946,false,946.0,Antshares,1,8627,1777042,24347,187437,313583,4551,36347,793,1172393,37591,501345,3365,4252,02/15/2018
10,Tronix,TRX,669295,Webpagecoinp,0,,,,,,,,,260647,1502036428,64,253582.0,65,1413.0,Tron Foundation,248.0,23910,false,23910.0,TronFoundation,846,11273,1587526,14757,100781,579817,3867,43301,9,815699,29295,384580,5569,0,02/15/2018
11,Vechain,VEN,160027,Webpagecoinp,51758,3498.0,1572.62,65.53,1506540898,Vechain,16.39,0.68,38119.0,75852,1505456408,57,72647.0,37,641.0,VeChain Foundation,193.0,3213,false,3213.0,Vechain,74,99,142311,2535,16483,11427,723,5100,10,101564,4469,29190,68,0,02/15/2018
12,NEM,XEM,312200,Webpagecoinp,0,,,,,,,,,192997,1390830009,667,182865.0,897,2026.0,NEM,2270.0,0,,,,,386,439796,8958,89868,33428,1911,16916,1171,280483,7061,119160,336,0,02/15/2018
13,Stellar,XLM,1022350,Webpagecoinp,87939,4765.0,1349.58,56.23,1324757077,Stellar,40.74,1.70,70945.0,217285,1398298270,3744,206168.0,1550,2223.0,Stellar,2442.0,15888,false,15888.0,Stellar.org,350,20178,2257670,20911,212068,705220,5038,81094,3223,1171588,58528,698480,8459,2533,02/15/2018
14,Ripple,XRP,3671343,Webpagecoinp,199209,6527.0,1506.8,62.78,1255535144,Ripple,41.48,1.73,176615.0,816200,1356983139,4565,785245.0,736,6190.0,Ripple,5881.0,114231,false,114231.0,Ripple,4487,73929,13688166,173067,1278568,3787786,25847,486799,24903,7475294,435902,2535140,31522,5195,02/15/2018
