volbtc_lag1,rsi_lag1,signal
2705.507825,86.81594337,-1
2610.715059,88.97067853,-1
1700.166361,86.8112424,0
1219.412694,87.68748237,0
1037.47735,89.9182843,0
1228.490963,74.37751553,0
909.0941784,76.66824252,0
1641.047676,70.71394398,0
975.277594,71.58766522,0
1130.735774,73.73875525,0
635.277096,70.69524576,0
348.5082247,71.31455284,0
1309.076649,66.64922798,0
681.7442271,67.38378704,0
935.8632118,64.72026688,0
1154.323097,67.03592738,0
848.2349587,70.3515654,0
706.7968513,70.53224262,0
1174.439306,71.64265344,0
1612.281677,69.65299472,0
1322.740388,71.10694766,0
1477.027234,71.85362387,0
1012.90362,67.70477496,0
579.4360137,69.62502649,0
2502.247133,53.60271494,0
2176.76971,52.1613521,0
2022.117335,56.58624136,0
1167.029824,56.24781042,0
578.4741817,52.92722254,0
583.2071308,58.17463702,0
1086.956679,52.66809548,0
1231.90379,56.13999597,0
1028.338644,58.22707419,0
784.5866677,56.2658659,0
538.6096064,55.19195733,0
492.8071421,55.37314899,0
1132.213605,50.38175772,0
1167.748631,51.62038137,0
864.3560377,50.33762104,0
859.319864,50.70007584,0
635.9803974,51.56799313,0
545.0700896,49.44638032,0
784.6674495,49.96196778,0
1064.863287,53.34406153,0
1791.523389,55.06216912,0
1185.784184,62.2581216,0
584.4917326,63.13542376,0
499.5550002,61.59356113,0
592.9953392,63.82716299,0
809.462499,63.84114231,0
1932.163029,81.35100484,0
3588.302958,88.43029638,-1
2226.301736,80.7368316,0
1601.61778,83.85116634,0
2599.869187,85.24859594,0
2806.090714,84.29367007,0
5167.153096,88.94416175,0
2039.885711,89.31409873,-1
2418.097243,90.15729718,-1
1494.209067,91.80059164,-1
5147.172351,78.8277878,0
2888.812203,79.14286899,0
1585.773775,81.7246522,0
2570.813331,72.50590013,0
1078.171422,72.61824306,0
1076.426045,70.67123266,0
2988.935099,58.10563552,0
3216.159941,61.82646465,0
1696.216905,63.59293878,0
1101.407248,62.89516709,0
920.7449554,61.74196878,0
907.9508945,62.50129374,0
1596.845665,64.6620364,0
1990.972241,66.47125445,0
1442.70616,67.97899596,0
4999.613512,76.91672727,0
1746.956306,77.6868509,0
1853.151187,77.83313544,0
2154.633706,78.6878864,0
3348.862117,83.25321829,0
2711.122462,83.43257261,0
1640.922448,84.11036167,0
4378.379596,64.87056615,0
1318.80574,64.92015127,0
1804.759587,66.51230854,0
2369.35142,69.40488296,0
2498.109857,65.23143606,0
1882.056461,60.59496512,0
757.0874491,62.24407105,0
611.3557015,65.03388382,0
1137.945254,64.80315957,0
2779.167898,69.85127326,0
2452.856317,61.43882969,0
1017.823406,56.94737498,0
923.7958064,59.09432098,0
719.8350235,59.26101387,0
779.9268427,63.2645066,0
1185.984121,59.67746595,0
831.5354113,62.16513125,0
896.456739,59.04404765,0
760.4637316,59.39981907,0
1161.999646,52.09942293,0
2786.563054,48.16488583,0
1771.750946,45.55561605,0
2451.573817,34.93523875,1
9331.817306,38.4896869,0
3003.327883,37.90334648,0
1787.790822,27.77490367,0
5157.862104,29.37152614,1
4293.267716,26.66468869,1
2556.339698,32.71945641,0
1964.357393,30.98365355,0
1558.317415,37.58942088,0
974.7917483,35.27536596,0
1794.884266,32.76226844,0
4688.354512,27.8497614,1
4988.733067,24.26874783,1
6289.383874,22.73040789,1
1941.385069,23.63698521,0
1082.267476,23.37121596,0
2624.688674,19.67573331,0
5913.715926,37.87741925,0
2624.05939,43.02347239,0
6112.640889,52.32793455,0
5360.314495,55.84341893,0
1721.60242,53.29115164,0
2892.249348,46.88336725,0
1790.949127,50.78809722,0
1206.707818,51.7208893,0
2186.062194,56.37347019,0
1423.434381,56.04528475,0
467.0281678,53.78101026,0
907.446381,54.13757798,0
1963.286963,49.48350874,0
788.5822158,51.22727937,0
558.0890431,49.45618197,0
683.6177898,48.2796783,0
448.5454899,48.5555265,0
1873.592357,41.03660222,0
1257.346319,41.02945256,1
989.587504,42.31384904,0
1398.818854,47.69978386,0
587.3014699,47.5712525,0
519.0955995,44.82421607,0
1192.76829,42.79879106,0
1460.565426,45.60272368,0
1570.024753,50.22238727,0
1084.449037,50.18222436,0
529.8563866,47.97370881,0
473.4981871,48.8680637,0
1192.174629,45.36549847,0
1160.043338,47.04124707,0
1299.252264,46.92426799,0
1400.808475,42.88419247,0
575.7560682,43.36400926,1
647.464064,42.55131374,0
1059.506372,41.27542141,0
1395.441689,44.33897595,0
1527.384403,44.23375993,0
1167.440095,43.02431109,0
578.6750702,44.70192988,0
907.2337276,52.32977142,0
2105.887315,60.45436352,0
1997.355195,60.27453151,0
1077.121604,62.77026739,0
1440.833666,67.27658948,0
1201.476448,62.54113793,0
645.8279868,63.49796769,0
1231.849442,59.30971091,0
1206.04791,60.40531179,0
1132.999785,60.98805718,0
622.6339924,62.22087145,0
462.9131052,62.1690578,0
992.6406168,67.73023425,0
976.4989225,66.78574741,0
906.5851311,69.32188343,0
1164.055669,72.58244401,0
1489.762587,60.64644275,0
685.6987077,55.83552881,0
790.1509569,53.69573184,0
1610.113518,41.20254332,1
1224.741232,48.77956166,0
768.1410631,45.33043194,0
1013.06752,50.80440513,0
648.1314588,51.44474721,0
558.7807427,49.65846401,0
722.7862243,51.2110181,0
739.5917706,52.18419407,0
762.8139364,54.6719236,0
708.6733678,53.80959112,0
699.4714809,49.2782075,0
689.2223001,49.82175468,0
934.4277576,48.02375662,0
1035.514391,47.22125115,0
1044.908993,46.92362116,0
1254.008433,53.88305428,0
561.8079997,48.528572,0
451.9727384,49.07573335,0
1052.063639,49.68249593,0
1120.716225,51.63841757,0
1276.993446,53.8126156,0
1282.781371,49.93572996,0
2859.128535,32.25226088,0
815.4070182,36.68856574,1
1778.609522,32.98945311,1
3110.47079,27.28214045,1
2471.832424,40.19610509,0
2204.975606,40.2843807,0
1616.742295,41.88938524,0
1745.983807,41.83276286,0
2537.154883,45.614572,0
1857.863113,48.72487877,0
2776.120839,54.44107471,0
2315.842899,49.20720978,0
1099.702288,49.43902672,0
973.9613317,46.49978446,0
1624.684474,51.24169054,0
3651.910609,43.90312871,0
1566.288546,49.89232593,0
1159.127475,47.28823836,0
1003.271558,47.07982901,0
856.4915827,46.61164548,0
768.0925731,44.6213987,0
871.036494,47.77079815,0
684.4251217,48.05882854,0
1616.360551,52.36520475,0
968.7318916,47.77567047,0
861.807135,46.62327099,0
1101.205432,46.80227251,0
1239.629338,47.30469069,0
1615.045324,47.36147322,0
2520.873283,46.85656405,0
1691.651607,46.63416785,0
2489.029412,51.27404224,0
1848.345993,56.29385276,0
2138.095729,62.09428911,0
1329.023246,58.92734696,0
2163.050696,57.34271892,0
3908.348927,59.05860257,0
4792.513952,59.30825951,0
4071.464041,55.3640278,0
3189.845596,52.10157606,0
4802.714932,46.82328391,0
1228.511799,47.01044486,0
481.990487,47.365119,0
311.3589316,52.52978545,0
948.8929522,54.60544552,0
883.156167,53.65050928,0
834.8937819,53.24432853,0
883.5649289,56.84022457,0
572.0099487,57.20872997,0
493.8244646,57.66667444,0
816.6736658,55.01930874,0
954.0599936,56.72328361,0
1071.739856,59.41244429,0
647.4417172,61.55627903,0
551.3126777,57.69121968,0
309.7876333,58.31610282,0
562.6242515,50.96819091,0
485.8108079,54.49073643,0
400.5372367,55.23192526,0
697.6806204,58.49388367,0
414.4157443,60.14481389,0
202.2925727,59.44099459,0
571.6098592,61.5096521,0
1470.113937,70.88444981,0
655.8417876,71.33556699,0
737.5122969,75.00705886,0
654.0020209,69.00748768,0
410.7405736,65.91762897,0
767.0009998,67.03247891,0
1217.676868,49.33248191,0
809.0350798,55.43797443,0
574.8863383,56.28358713,0
342.0107533,55.86450598,0
318.6338914,52.29306026,0
785.300343,51.19428709,0
1132.836194,47.67750705,0
701.0464651,52.85993935,0
546.1632629,53.68117963,0
323.9286454,50.61776316,0
295.4648996,49.86692327,0
799.9627767,42.91371154,0
822.1110754,41.44851459,1
866.2777686,43.14591397,0
724.1827755,38.08897357,0
398.6034319,42.7733431,0
254.5704761,41.40825911,0
636.3343803,43.56738123,0
1169.485159,46.65326639,0
837.6310969,46.55762457,0
957.0703081,50.74428592,0
639.9165317,48.24237519,0
615.0610435,41.07056818,0
2122.354196,30.71860492,1
1539.289979,38.13294266,0
1507.657842,35.02629919,0
1297.722082,44.37736003,0
602.7415903,40.50289985,0
371.3127465,43.99559594,0
528.5547979,42.3700311,0
790.3571457,42.08566319,0
820.5353303,41.66185926,0
583.4963439,41.99294669,0
540.965476,42.64149796,0
209.7137564,45.27708525,0
692.7911906,46.05269063,0
1190.536129,51.74007464,0
689.3915698,47.96728705,0
462.1632275,50.91671915,0
587.9150377,41.1880707,0
397.8890027,39.49356007,1
867.2619524,46.47439053,0
979.1100137,44.93826046,0
1006.300284,45.32748305,0
788.680428,44.77910248,0
1221.152248,33.27342076,0
623.3015316,38.58611829,0
1183.441339,45.19823934,0
1459.274741,47.31913517,0
1239.761155,44.32627929,0
1037.296585,42.71009199,0
957.5583256,46.27303197,0
471.3628093,43.85132925,0
642.7721957,48.45615094,0
1125.065631,50.50963097,0
976.416875,50.29384997,0
612.0770302,50.53766559,0
356.5668862,49.71480098,0
477.4507519,48.98380906,0
855.0300078,49.12478851,0
785.9190564,50.61546621,0
825.0108041,50.59298115,0
832.8724377,50.64020907,0
454.6133946,51.83029987,0
366.1847019,48.62152922,0
705.2502465,47.65788592,0
1355.760737,48.13657315,0
664.0788495,49.77512438,0
478.7722864,53.91681935,0
356.205305,51.53063369,0
488.3478203,43.42247252,0
445.4714889,53.73016271,0
784.896142,46.22810039,0
511.1326,47.27330475,0
1375.726859,24.76602601,0
1089.721727,33.14335452,0
534.9996512,28.83504505,0
1008.257594,32.90733534,0
984.4715426,28.72648315,0
1362.696516,24.58664166,0
1515.722686,21.22503814,1
1239.276632,30.09971596,0
623.395038,29.22651666,0
924.5301477,27.31777453,0
1482.392648,23.11785851,0
2502.272617,20.19634886,1
1576.095795,17.09702214,1
2189.547957,30.47022629,0
881.979975,28.19856895,0
1457.0914,27.59617678,0
4275.708151,18.0079753,0
4691.565922,13.6604927,1
8463.047488,19.83886848,0
2023.764053,21.10902479,0
991.8339922,24.86183267,0
3693.148542,28.47665458,0
3148.222262,36.81367078,0
2069.1864,38.0901279,0
1859.695942,49.84010325,0
1346.245958,44.52873467,0
1101.676295,42.61029878,0
1369.476377,42.75562587,0
2010.362725,38.41687851,0
1883.420188,48.5013061,0
834.890095,46.48979016,0
791.8742491,43.67461841,0
585.4338797,43.95759194,0
997.5206015,43.72902208,0
1444.999877,45.17780594,0
924.7718159,48.21496858,0
637.607305,48.74168212,0
519.9019144,45.12534789,0
229.574374,45.89707594,0
578.6047536,45.62714014,0
1380.756436,51.96185525,0
594.313192,54.01794085,0
652.5183171,54.18301923,0
468.0668511,55.91675936,0
287.3962846,56.33895368,0
640.0630904,58.18128357,0
789.3041514,52.83353866,0
491.1683531,54.94939208,0
582.9079432,53.97568119,0
531.1595693,51.62144997,0
308.2633913,53.21884155,0
614.6790248,52.68876889,0
803.682941,54.00717281,0
1056.920589,51.34305326,0
921.4055029,51.15040954,0
556.6177787,48.66644644,0
471.0006648,51.42885743,0
830.2084122,50.86416359,0
1122.738455,46.46836081,0
947.0995831,45.8812115,0
754.6726321,47.74295784,0
1253.880773,48.52431355,0
4039.752784,48.03921026,0
1412.704349,61.45364273,0
1147.861111,58.11670574,0
878.9844809,54.67362198,0
755.5184914,56.60941148,0
668.3139676,52.73642495,0
284.5517598,55.14021493,0
815.2696044,50.68083834,0
1595.776577,44.62178092,1
991.1409685,45.65641545,0
719.0697196,41.50213174,1
476.5988268,47.74219323,0
273.4885127,46.93072431,0
784.1504314,47.5098355,0
815.8048341,44.81661229,0
842.4797609,46.97468228,0
596.6303726,46.8169448,0
333.547568,48.16043437,0
200.0310257,48.17682785,0
384.6266782,47.85090506,0
883.9232362,45.86280262,0
477.5312931,44.76866038,0
542.83451,38.8557589,1
388.8287596,40.90790254,0
303.6517688,34.01515863,0
1017.299998,28.84133034,1
1098.290815,26.49246585,1
857.8860316,35.95404381,0
742.9024702,33.93388047,0
514.2851843,34.57428687,0
388.8464617,34.11030431,0
1057.787707,26.06081741,0
1009.663074,30.53654918,0
721.3539266,33.86704288,0
864.4131562,35.04097899,0
431.7269886,34.81910441,0
463.4601787,34.63914117,0
1129.396422,50.13125832,0
1013.034098,54.64305278,0
820.8394186,52.52538386,0
688.0453596,52.25278299,0
423.259412,53.6767642,0
414.0325802,51.07530907,0
1006.786581,44.60942184,0
1146.972896,43.20442018,1
859.3135926,46.00441337,0
799.659985,46.39817397,0
380.8305112,46.06926383,0
393.372026,49.84103923,0
734.1369469,46.18587064,0
954.6105039,49.59013635,0
749.8334983,45.96348846,0
648.239629,47.65281472,0
418.8218054,46.4791861,0
301.0973883,48.09621223,0
729.2339593,48.48130122,0
937.7259389,48.41303884,0
1041.017282,44.9800863,0
599.0156842,44.91194721,1
193.104075,47.94108063,0
964.3103194,60.8207441,0
589.9730196,57.5672244,0
658.3161976,61.55708746,0
685.070795,61.91386831,0
594.0971786,62.02231851,0
282.7321379,64.79335514,0
198.0902065,59.81828356,0
353.0970152,61.15818953,0
448.799263,57.4848555,0
628.6321111,57.42346171,0
616.1536478,57.32456366,0
436.3600213,54.65512598,0
345.9913942,58.16096679,0
769.5718547,66.97312994,0
1055.025845,63.37113926,0
1311.940713,63.84526899,0
724.9124111,65.41225136,0
343.0038428,66.47548196,0
697.1639194,50.60719704,0
775.3985594,50.7081652,0
1396.735449,45.95348056,0
1176.543731,52.88711467,0
650.0960245,46.77811887,0
394.6280952,49.33327254,0
380.1738038,48.70966596,0
706.7304122,44.62119133,0
885.9644933,46.60687748,0
867.5494367,44.03279792,0
754.2543012,39.00925822,0
491.5127138,36.91451907,1
294.5868201,36.2982699,1
630.3585925,36.68952687,0
923.2898848,40.81765359,0
1055.981733,39.87623471,0
593.9786179,41.98238648,0
384.9853407,45.03797808,0
348.479858,49.09392675,0
685.8319016,49.90367411,0
790.7189803,51.7960135,0
635.4545654,52.94453508,0
757.9284759,44.44352469,0
339.7800319,43.31695357,0
283.0701727,40.59167181,1
537.5763296,28.73780287,1
692.6527998,31.83350423,1
531.6155994,31.95288256,0
468.4566483,32.33572488,0
261.0837261,35.17250061,0
255.0903463,36.96758432,0
518.6588454,39.97971233,0
603.9701522,44.2616139,0
530.0593737,50.53411532,0
1019.140337,52.46565875,0
575.7585257,45.11069823,0
370.0886199,47.6838528,0
803.6068147,46.28822585,0
1132.524072,43.84561653,0
748.7175579,43.55252021,0
918.8773089,43.64267871,0
585.0224184,53.48401657,0
353.2907951,56.32215457,0
667.8501918,52.62051965,0
782.4633417,50.49952924,0
895.01834,49.93753786,0
779.3027497,44.79865468,0
392.5567166,42.54666202,0
422.0076049,39.75551817,1
870.7338224,38.99215985,1
1145.466649,34.68837179,1
859.5037375,45.72192979,0
825.9701659,46.13715815,0
700.1410762,39.97813991,0
505.8060762,42.54023682,0
892.5649295,37.43672538,0
1335.368583,45.71436287,0
947.7945692,49.30801664,0
618.1149957,43.18156464,0
402.0756984,44.03840137,0
342.420999,50.1616081,0
1293.278005,58.2718729,0
1265.588871,54.54176809,0
918.6979345,58.33702126,0
629.2567751,55.24911349,0
412.5007565,58.41814053,0
236.1614456,57.70260811,0
525.0097183,58.55007304,0
1759.685259,82.26953058,0
1163.662298,84.74459517,0
701.816439,77.68232822,0
355.8612313,78.53231912,0
480.2662867,81.51454758,0
1491.238462,85.00085965,0
955.6986658,79.57435937,0
647.8977549,80.50807261,0
436.3110011,75.97343262,0
303.3703811,75.97965922,0
408.5701709,65.85289294,0
644.9097118,67.97990213,0
603.5007538,68.88836212,0
660.2982229,65.20872954,0
618.3824494,65.75643025,0
351.3712352,68.85925113,0
414.8287133,65.59212887,0
939.7379088,68.04599091,0
1133.191578,69.19666326,0
748.465801,70.36433143,0
854.2028628,68.83754908,0
501.8273591,65.17367566,0
492.5034581,67.77725074,0
692.8487871,69.42862646,0
1176.333077,69.62085435,0
1004.393797,70.15969228,0
648.7482762,70.8555699,0
428.5733412,70.73713751,0
1165.054215,82.1116632,0
1122.410656,77.56205984,0
1035.694088,74.37912612,0
847.5718345,75.50000314,0
650.5433386,71.66425205,0
845.6004148,63.71154846,0
372.6090069,61.19692575,0
798.6386436,61.19692575,0
912.2825166,58.53783739,0
964.3087459,61.56745459,0
564.9376424,60.28934253,0
326.0850679,61.50018364,0
193.3036012,63.57531218,0
659.6469367,59.65565775,0
405.901685,63.73299919,0
697.9161866,60.99116116,0
440.4167128,61.56904451,0
362.7735683,61.58560808,0
256.70635,63.69214091,0
367.2847189,64.04882304,0
1788.487243,31.61012788,0
1093.498971,36.26878475,1
584.3691275,37.09702858,0
480.0173179,37.09702858,0
401.3977296,34.47756236,0
607.5981304,35.47087776,0
1200.715423,34.71149639,0
745.9606275,36.77824677,0
814.9333807,40.49380297,0
417.0286291,38.96317099,0
336.2888403,40.31298599,0
600.3586316,40.33666825,0
941.7601762,42.0934354,0
814.8097058,41.92491684,0
523.8454458,42.93634917,0
321.0422991,44.0425962,0
265.6751079,43.57605442,0
783.9160067,46.93573106,0
1059.093149,45.36336996,0
828.2096748,42.14502786,0
529.1896217,40.04890031,1
447.9314855,42.59356109,0
233.51516,44.04992353,0
731.6266832,44.56706055,0
1167.072202,39.38645825,0
890.2331565,35.66942809,1
731.4396743,38.19817915,0
427.9311945,43.66056635,0
517.7248717,40.84082495,0
831.3253862,40.81326562,0
876.8356875,45.26796608,0
839.0505351,46.69530778,0
689.1183617,45.11989194,0
273.4740216,48.41990725,0
223.2112593,47.50835432,0
619.1231631,39.33429389,0
475.3833349,50.66744929,0
688.221746,48.40070532,0
527.0188615,47.52988158,0
189.1217089,47.32610629,0
476.8116134,53.79694134,0
459.0293425,55.69698465,0
828.7732174,60.65820886,0
665.1256249,59.46302154,0
371.7239404,60.71347059,0
175.9650492,53.70463701,0
250.1148917,52.55626158,0
633.5566708,47.70725078,0
885.9591557,49.16723727,0
824.8306544,47.73207066,0
648.011934,48.2595686,0
430.2533031,52.90854669,0
305.9640357,48.67398361,0
666.1002082,47.34158505,0
1193.903558,47.29801231,0
1385.35868,36.73788988,0
1411.681269,24.65622446,1
501.2672021,23.28856312,1
271.2362269,22.70723133,0
623.8802837,22.26544742,0
1420.645609,19.11337674,0
679.7979858,25.87537055,0
684.2322044,29.7317439,0
507.1819784,27.90480688,0
251.332613,27.51957787,0
729.3984844,26.39580777,0
1030.742408,28.83009763,0
840.900268,28.25503879,0
690.6449566,34.44130013,0
367.9381517,33.30968318,0
410.4640478,42.3331133,0
706.3285614,49.27818703,0
916.5190657,52.99477502,0
707.7242659,55.95227468,0
563.2517494,62.02670171,0
404.891715,56.49431268,0
251.9512981,58.01659185,0
446.2440011,55.0678211,0
524.3229324,56.1059754,0
489.4907932,55.4359954,0
447.326016,53.8473839,0
254.6995779,53.00846277,0
293.9362205,54.79098169,0
371.5890373,42.4923608,0
814.5716952,44.19381175,1
495.3330506,48.2019515,0
493.4602249,50.20329433,0
425.9253795,51.23693984,0
451.9317309,64.89657906,0
794.8028922,64.81337783,0
1253.672639,61.06173257,0
1023.449069,63.17662936,0
849.2236601,58.73553329,0
411.6143772,60.1032352,0
335.1179413,51.16241151,0
756.5813579,53.83730552,0
1006.307344,56.55087925,0
1040.358003,55.80508332,0
691.048034,51.07128049,0
497.5943791,49.46776068,0
340.2227139,49.89134031,0
580.5858873,53.15876634,0
887.973877,53.1148855,0
784.9076172,53.36363414,0
644.6432494,52.46435195,0
547.2584742,48.0109593,0
446.0539237,57.30219004,0
800.986282,54.16073742,0
984.4003812,56.67960757,0
740.4619792,56.01662853,0
667.7149229,58.81045443,0
600.2848755,57.40793338,0
416.8413663,56.99805257,0
719.1951726,57.55749394,0
1013.111596,55.92513032,0
1369.788704,67.00893256,0
942.6095192,73.91829506,0
447.0311413,76.86650769,0
395.3495576,78.17729938,0
584.3937636,81.1786858,0
556.108125,81.98202689,0
664.7720358,76.8902111,0
440.4195221,74.37365077,0
353.9851949,64.58043713,0
386.5120392,59.3071198,0
614.6973725,49.01473434,0
556.8050498,55.10341861,0
596.7035616,57.67604792,0
921.7755851,63.48689986,0
361.503417,62.32098142,0
322.8844352,61.11233952,0
765.5024294,50.89421804,0
1119.871119,53.50687424,0
992.4352546,55.71678885,0
1270.369643,46.88691781,0
488.6702944,47.21942687,0
292.2954561,48.94062999,0
872.2974443,49.93170049,0
1228.767061,46.25159075,0
925.6881064,48.1354626,0
747.809233,46.35340793,0
426.3749113,49.63900768,0
323.6387453,50.68703784,0
932.8993336,59.17404907,0
1153.156453,53.59770886,0
912.3537706,56.51994808,0
696.1602333,55.72627737,0
470.5961384,55.85344039,0
409.5410068,56.15855769,0
568.6636892,55.28977617,0
995.7920659,53.46154208,0
806.3249423,50.59719788,0
582.1408652,52.24167387,0
669.7966305,57.36389288,0
767.6525655,67.10708951,0
898.3766369,65.43595326,0
1357.226765,63.57596726,0
880.7975864,68.86997832,0
566.1655549,72.0229229,0
489.8289493,72.2123549,0
241.2671025,71.23125617,0
505.8935955,62.94278626,0
574.723685,65.59181479,0
451.4389488,67.58297032,0
363.442377,57.37971015,0
288.1825479,60.44501709,0
226.8213744,57.81108571,0
388.6846368,58.49282736,0
557.0109732,61.19407382,0
537.6364392,54.75279813,0
510.9416505,59.24192913,0
446.1767905,60.11294226,0
645.3448583,52.44063977,0
933.3730416,47.62324041,0
766.0265855,52.37114646,0
690.3120622,56.89765633,0
836.0673814,58.33897776,0
1448.884286,77.99836842,0
470.7520727,80.38382854,0
870.9326239,80.31801731,0
1305.090282,84.52139642,0
1426.079014,85.60691892,0
703.8003851,79.65083646,0
480.3903196,79.50191608,0
398.9263967,80.4618087,0
782.0147812,73.81047511,0
805.7224181,73.95935188,0
1269.717282,64.23999404,0
732.7726241,68.96259644,0
465.925196,65.55408905,0
429.5699402,61.32955431,0
821.5652063,62.07724336,0
795.2633869,58.9356871,0
634.8543035,59.02292358,0
571.9196754,63.092759,0
1257.281176,59.72630351,0
739.8919157,55.43715243,0
667.8840262,60.54109046,0
1099.457251,60.96199032,0
355.3075924,60.48948448,0
367.0121074,62.35628396,0
343.5851399,63.13628762,0
264.0453983,64.14589905,0
157.8934715,64.1102218,0
220.1162067,61.31886861,0
841.6491202,57.55489366,0
923.3122777,63.92222675,0
262.0928971,65.62923883,0
321.4908456,67.70955352,0
314.2641202,64.35380956,0
600.8437417,66.58325914,0
619.1337638,61.8141733,0
716.9770261,52.16911905,0
511.1847522,56.56738711,0
402.4171763,54.46336906,0
700.7070723,53.49755485,0
763.9133175,50.03381401,0
898.9491365,52.94696515,0
757.1270409,53.40145751,0
412.9481598,48.42697322,0
438.0425973,53.18301811,0
771.0985072,42.94659961,0
882.5568227,39.22050121,1
890.8223708,42.19709096,0
707.2184592,46.01307673,0
425.5298054,47.67286737,0
348.6849894,39.23014212,0
1154.259877,31.03469429,1
997.9908324,30.40567654,1
975.9594783,36.91737779,0
624.9505478,34.08780952,0
507.7165332,38.58764125,0
566.6818701,37.44336448,0
700.2844687,36.71272437,0
826.4924757,35.61616396,0
990.3634475,36.3313327,0
691.9803252,39.3959636,0
436.5194992,40.68534317,0
533.5887348,39.36706458,0
821.0479005,50.93189041,0
1011.186892,44.62292222,0
742.1037962,46.84387221,0
541.4423162,46.95428659,0
452.1272727,51.6089714,0
418.570809,57.14237313,0
1046.963477,71.07283582,0
1465.43717,80.37285879,0
763.2744325,72.64898164,0
678.5950771,62.94556528,0
467.3120326,68.40815566,0
301.3118863,62.5699562,0
463.8118208,65.90613755,0
637.7430582,65.07426961,0
599.6892658,61.34391575,0
635.7010853,61.29939498,0
486.177323,54.15967508,0
223.8692489,56.34561584,0
704.1223347,59.39117118,0
961.3691713,57.60141336,0
697.4925853,57.91487463,0
840.8701525,62.80167422,0
563.387629,62.36280252,0
487.7705253,57.01571512,0
774.4687889,59.56258629,0
898.8854131,60.46437619,0
1300.733573,60.70330341,0
757.8543282,65.68373112,0
695.3330634,58.31352297,0
488.9515769,63.02975717,0
1213.484744,71.05392087,0
1498.453604,74.67587997,0
1220.015586,73.08583618,0
1827.324675,80.17072714,0
1392.175472,77.27287408,0
574.5137877,71.70429885,0
843.121361,67.18867102,0
937.6944724,68.56319743,0
1286.00519,73.47259213,0
759.7459232,68.22647539,0
417.418311,68.34759399,0
344.590373,69.29011003,0
825.5837728,67.57852896,0
1246.288557,68.21272778,0
846.020687,69.25053869,0
1284.576959,75.92561761,0
472.5206471,76.34911968,0
400.3334324,77.58528636,0
1726.505734,80.98773765,0
1388.996221,83.19122666,0
1359.633306,74.86788296,0
1054.607807,68.65188992,0
336.7239716,69.59787193,0
204.6159018,69.77849492,0
659.0300112,65.49628309,0
576.2034422,62.47834122,0
1027.327817,53.32252234,0
1316.653152,52.41235357,0
430.6901687,54.88220966,0
322.9960344,53.10775158,0
685.3846956,61.06593724,0
939.7562802,57.26881591,0
841.6872302,50.63483512,0
1312.977906,60.49206737,0
724.5166583,65.76531454,0
1005.996615,71.56450017,0
1850.844432,61.96586122,0
1124.558704,65.2056687,0
954.2821296,65.6462778,0
1080.708738,62.66733173,0
483.0941494,62.36754165,0
605.0242674,59.34420472,0
624.359183,59.25730777,0
1073.644791,61.88956831,0
1242.47457,70.06776152,0
1174.502456,67.96738042,0
1059.569059,60.2319462,0
454.8229202,63.70784084,0
1674.131873,50.32505483,0
3684.680348,43.05393713,1
2322.789643,37.27684446,1
1178.453681,44.70820463,0
799.3759613,44.11192982,0
593.9715116,46.13998783,0
994.5376715,41.941046,0
980.6261293,43.05277375,0
739.793716,47.38706183,0
974.4974314,46.60946692,0
332.2238079,46.46157502,0
252.3646278,46.86850744,0
410.8976684,47.37218999,0
536.6572228,47.86244796,0
517.9288591,48.20391655,0
646.8134654,54.73491971,0
364.9659587,55.23873917,0
259.1896748,55.128605,0
612.1720821,47.31396456,0
621.3672146,51.00158041,0
588.5153952,54.50717252,0
781.4664101,49.36081285,0
334.8525011,49.9871493,0
373.3862848,46.31501802,0
696.3631782,46.27109062,0
986.9698034,47.52179339,0
1025.416213,46.71870242,0
805.7562029,48.34429515,0
622.653618,45.40549714,0
321.2852108,46.90428451,0
945.2295591,52.3674893,0
871.0354401,51.70758619,0
841.7488227,51.80102834,0
2856.094177,67.53383773,0
4332.531922,72.49515932,0
1272.425183,66.71893099,0
1513.918965,54.95175476,0
1058.198827,55.46172063,0
1018.470526,53.21034939,0
786.7314469,52.07593722,0
601.2296169,49.68578803,0
375.9000037,51.36389309,0
599.3075034,47.44809388,0
1069.874231,43.774175,1
1039.038272,47.52594834,0
841.4526636,49.83217803,0
516.0280103,49.25982413,0
215.2571162,49.5260778,0
552.5986043,47.68620309,0
651.1973609,50.22087419,0
610.3175582,51.29983027,0
422.0953552,50.16177427,0
314.3633982,49.26767,0
300.59026,43.50634974,0
545.9943661,40.40652088,1
949.9460817,39.81756022,1
629.1239195,38.74376899,0
1219.588762,31.20495736,0
438.7117909,30.37216129,1
204.8192376,32.11697285,0
1026.210868,35.04895665,0
665.7097023,42.23363558,0
679.3557461,45.21806101,0
521.896882,46.78400776,0
361.3611851,46.69944346,0
459.6291304,42.51426297,0
739.110821,41.41890947,0
1784.798104,42.42354232,0
977.7309013,52.59870211,0
1483.479853,55.72445343,0
509.7215005,55.6193258,0
250.9174221,55.13921712,0
654.3861027,52.92523634,0
982.0536566,58.51890199,0
937.0049418,56.54246259,0
630.8450288,55.33486532,0
416.0738406,58.98521677,0
369.3118179,55.89005554,0
2094.942075,71.37979894,0
1453.70216,74.47540008,0
1279.84356,77.5246204,0
974.8513068,77.83305233,0
1073.435043,80.92901033,0
630.4958065,69.59613185,0
647.2839703,72.82011249,0
490.3882332,68.80126521,0
501.4341748,55.81908233,0
505.3200229,61.09402491,0
445.4469538,61.80171223,0
422.9508807,66.61438629,0
858.1097622,63.87638699,0
1377.627966,62.80325648,0
1053.783271,65.03257903,0
695.708803,64.00537848,0
452.9735119,65.99232055,0
340.2953146,62.09092662,0
290.8069901,63.36874039,0
645.7599148,64.59088421,0
553.6635257,64.27236078,0
496.3308618,64.54693856,0
329.5322326,64.62223088,0
170.8307556,61.14185822,0
1353.797903,40.91685376,0
1450.837739,40.24840605,1
571.2071061,43.59351434,0
410.9341733,43.87549327,0
349.1895921,46.01457151,0
306.5317584,44.29528696,0
588.4258475,48.2115217,0
818.9711165,50.03920171,0
540.010354,49.10604063,0
771.2333678,43.73586281,0
524.2630377,50.80160134,0
181.6148838,51.2715251,0
738.0843553,59.63500614,0
1093.965325,59.4402056,0
1010.438532,59.88240188,0
701.1406587,58.55138152,0
425.1889523,57.16791406,0
338.9444023,49.88313592,0
524.9925921,49.97414972,0
1039.450127,49.31283044,0
600.1180389,52.65810533,0
474.5551705,54.11074652,0
447.324466,48.50131372,0
443.475974,42.60399793,0
643.6174413,40.51644433,1
1037.504783,49.40999915,0
493.4826256,48.75901448,0
644.0313593,41.47390375,0
446.7094772,44.20075498,0
281.7410518,42.94010504,0
428.2790758,44.86451687,0
569.0228042,48.83400413,0
806.0140115,53.23399645,0
488.3553632,52.08759897,0
385.8740021,50.31455459,0
396.5443891,43.58256019,0
465.0134699,38.18142146,0
577.6526988,46.53985855,0
413.835318,49.15151302,0
492.4165884,41.9086632,0
323.9199833,48.3576098,0
322.7476159,51.27581545,0
305.9776205,49.7106903,0
511.1476465,47.37476215,0
745.8182832,42.74698674,0
644.5783686,46.2944997,0
482.3983276,47.42493479,0
276.7327406,47.41258141,0
674.6183529,46.82153444,0
844.705726,44.57418464,0
958.665053,43.39296053,0
645.3279775,47.09146223,0
467.5925864,45.71911401,0
351.5135025,46.79636387,0
594.8893277,48.16275976,0
824.8750265,50.91465142,0
944.4886367,48.17860552,0
610.2673178,48.75579943,0
545.5343638,52.37995595,0
529.7727293,61.99252216,0
644.5401213,61.20853757,0
807.4930208,65.40918501,0
836.9866009,63.62923758,0
676.7747296,65.96113766,0
549.1978999,69.08044843,0
540.6396747,69.46995865,0
852.9344042,73.22055345,0
923.4087181,76.38094692,0
698.1941378,74.98498509,0
1320.864813,83.20469212,0
873.2891358,83.33241609,0
778.807751,83.86567764,0
1003.550627,85.11807476,0
1135.740493,75.28973885,0
990.3397064,76.92730567,0
881.5589797,77.70353239,0
616.9536415,58.34424307,0
317.9007107,63.98095525,0
544.2061266,61.33174512,0
448.119816,64.04861167,0
412.5708648,63.73410221,0
408.8297642,62.39848396,0
393.3530204,59.13284378,0
263.4631655,61.12379801,0
326.9910995,63.35175611,0
653.608948,58.82595571,0
748.5947022,61.62678552,0
611.1973039,50.26683515,0
863.9395578,47.96675752,0
546.4685355,42.1169197,1
919.8735012,43.95705233,0
894.8457092,43.48633034,0
1001.539838,41.73998922,0
740.1773139,48.20192368,0
464.317007,47.78336646,0
521.8634971,53.49018101,0
899.753946,54.15070742,0
912.8121893,49.26066052,0
1018.634869,52.24434057,0
690.8322125,51.10216272,0
909.1691216,44.06588836,0
287.2510285,53.523881,0
733.7828894,57.46104473,0
1043.961226,60.87560134,0
918.1858846,55.60586328,0
688.6880266,54.43873783,0
514.1932099,57.08714819,0
417.0560864,62.12218408,0
994.230909,63.63599223,0
951.7458571,61.69902766,0
1275.119313,56.32397917,0
616.5988532,57.06049572,0
596.2330775,58.5323975,0
419.5603657,58.97847689,0
614.2664092,59.12800107,0
816.5889693,59.03145012,0
882.5189675,62.85882732,0
702.9218313,64.91869618,0
638.4823791,56.21977557,0
246.2479679,61.4444239,0
510.6782191,62.94410538,0
663.3453118,62.24745502,0
615.565118,62.56615417,0
1086.035551,49.20100252,0
417.7814797,47.13955477,0
236.0139674,51.62777005,0
301.3910449,51.22673587,0
561.8500482,53.89562735,0
524.226018,53.2965257,0
521.2497707,55.47692792,0
390.7583637,56.63961793,0
655.4719292,65.82384548,0
872.9129075,65.2184015,0
1091.192742,65.63178511,0
912.627471,62.97653012,0
1577.160037,60.39229001,0
629.7548954,62.41558288,0
356.3482681,66.31536107,0
665.185244,68.71992936,0
1313.01083,55.27184296,0
882.7201123,52.36037598,0
817.5010344,57.4687203,0
526.7327233,58.44796833,0
376.6975133,58.7112226,0
665.43805,49.62571407,0
1126.745497,54.66276738,0
985.0272187,52.51997167,0
963.2935532,54.32185759,0
711.185191,55.548927,0
620.1907282,52.28783252,0
863.9001262,53.52681393,0
1607.866618,52.74712246,0
1174.807564,48.47254215,0
853.9133162,53.55839494,0
873.5716822,57.40909009,0
435.8881249,57.31687412,0
921.2774194,58.43144267,0
1347.357567,54.27136881,0
1290.08865,56.44498693,0
1576.313151,65.67706213,0
583.5486528,68.68252295,0
346.7343293,69.61406971,0
389.6831527,68.94313884,0
712.9456538,70.69224371,0
781.0894397,63.56794326,0
651.0540606,66.66123554,0
416.6285499,66.97978233,0
173.4919567,67.95466925,0
375.19929,61.25285654,0
585.9796286,59.2103974,0
659.6838082,62.98782761,0
763.2386531,68.21276053,0
631.6888094,68.99397263,0
515.9735415,66.45985293,0
1134.267488,60.98280622,0
1257.3214,58.04661698,0
1223.316103,57.55824729,0
886.4923396,56.84292722,0
605.267367,56.21098408,0
579.2550924,55.92403294,0
1082.745552,56.97528517,0
1223.95657,59.54696043,0
1565.33673,72.61593659,0
1499.890162,80.48039708,0
1195.337926,82.60684367,0
488.8005835,80.41671398,0
1950.995052,88.34923542,0
1837.087642,78.17382838,0
1472.229074,82.59921972,0
1478.783507,84.96979267,0
1494.407315,88.69619034,-1
1322.607946,85.54288456,0
1379.593869,86.59920456,0
1463.093529,82.09579708,0
1639.724474,77.12734164,0
2571.028543,87.66473566,0
2592.837678,85.58699608,-1
1349.319919,81.80537673,0
1879.710573,72.45636093,0
2510.853982,74.00761289,0
1843.756625,78.21589145,0
1830.832078,72.78746748,0
895.3312489,73.56120752,0
909.8156811,63.94270265,0
847.34469,58.97482711,0
891.9116112,64.92064035,0
1094.294592,58.67753211,0
1092.26024,49.01716435,0
1329.350632,47.73285971,0
714.7557622,47.48952772,0
692.2310742,52.72952464,0
853.0440617,57.13026514,0
731.9825465,59.17670297,0
814.4114093,60.93670752,0
479.1137343,60.55394714,0
289.011461,57.34887532,0
424.1569999,59.55463098,0
611.5123798,60.17264274,0
684.3670908,59.68949474,0
600.6434976,58.51081346,0
590.1533689,62.90198123,0
540.094775,62.74440303,0
1962.631713,70.04300225,0
1470.918194,68.95257242,0
1558.228438,64.0529809,0
1713.700859,68.78045356,0
1120.463666,70.38030668,0
1021.660445,68.28465733,0
1874.679918,69.86463275,0
1914.307309,73.7229037,0
2154.181645,77.40089587,0
1794.910983,73.33915902,0
1551.109793,74.7301212,0
823.8700359,73.02327685,0
1491.565431,64.44015077,0
1822.790466,61.48433125,0
1517.590377,65.02526019,0
1216.237609,59.16730261,0
1357.440019,55.65315626,0
1170.162888,53.37107771,0
1492.288118,58.03110001,0
1488.605679,57.72099432,0
1221.028708,58.41925257,0
1216.726662,55.67126944,0
634.4983277,58.27285464,0
257.1313721,54.47853359,0
353.3086437,57.45725117,0
734.0203804,58.4036637,0
649.7991211,62.28174729,0
631.869637,58.94287332,0
393.9056362,59.5369365,0
305.6597461,61.99898952,0
421.1676609,64.12049972,0
1531.036089,69.59066925,0
1248.832146,68.11500254,0
1155.209328,73.28117725,0
906.6315665,73.99394351,0
587.0427185,77.1485979,0
1202.031577,77.64499002,0
2029.397362,60.47620944,0
1856.126967,63.9291973,0
1152.721497,67.61789296,0
1154.067169,64.9470045,0
928.1739581,65.08858933,0
1166.926631,63.34352737,0
1647.609169,63.81278458,0
2684.177095,64.73202865,0
2376.206835,72.75981882,0
2248.384349,76.35684164,0
1148.608256,80.1438345,0
2667.043235,80.60932813,0
3817.615476,85.18829951,-1
4031.88784,85.74510709,-1
2483.547941,86.65712741,-1
2235.881643,88.85912367,-1
3196.008649,62.18111902,0
6213.467669,41.08064427,0
3529.831401,37.77416341,1
2817.227316,44.74509428,0
2109.686247,41.35392309,0
978.4378229,41.55617538,0
3320.913942,31.75170516,0
3010.22493,35.85706542,0
2809.937113,33.54592199,0
2124.459426,33.97104965,0
3975.166689,28.65595862,0
1872.661704,29.90788314,0
1091.176277,36.8332306,0
1096.345461,39.10790174,0
1970.259339,40.03049039,0
1214.269117,42.26167662,0
1180.876908,46.42394704,0
1239.873416,46.07840924,0
404.6887839,43.7518944,0
757.2614262,44.46515284,0
937.6946795,43.63166387,0
929.3224101,45.78055951,0
1307.122591,41.45670273,0
681.009311,40.27411989,1
846.5465608,44.20860433,0
701.5065295,43.00369264,0
1196.173967,41.7440283,0
1235.6702,43.80455497,0
1137.279324,44.97832973,0
753.822414,44.3000665,0
584.7727288,45.78064892,0
1045.345191,44.20344221,0
1719.330717,44.00602556,0
2208.303033,45.74109476,0
1512.067601,47.67528187,0
1031.47198,49.02885396,0
3949.271386,32.42444022,0
5487.887923,26.5662051,1
5507.366259,28.06604618,1
2177.907727,26.29607851,0
3389.070529,25.50560871,0
2594.534964,21.93283455,0
1189.630363,26.17569757,0
1819.565249,35.93382248,0
2556.314238,40.92851288,0
2528.364548,39.5730505,0
1838.454453,37.56515767,0
2162.060832,34.90410696,0
1787.559185,40.94421532,0
2949.93057,45.19398841,0
2176.038666,45.05001867,0
1572.024998,47.51773263,0
1604.059478,47.67792176,0
1278.234636,47.12915342,0
446.2105531,49.26261318,0
645.9186392,49.25657507,0
1028.442181,49.04294687,0
1341.611424,46.31282881,0
1148.594878,46.95796504,0
975.5367815,45.01392641,0
427.418945,45.0032539,0
593.7301675,45.4535736,0
872.6155773,45.52290642,0
784.3972837,49.55732211,0
1173.313753,52.19979715,0
763.4332178,52.26628888,0
881.8379415,46.78463181,0
664.1701565,50.28213115,0
654.188567,49.89891509,0
822.1388231,49.98766748,0
1081.616573,59.06181143,0
1992.514726,70.85989056,0
997.3671634,65.51769013,0
1105.564386,66.19038145,0
2154.53828,71.91078362,0
1201.482934,70.87931211,0
1813.963905,63.26936973,0
778.2192612,64.92934152,0
414.4233267,66.64804852,0
2346.576069,56.08678298,0
1178.761271,52.60028204,0
1306.959778,57.77523767,0
1498.787035,60.32605203,0
835.6180867,58.94817792,0
604.4035191,58.99501768,0
802.9084085,60.37770783,0
1302.820883,61.32713606,0
1905.354121,61.96779095,0
805.8352238,60.00886291,0
998.5000623,59.31618091,0
466.2022983,55.90059213,0
618.4696252,59.1662449,0
713.8216776,59.39137933,0
695.9843601,55.47072608,0
1552.340346,66.32647993,0
839.2520048,64.16012772,0
435.5802747,65.73273385,0
788.3532202,65.80135471,0
700.632198,66.33139562,0
600.0241586,66.2707856,0
1161.122567,72.08699436,0
757.0813594,70.0818255,0
602.4784542,66.19931529,0
1565.644293,56.14948131,0
758.0434979,55.8516612,0
650.3474093,61.47231414,0
741.5301216,57.38153151,0
516.4238291,56.91467726,0
310.1044254,57.47842838,0
679.8670825,56.57721051,0
1143.935169,54.28563322,0
1014.993775,48.02104955,0
1616.285615,50.66408469,0
808.7055197,52.59101982,0
686.1884851,45.62443903,0
837.661702,43.59719873,1
1158.049063,46.13946953,0
1565.560575,36.53467715,0
1125.283639,44.42453233,0
570.0668489,44.6803296,0
334.3294996,45.75582988,0
772.5672581,41.08028492,0
1093.965613,41.66388494,0
910.7761206,43.71236355,0
1093.146496,49.61859646,0
639.323487,47.39073787,0
300.1744575,50.56709103,0
966.8155898,58.99925683,0
1244.975333,56.4023948,0
845.9276359,55.74515478,0
786.0347518,54.79096898,0
709.1720193,57.70866962,0
423.3699593,57.55933798,0
633.2085363,58.28737972,0
864.8490303,58.00821339,0
697.8509243,58.82349553,0
560.7375657,59.50652211,0
350.9289001,59.8279577,0
248.7922487,59.8519025,0
506.3405478,58.72109803,0
618.9783395,59.36416902,0
574.0613262,60.43568708,0
569.8122997,59.64132276,0
286.6281921,60.14164784,0
288.8033484,60.00528951,0
397.4793563,55.4056477,0
805.5625498,48.82624388,0
538.7859428,47.27399492,0
702.185044,51.30987165,0
506.2561656,52.94027842,0
242.9992676,52.12999045,0
573.9442786,53.81983333,0
995.675427,54.7800436,0
832.4309772,57.16262327,0
685.659679,59.77135448,0
742.7083006,70.68434123,0
455.8460283,74.4370292,0
1941.815116,84.34061407,0
1871.353314,75.52870958,0
1216.670012,80.17665738,0
1488.389635,81.37464815,0
906.7024465,82.62346277,0
729.1164896,72.02167565,0
993.8203543,73.8795897,0
1081.558822,75.46550207,0
1034.186998,79.68736553,0
1358.710389,73.29703619,0
530.5185584,74.17432389,0
384.0261268,75.2713378,0
854.687048,76.53880956,0
1541.62611,78.43983859,0
1317.567603,80.22955943,0
1730.11443,83.11986872,0
1407.488677,79.56288838,0
896.1900344,70.89155368,0
943.2184385,74.1262191,0
1023.850151,73.13588999,0
1202.811512,73.60797606,0
959.5892581,68.25397673,0
729.1786419,69.16193862,0
310.5995035,66.14843839,0
680.552499,67.46389858,0
1606.9039,76.52702937,0
871.0808947,73.28337449,0
727.3787334,71.64385646,0
499.1934191,68.4175727,0
448.1910494,64.40655018,0
830.5029369,58.72663468,0
1570.393876,53.7820048,0
904.1335292,56.69989717,0
516.0326921,58.79302057,0
523.926011,58.96414217,0
581.4328025,60.81816737,0
696.7794725,60.93984653,0
1291.712968,59.44408428,0
1007.014945,59.55910035,0
816.7260123,62.52793686,0
942.8441693,72.54066681,0
511.3251212,73.15961595,0
1438.118777,72.11783486,0
1239.265301,72.25381733,0
923.2382726,74.68171382,0
1425.605297,79.65440628,0
800.4607177,74.92592015,0
2122.77232,54.239754,0
891.2973229,60.54712251,0
1274.374118,64.59108005,0
934.4324051,60.69278586,0
1206.742883,66.2695053,0
1208.015817,60.34033004,0
396.5782679,61.3641573,0
8470.253838,35.79377509,0
3562.588625,29.71960883,1
2117.596309,41.05198227,0
1790.721323,38.74433532,0
986.5819024,39.18183093,0
854.4626827,40.13196826,0
1235.427819,38.43904208,0
1892.88703,41.80652744,0
1896.445483,46.11179424,0
1592.130143,46.84374931,0
947.8047254,50.4812838,0
415.81005,49.47932363,0
500.8905082,49.30921906,0
802.8852845,51.39795238,0
653.0297822,51.62277996,0
521.8847926,49.43037393,0
333.6507408,49.51821128,0
61.80025463,49.813256,0
143.2042568,49.58156447,0
188.1623059,47.17516457,0
276.484951,47.98156493,0
584.3720104,51.17593173,0
561.1622487,50.89023756,0
900.0271021,44.19462533,0
939.5505997,40.43846071,1
1322.760618,44.98051761,0
1051.300051,45.48530435,0
1018.8821,44.54737106,0
1012.240791,48.36523924,0
1041.821204,44.5010131,0
767.2899482,52.39904962,0
1217.567069,49.48068743,0
1206.071939,52.57247442,0
798.2658233,49.69290216,0
579.7508515,49.79460857,0
345.7940141,51.25542933,0
1078.963835,51.78486432,0
1443.863051,52.81467086,0
1003.411217,53.30605834,0
1555.576551,57.25109643,0
803.7522422,59.92265245,0
617.9521067,60.20822559,0
924.7255861,66.21195769,0
1332.523455,68.5100269,0
1240.499656,67.32980336,0
872.9983622,68.97923504,0
516.1040007,70.06432336,0
688.0408819,70.94404858,0
1935.104878,76.27431207,0
1624.161189,74.30265767,0
1053.892954,74.61292673,0
904.2956804,77.29095132,0
793.7428291,79.77503339,0
370.6585261,76.28725001,0
629.1763166,76.7467631,0
809.2675488,71.7836591,0
630.5863835,67.65329412,0
672.5942039,62.18484758,0
291.1838405,67.21782926,0
221.9143396,62.18550021,0
579.8065426,61.37820543,0
825.9123924,54.84565142,0
493.2361347,59.2333374,0
535.1090146,52.24021541,0
397.2625028,57.99433544,0
417.9428076,58.07122847,0
448.9997923,61.47605898,0
704.6007323,62.09224778,0
1953.223467,72.7919396,0
1092.673075,70.537929,0
1185.288374,72.65781959,0
683.8382357,78.43937067,0
1672.740088,72.4738242,0
1485.657153,76.00705975,0
1550.059526,78.47513724,0
1199.842717,75.69605368,0
949.9522143,69.65895688,0
526.692949,69.78803928,0
881.6874319,74.14645464,0
1485.829616,75.28370176,0
1238.363715,69.63330579,0
1040.310378,70.8502049,0
489.574419,70.8602386,0
677.004236,74.75883652,0
1463.009254,78.22932909,0
1599.947273,80.10971094,0
2464.657513,83.46164582,0
1793.978502,85.27926627,-1
4978.675796,66.37462024,0
1511.192597,66.72016236,0
1599.108674,73.1455487,0
1982.986471,66.35437607,0
1308.931749,66.81184666,0
746.9278575,67.32364083,0
670.8216516,65.23255922,0
253.5330604,65.27174702,0
1011.971227,55.7205663,0
2710.809536,51.15757274,0
743.5777831,52.61767103,0
1302.641429,45.80628359,0
558.6801886,53.68881,0
438.1975878,55.79287737,0
353.6447759,56.82083547,0
1217.637301,58.58641023,0
667.1915727,60.88601824,0
920.3523429,63.5811094,0
641.4087921,59.15786211,0
490.4619147,60.11195487,0
899.934407,59.70968577,0
1743.142337,62.32194057,0
1693.463451,62.73618686,0
2732.506192,63.42337287,0
1668.285691,60.2571411,0
949.040864,57.7454073,0
1050.037931,58.29655156,0
1777.034333,60.72660769,0
4468.32,60.72660769,0
2387.507906,63.63163873,0
1266.468875,59.01971537,0
694.1449871,62.19495554,0
2275.655394,69.19819541,0
1973.354395,71.50412025,0
1542.344661,72.31788777,0
1563.888831,68.52007848,0
944.1859713,69.60555161,0
776.39937,71.30683883,0
1609.047822,78.49406347,0
2383.857255,81.30183468,0
2215.992814,77.0151439,0
1472.690517,79.16094289,0
1677.571105,73.2502614,0
1156.698663,77.2077696,0
1509.230481,71.31401586,0
1642.603527,68.61574411,0
1530.660615,72.73411571,0
957.8643239,71.35061416,0
959.9984207,71.04843483,0
561.636677,70.46469779,0
1340.02473,58.43853504,0
2059.669685,59.50639119,0
903.6055324,60.45686669,0
641.819734,56.39568312,0
618.6504167,48.91833722,0
668.4703642,52.61700273,0
491.0384006,57.10082347,0
758.0350403,58.44422765,0
833.9157613,60.08849312,0
854.7340925,55.52794349,0
524.7514166,59.94225288,0
339.5662714,59.97585295,0
740.2235558,61.10408317,0
1135.195936,59.21927062,0
1360.44474,60.55969389,0
973.9437095,61.18898743,0
1140.62044,56.14766002,0
3062.411111,31.75680134,1
2227.440305,39.40528745,0
1975.379902,46.89820374,0
1693.668937,42.69183053,0
1596.10522,35.84563733,0
4541.845089,31.71880858,1
1066.611166,38.39251157,0
1644.56016,34.16755964,0
1852.201803,33.45317402,0
2546.086568,29.07358952,0
1685.572473,31.45208612,0
982.4217775,37.42415896,0
718.6120047,36.65480806,0
1339.100876,42.69233055,0
2509.199773,46.85022777,0
1342.235286,45.06780417,0
1238.755537,47.55156134,0
1150.94955,45.24021249,0
828.4508026,47.76668992,0
6574.953146,56.6007182,0
3979.982566,63.15839798,0
11929.05718,35.05434847,0
3570.630422,42.18415807,0
1648.50985,48.79843102,0
1161.669278,48.98887659,0
1270.145302,48.67188764,0
1465.757326,46.27890769,0
1167.913566,47.74559376,0
1405.289038,47.41471352,0
608.6319582,48.13746622,0
440.5562292,48.18223965,0
1389.851069,53.44912952,0
2094.156734,57.02547977,0
798.0173489,56.18231542,0
1448.064169,56.87434706,0
2108.103603,53.16224556,0
793.1699112,56.90631557,0
1498.931131,57.17524776,0
2263.643784,55.69870913,0
1488.32862,57.06312948,0
1114.502413,57.59195196,0
856.2766105,52.73841435,0
466.6622989,56.57480895,0
1775.517112,58.0243189,0
2075.39642,57.09738932,0
1177.350757,55.90979379,0
897.4051989,55.73439611,0
620.3278134,57.97807863,0
606.5633061,57.59581615,0
1153.296979,58.39168321,0
2071.379068,55.00972972,0
2024.372241,59.53578061,0
3237.731265,54.10182367,0
2073.857952,50.39851558,0
1004.593663,48.31782265,0
1746.76683,43.50685868,1
2834.454592,33.46636652,1
5762.965734,32.73246672,1
3285.185248,24.57064787,1
3777.93749,22.66377808,1
2680.38164,37.06702505,0
2409.429621,39.36071042,0
2729.775448,33.71208662,0
4434.570513,27.2207069,0
2394.962924,25.75579163,1
2751.076243,29.60259793,0
763.7339967,33.16874686,0
7360.049364,22.88608458,0
5507.455778,24.5141709,1
5194.040654,23.93087136,0
3637.43149,30.93454671,0
1452.60387,32.38139475,0
1128.463445,30.801334,0
1668.758523,39.30448478,0
3269.691275,43.60665265,0
2363.84906,38.98331436,0
1681.249339,41.91588479,0
1435.749191,40.29420413,0
809.1756683,44.31755832,0
1568.356793,43.8094728,0
1829.714584,42.81559604,0
1664.308586,44.98737748,0
1983.597394,48.88488212,0
1836.750101,52.11228707,0
770.0487448,53.31996446,0
1054.777533,53.90646763,0
4247.72293,57.30450769,0
2608.67379,58.31540467,0
3255.469387,50.31160407,0
1224.916721,45.37251224,0
1274.627971,48.12966394,0
3310.199997,38.44022887,0
3482.641291,38.90051296,1
2040.337469,44.09295816,0
1312.196751,43.8796193,0
895.4921251,44.94673484,0
731.3821762,46.9713938,0
1006.498885,46.93066096,0
1620.463241,45.48853256,0
2347.024626,42.26610429,0
1493.257482,40.40142732,1
2004.667866,39.99349972,1
1687.424852,35.62772685,1
3184.980451,35.49152589,1
3412.913839,33.29269862,1
7288.187533,26.28663861,1
3440.936496,24.69963338,1
3916.190242,27.43531279,0
1727.14897,24.78307744,0
2432.046676,33.8775254,0
2561.158846,36.35481254,0
2620.188912,42.03384166,0
1543.52674,44.02949371,0
1240.125124,40.75425077,0
551.4454746,45.19990421,0
2491.291807,51.93724076,0
2032.500843,49.24410576,0
1645.868602,46.0147471,0
1583.280985,45.84823712,0
1019.990623,51.98280258,0
645.9183047,50.63328948,0
2959.544516,58.80414599,0
1545.060663,55.78665357,0
2497.108504,60.49189592,0
1712.340115,59.45279364,0
791.9562952,61.34079636,0
1227.365963,64.64971477,0
1561.345806,62.40845698,0
2078.242385,53.31804776,0
1688.041307,57.15476396,0
2165.286659,48.97676422,0
1205.764702,50.73679098,0
1243.033291,56.91814273,0
1159.308257,54.58955383,0
1680.462891,54.25998097,0
1248.488675,55.26119173,0
2008.064282,55.54139922,0
1002.124876,57.04260468,0
1176.502869,53.34017188,0
1292.57653,51.05571336,0
1835.489062,51.31822692,0
1020.864138,54.36890483,0
1948.848448,58.05314875,0
1284.736019,56.21667101,0
612.8247262,55.79860759,0
2848.975642,66.04231179,0
2607.50637,62.71104374,0
1972.104274,63.61500287,0
1025.933736,62.7293677,0
571.6841611,65.27209887,0
1290.52778,66.25676211,0
1685.5793,59.02721846,0
1078.256428,58.12660166,0
1084.436839,60.81309439,0
758.2313912,58.37602085,0
564.6126525,61.51258129,0
554.4268637,58.11986869,0
1725.669228,63.31707977,0
2560.410204,65.15443697,0
1761.245053,64.117333,0
4102.571884,73.05421463,0
1632.510743,65.73257156,0
1084.10432,66.12040061,0
1249.833963,66.32769875,0
2151.148436,68.65204613,0
2473.909263,67.97167332,0
1722.645908,66.48625623,0
1118.901,68.0796299,0
1202.689866,64.40099621,0
2090.000633,58.22646081,0
1557.717656,61.10358759,0
1269.495109,60.70438879,0
1329.383509,58.78549124,0
841.7442373,53.58715191,0
980.2378998,55.75151418,0
1304.629733,50.44611846,0
2878.525593,53.83485388,0
1392.813051,54.59448413,0
2357.634186,61.46141262,0
1443.593709,62.44566717,0
821.0541238,67.32195585,0
1301.380466,65.02659618,0
2556.947258,69.10617211,0
2761.686697,70.76418119,0
1112.94781,63.87096747,0
1000.557905,67.56379468,0
607.0492644,66.93415887,0
1151.385901,67.99866533,0
1511.853658,68.44846464,0
1622.728542,66.08099067,0
1239.013982,66.98186932,0
539.282826,65.46097299,0
410.9908424,63.18871498,0
592.795502,59.67676213,0
1056.810987,58.0621243,0
588.7567059,58.7753309,0
664.3819653,59.67896913,0
409.1857839,59.32509772,0
387.8058025,52.62552616,0
1152.419852,63.31504195,0
2275.329369,68.67256339,0
977.5708912,66.16964945,0
1407.383599,68.45989577,0
461.0730453,62.04476709,0
375.5916262,64.67959258,0
1114.469654,62.79417117,0
1250.368656,60.24483647,0
1050.670056,60.90877864,0
829.2496251,56.55771835,0
594.4215404,57.84418808,0
527.0064012,60.87132264,0
1184.785826,65.53360269,0
1300.678537,64.78866031,0
1063.537755,65.40277931,0
803.9984857,66.32322798,0
1104.141404,59.48930825,0
615.7989803,60.28118646,0
1109.312858,60.34160325,0
1585.079897,57.2712217,0
1328.581825,55.99277987,0
1103.499154,55.17048478,0
1481.01418,42.65142437,0
807.2016125,43.92953619,1
1576.96118,33.23329722,1
2834.61433,31.4495324,1
1625.764205,35.98195505,0
1039.662902,40.34129331,0
539.6202665,46.17771425,0
586.2593574,38.67213313,0
1514.748231,45.99146074,0
1082.123981,42.7844493,0
906.964056,39.86927544,0
1068.212493,43.60699598,0
489.2606814,43.57943123,0
313.8210994,43.73901135,0
795.0858075,49.13670968,0
841.8985916,45.87184464,0
558.6411586,43.71355815,0
583.7748787,48.64733885,0
399.7415815,50.01772186,0
260.7688744,47.09701903,0
542.7146399,43.97212503,0
731.8380033,45.37611607,0
567.852451,43.8896642,0
745.4231233,43.88349632,0
800.1286477,41.72391625,0
577.5030389,41.22561904,1
1253.852464,51.20284214,0
1963.930259,55.06506468,0
1212.259486,53.42477376,0
1210.980026,57.7080972,0
1121.459297,58.00295569,0
623.4279148,60.41245488,0
1126.193684,60.61683018,0
1170.194515,61.79825937,0
1028.225217,60.71830007,0
975.7296919,62.62738345,0
990.9759957,50.59231591,0
433.8458015,56.01350439,0
938.9340297,57.60004939,0
1292.202171,60.31144288,0
1642.125087,65.21590491,0
1414.361068,67.12370759,0
636.9073255,68.27523811,0
653.5179132,69.93020793,0
1527.816902,72.96328415,0
2336.581819,74.24223919,0
1178.99837,75.76347309,0
1190.51379,77.89389188,0
533.61535,80.48133513,0
764.1320467,81.31754872,0
1665.648263,71.61209093,0
1283.320158,72.63769162,0
1234.738062,74.20959104,0
767.352576,73.87152258,0
746.2494642,73.35171761,0
487.3435147,66.07246145,0
1199.088595,62.13723661,0
1647.151684,67.52452005,0
1317.568815,65.23544959,0
956.6816826,56.64190004,0
594.0724332,63.6348321,0
414.4577846,61.46352889,0
952.1666203,63.79739139,0
1043.737395,61.30826809,0
1082.310973,63.05986289,0
1123.809532,63.83784539,0
771.7139818,59.26344998,0
563.4932548,61.37530438,0
1046.764012,59.09134972,0
1470.324841,65.49161904,0
975.8990376,63.0413159,0
965.5542813,68.35989199,0
669.6363902,69.57695288,0
687.893164,74.27783073,0
1884.899624,73.82156328,0
2174.15319,76.23605496,0
1736.193384,71.68347395,0
1023.108351,72.96367997,0
1039.06957,75.29279887,0
854.7058149,75.60779182,0
1898.405795,82.94200245,0
2685.70569,75.38321505,0
2100.089689,67.97016341,0
1053.279897,70.82245364,0
922.2833933,74.75501387,0
1173.329421,73.71812038,0
3015.057649,79.63578355,0
1681.286507,79.43609341,0
2646.685165,81.3765055,0
2752.76898,83.78108526,0
2020.076792,73.96130794,0
1922.467858,57.23358569,0
1797.940987,63.84609341,0
2461.157482,54.37944253,0
3069.180018,63.02939274,0
2674.563996,63.23259591,0
1340.835688,64.6630116,0
1090.212011,56.59180748,0
1717.589125,60.29008426,0
1525.869962,62.05852423,0
1324.23143,62.95160199,0
1413.588779,55.83425739,0
1047.899475,56.12549079,0
876.0330193,54.56808359,0
1098.518177,54.68040649,0
3128.095153,59.15753739,0
2988.228842,65.90185424,0
3289.218961,72.60628719,0
1999.404755,68.87616152,0
1510.660221,64.38470897,0
3271.551432,71.36880543,0
4369.44098,73.16755733,0
2552.024648,66.94530491,0
1681.273123,68.06735684,0
1697.218836,68.87743499,0
2216.25642,74.04917079,0
2103.621349,72.16719646,0
2434.674957,63.52669352,0
1978.266425,66.66703254,0
2025.366316,66.98460573,0
1244.499078,61.68674181,0
1318.082715,65.43751524,0
1883.459354,65.69914008,0
5880.744303,70.41476203,0
3988.639466,73.48926297,0
3409.169504,75.97893575,0
3465.349887,77.84351045,0
2309.083786,78.19905429,0
4075.537559,81.89763185,0
7422.494946,64.36145254,0
6047.391014,65.3607137,0
2975.132848,69.14211637,0
1825.990146,71.62116905,0
2177.690748,68.56834475,0
3275.510243,62.0707048,0
3077.064073,57.30376833,0
3672.496102,56.23244277,0
1632.924414,60.49466503,0
1129.597271,62.25158616,0
973.2609641,62.52522225,0
1621.702017,58.39316796,0
2114.676962,60.75547575,0
2134.003915,59.51524782,0
2139.756039,62.29367957,0
1306.114983,57.19462545,0
1190.67067,58.34207544,0
1982.282696,56.03168666,0
2297.28073,59.4490262,0
2821.464861,61.81696214,0
2822.833287,64.31286786,0
2780.461709,67.78876786,0
1952.508508,61.44125776,0
2347.137028,62.62980345,0
2147.529826,65.95687602,0
3853.859631,73.75092589,0
4853.600014,65.15169274,0
2793.202673,68.87298849,0
2236.519938,73.49521474,0
2913.919373,69.47710386,0
2586.643335,72.82153559,0
4505.995613,61.28356228,0
2238.387624,58.78755432,0
1885.859809,61.77470884,0
1754.956422,64.31146279,0
3322.414901,68.20630522,0
2237.416858,64.95525724,0
2114.675715,66.66632322,0
1863.779438,66.72078138,0
3175.554819,73.84684811,0
2271.441115,71.85633039,0
2287.077739,70.20087718,0
3032.36727,67.33516415,0
3120.115804,65.64235764,0
2359.42932,58.0649582,0
2995.344533,56.25062294,0
1119.451808,59.99898077,0
2392.18673,49.45512036,0
3523.301995,39.35002258,1
4147.208223,43.7662073,0
4044.117862,40.00955983,0
1693.044504,45.3010385,0
1121.278355,49.91259631,0
1713.342754,47.26149829,0
1436.710437,49.94143554,0
2371.499822,56.30714018,0
2474.681812,57.32512355,0
658.0106158,59.22143444,0
704.0386259,56.07384049,0
886.7161161,53.99226097,0
1068.240858,52.60931736,0
1019.271056,55.72628738,0
1107.177259,53.99947764,0
1020.206241,49.95317896,0
1520.542921,50.46535028,0
2112.260264,45.3256412,0
2348.765675,43.95834487,1
2085.094189,48.77464053,0
2768.624896,43.62141337,0
1889.11303,44.37163242,0
1397.102655,48.58796487,0
1902.763395,52.75785538,0
1746.368748,52.78592974,0
1710.536019,54.21999849,0
3968.756175,58.79401343,0
2222.261302,60.78477337,0
1258.127535,59.81704273,0
2140.061302,61.99293412,0
1967.353727,59.15257926,0
2256.661398,57.20149189,0
1844.889758,55.65805179,0
1492.222831,58.89533822,0
1310.901907,56.8779271,0
2163.592542,62.95293693,0
2231.328019,64.54891534,0
2379.927353,68.98507125,0
4301.932388,71.19736252,0
2152.518351,71.76439141,0
1947.175833,74.14937102,0
2945.855351,75.2793081,0
3508.900645,69.91538321,0
4131.498348,74.02199266,0
2128.530286,74.9758504,0
1617.53146,75.96357971,0
1028.157967,72.30122242,0
1535.66993,73.26703387,0
3450.338816,77.44242959,0
3419.598669,79.56445554,0
2257.980285,80.31173456,0
2497.490368,77.85758946,0
2892.248086,79.61724112,0
3697.981108,65.83448696,0
3419.630718,67.33868597,0
2997.153827,68.92662739,0
4028.651946,74.0180846,0
4671.787768,79.07873541,0
3607.087068,80.44154528,0
4751.649583,83.78740289,0
5639.373601,70.60464634,0
6739.886772,59.79990863,0
3043.024374,63.75399079,0
2230.857104,65.54967435,0
2257.80882,67.95290503,0
3792.938585,70.97644654,0
3115.386216,69.70358293,0
3229.124256,70.46461565,0
4038.151116,73.05701298,0
3263.725603,73.69045439,0
2683.118195,77.45853525,0
5834.306977,79.02241418,0
4645.495713,81.56197233,0
4194.93665,74.71420688,0
4064.663141,81.27979405,0
5660.095471,83.47048463,0
2693.149168,85.95716547,-1
5994.654435,76.7415693,0
12398.07826,57.34391381,0
6390.859136,50.67152504,0
3599.131958,56.42441311,0
3204.224141,62.04745198,0
2254.084076,60.52417312,0
5395.8118,52.0997601,0
11120.6158,45.96462223,0
6182.034846,44.9302716,0
4181.370663,44.7171026,0
8803.113975,39.44612794,0
6957.753865,36.69473485,1
4562.32638,38.61797358,0
4422.341842,42.87307656,0
3539.264509,39.89951276,0
4209.022091,47.06800154,0
3721.399079,51.45169824,0
2944.210362,49.37475165,0
3008.423232,45.33136386,0
2158.633856,46.53766775,0
2300.993352,47.82740116,0
2537.124015,46.75593803,0
1893.79275,46.95418754,0
1990.302588,48.2217389,0
1749.299967,50.11097038,0
4159.079577,54.70926341,0
4601.050577,50.80447678,0
3301.843848,52.8539503,0
2249.395798,50.6854165,0
1858.771538,52.31210644,0
3636.262828,47.71011854,0
3078.111633,47.33692529,0
6791.61435,44.2640701,1
4295.700334,44.01445372,1
4599.075629,47.3471929,0
2065.643018,48.64713282,0
4449.195664,51.48562458,0
3876.437463,53.48290914,0
2440.878748,54.21038972,0
4548.182639,60.27875243,0
3622.135859,63.09211716,0
3076.289869,66.46401371,0
3986.439139,58.63510024,0
3937.824256,57.42142714,0
2219.463281,59.81110432,0
2320.533259,61.49147084,0
1479.979642,61.54840994,0
1106.450851,60.159386,0
2592.984133,59.26535419,0
2612.011435,57.70061475,0
2778.699523,63.48562699,0
1855.011922,61.57438757,0
1300.245489,63.17530265,0
1383.115048,67.01797486,0
2225.204598,69.98719883,0
3591.537146,68.67536503,0
3086.774595,66.00575116,0
4219.534108,59.19849887,0
1654.493663,61.03332174,0
1214.142303,63.06188287,0
2200.389037,58.97139389,0
1759.969426,54.86403827,0
2772.264563,58.4685286,0
2614.39152,64.31887804,0
1487.225697,62.54271034,0
1049.345761,64.28017777,0
2130.339695,66.34619694,0
3033.800219,68.44551127,0
3284.666012,72.48875551,0
8353.375265,78.57751443,0
2981.35104,79.56377305,0
1478.866205,80.97068971,0
5417.042428,75.29971406,0
7243.238933,76.01633848,0
3135.773112,77.1042099,0
2673.645771,75.89399273,0
2063.840222,71.25312104,0
1538.258859,72.08108626,0
3060.998815,63.06027465,0
3060.120406,59.59453702,0
7079.319619,49.33153401,0
3530.738772,53.13919136,0
1879.327466,58.34051561,0
975.1835398,56.03349836,0
2217.301329,52.37338349,0
2368.812703,54.86100674,0
2482.325349,59.11696258,0
2024.076418,59.63098249,0
1281.624701,59.54980116,0
854.0721757,60.35950788,0
2124.890944,64.59448387,0
2732.351522,61.52910457,0
2432.627558,57.41518235,0
1623.159336,58.96869197,0
1490.049166,57.087894,0
1483.658816,64.20087011,0
3607.185838,58.62668804,0
5127.679079,62.96907592,0
5403.11967,66.0007389,0
3587.86566,61.46536398,0
1902.038815,60.543396,0
1484.550322,61.0227355,0
3433.117924,67.9633848,0
2781.979885,66.04807216,0
3105.94043,68.54193753,0
3189.300905,66.64429939,0
2380.957888,60.01195467,0
6895.708531,42.33881089,0
5749.624816,45.2399405,0
12118.15237,30.19792708,1
8613.774929,39.07963506,0
4981.917898,40.51926912,0
2969.982596,46.31531759,0
2192.941424,44.19170006,0
2633.644188,44.96368504,0
4225.136567,44.23690468,0
2713.351519,43.81892608,0
2758.475344,48.31940693,0
2561.684245,49.88055175,0
1346.530584,48.76635417,0
8387.241154,38.89206163,0
5717.658789,34.57194331,1
7485.544742,29.52659291,1
5541.766528,34.13577761,0
6614.699925,31.96345871,0
4681.719917,26.03474221,0
9975.199212,24.22627345,1
8894.976135,33.95337821,0
6316.680164,39.53315378,0
4403.576533,38.29682291,0
2931.487878,42.94121357,0
3288.031056,43.4298615,0
4327.036532,42.3361651,0
3518.581651,46.44281761,0
3423.244069,45.55095052,0
3158.4924,45.33425349,0
1978.979523,47.16053546,0
1821.348019,52.52861974,0
2692.145626,53.44808285,0
4558.789496,57.88762811,0
3391.559045,56.36792272,0
2441.095948,58.07315457,0
2354.629132,46.52061826,0
2186.568044,50.8817347,0
2071.299977,49.70428089,0
2416.444198,45.47486859,0
2449.177762,47.05183144,0
2687.52954,50.42134963,0
1688.782597,50.79747334,0
1537.766762,47.0270232,0
2880.783196,48.98629385,0
2971.012927,49.97266244,0
2162.683664,53.89923943,0
3323.845355,53.5118732,0
1646.165874,55.28311629,0
1117.520825,55.99144475,0
2943.90532,58.23215435,0
6256.063312,67.13169764,0
3942.625535,61.88916255,0
2751.207498,62.79274478,0
3276.434627,60.48436572,0
1030.736603,60.5623532,0
4700.260119,55.39176283,0
3625.373512,52.72909391,0
2696.231607,51.74202284,0
1985.233415,50.66719727,0
1242.599308,52.16712208,0
661.5176003,54.19496374,0
2496.631365,59.50166037,0
3169.128895,56.67303592,0
2624.443198,54.6125267,0
1848.305993,58.94173346,0
1421.824276,56.71709907,0
1914.881937,55.5721671,0
1218.713093,57.18132525,0
1773.455801,57.37393538,0
1497.760569,53.81817242,0
1198.111535,55.10104256,0
967.8146225,56.29016531,0
657.8710448,56.7339924,0
2791.840662,47.33341161,0
4248.531795,32.23011394,1
2944.308305,40.71233194,0
2702.951211,38.04613819,0
1208.647718,42.25214448,0
1065.413215,48.00706945,0
1501.411143,41.9353351,0
3706.456113,34.92530284,0
3567.060942,39.66383815,0
2841.685469,44.39760028,0
1712.034804,40.45385892,0
2131.35406,39.10692721,0
3071.258032,32.36085877,0
4893.884202,29.75100769,1
6339.869477,38.847658,0
2974.50311,42.67548381,0
2102.454613,37.73709394,0
2307.805485,37.3507697,0
4896.735831,34.66904884,0
4528.625258,43.20622264,0
5345.849061,54.84156457,0
2956.844381,51.83012241,0
1716.450088,50.96430339,0
2095.387977,51.68689842,0
3653.537029,52.92293959,0
1992.932658,54.58331663,0
3839.036116,53.12644673,0
1699.780709,54.33408457,0
1338.039739,54.0607525,0
1658.401092,52.28029957,0
1327.048814,52.93432438,0
1653.955263,54.52889677,0
1370.935403,49.95468701,0
1897.606302,48.23314646,0
987.4576476,48.28107409,0
1054.625355,51.35891056,0
2057.831782,47.95152208,0
2039.219578,46.5765672,0
3829.882693,41.80591138,0
1490.114451,39.89958974,1
1512.622727,49.17197992,0
732.5374977,49.43039704,0
1005.658699,44.78086522,0
1701.118438,41.5399452,0
2006.036985,40.32003782,0
1525.581679,38.48451786,0
936.536594,42.55765475,0
738.639697,45.11960847,0
985.3396133,47.16973836,0
3098.482104,51.13325424,0
1819.366715,54.22689666,0
1688.049495,50.52712206,0
1627.065796,49.25082239,0
912.4064144,52.18893342,0
2595.743857,60.32408747,0
1769.659609,56.8530297,0
1452.907649,56.07942959,0
2623.529742,63.87015759,0
1643.249052,65.18896452,0
971.4637855,62.50547292,0
1758.664638,58.01586355,0
2123.535631,54.90040645,0
1569.834854,59.00658507,0
1926.557733,55.06912349,0
1133.937125,52.48240966,0
844.5611461,54.26668818,0
2405.666739,54.51524578,0
2215.342817,60.71482844,0
1658.340744,59.51856185,0
1221.732905,59.52233439,0
947.2209186,57.80137907,0
1216.879556,56.78618766,0
1729.006043,53.04944534,0
1546.738474,55.6973427,0
1546.41868,56.49416762,0
1828.876624,54.84153237,0
1393.080041,50.29633069,0
830.1545623,46.50847655,0
2524.708757,41.29671767,1
2642.392193,41.90477591,1
2481.106617,37.66532099,1
1763.853682,37.49030991,0
1290.621752,37.26008996,0
563.5891897,39.96379893,0
1761.075322,44.72062904,0
1050.837214,48.55914268,0
1439.904153,52.88460188,0
1041.151184,54.15274604,0
795.7700279,49.88831544,0
507.7946211,50.77664424,0
1027.733009,52.84074255,0
1073.425163,47.95647849,0
1203.300355,40.78015863,0
970.6983712,41.34900406,1
791.5047944,42.77497454,0
802.4717861,38.44585334,0
4371.016519,24.34647112,1
2918.776803,29.68254443,1
5991.084026,23.5529441,1
3484.555691,24.06944737,0
2875.633497,26.97184355,0
1540.526772,30.35654713,0
2922.049045,31.67276995,0
2480.355285,26.40661664,0
2367.430357,26.33614356,1
2752.625994,22.5036522,1
2123.021113,32.86461707,0
1583.524334,40.70755454,0
2021.41466,43.42755223,0
3073.115577,47.6829485,0
2280.770296,45.77013041,0
1329.153983,49.80893348,0
1512.166249,44.56932508,0
1104.018698,46.84449271,0
1950.398279,40.22717915,0
2202.922517,40.92279841,1
1444.515822,41.74587688,0
1563.122921,37.98963313,0
1154.64262,43.46763317,0
574.646041,41.9583792,0
3818.809937,33.40134344,0
3793.605001,29.68667336,1
2645.253323,32.67675965,0
2576.836058,24.96835777,0
2426.943082,23.14406499,1
1459.844348,23.28300687,0
4241.945838,21.53101842,0
2589.359493,30.44472679,0
3039.759828,23.94828188,0
3392.536011,31.03055141,0
2550.101033,27.82892144,0
2975.163745,23.18580058,1
5560.798423,28.08367569,0
4246.01601,26.69591126,0
3016.277519,33.04943131,0
3060.142045,37.22568996,0
2592.013551,46.29927113,0
3307.197973,43.10026814,0
3390.945453,46.22422446,0
3911.510247,52.05288748,0
5174.95527,58.82513495,0
3263.825593,53.63741452,0
3481.184352,58.56900495,0
2136.048253,60.25630639,0
5436.77149,63.57628819,0
4905.264076,63.44749743,0
6067.059148,59.68497951,0
2957.110563,61.80726989,0
2801.489183,63.39837131,0
1676.093873,60.55356887,0
3296.948325,57.81543773,0
3944.488142,50.00373139,0
3895.854081,52.92843011,0
2912.221505,56.89801636,0
1798.216303,56.53535903,0
2531.86624,64.76745591,0
9571.232496,71.16514088,0
6557.925108,72.18556314,0
13137.84422,78.30384964,0
9171.759378,67.36008338,0
3368.314622,68.94352684,0
1697.510556,68.37442294,0
2653.843437,65.17443395,0
3624.904617,59.0588423,0
2545.852819,60.39144275,0
1744.713792,62.80896982,0
1228.134552,64.66040773,0
2367.034502,66.66235484,0
1948.283795,64.94888566,0
2610.737674,66.04228048,0
2326.713322,66.46453179,0
1736.732203,66.06109541,0
2283.501637,59.46287348,0
1418.557004,56.39115921,0
1511.664052,61.03831515,0
1183.488423,60.54506385,0
2061.031431,57.98102594,0
1101.100832,58.59798088,0
983.2942725,57.10407397,0
656.6626814,58.33040841,0
1884.255784,58.01501989,0
2128.912522,59.01884452,0
1351.419019,57.56712657,0
1585.79614,55.95653801,0
3207.494678,47.3787408,0
2941.205301,39.26456766,1
4016.739164,40.23568131,1
3433.140179,33.79690331,1
4024.358903,42.49794821,0
3095.694954,39.32183835,0
2111.548212,37.44889661,0
1079.327274,42.47816833,0
2527.031431,36.11860804,0
2187.56302,40.45577986,0
2017.869649,44.51124754,0
1338.536397,46.31713626,0
1016.676204,45.82097381,0
1061.63841,48.67853529,0
1681.428361,45.67325768,0
1818.211954,48.65510765,0
3127.94035,56.13331615,0
3092.262238,57.01118987,0
1676.765448,60.85771445,0
3609.308744,65.70794916,0
3617.880566,58.77448378,0
2781.943249,58.78527523,0
2721.232608,61.46285845,0
2059.052494,52.43726662,0
1592.806399,55.90496638,0
848.3269727,51.54372397,0
1396.296879,53.56897235,0
2203.568427,55.84337943,0
1798.169467,52.44615153,0
1165.876819,52.80902293,0
3966.397936,47.44605969,0
538.6194379,49.75765605,0
1000.015508,54.60931868,0
944.6957241,53.25351086,0
850.9164297,54.07376139,0
1927.94963,53.74195235,0
1112.259761,54.76641467,0
1310.479743,59.0026726,0
1841.196298,58.09861201,0
2159.278513,63.75914707,0
3111.016294,64.6138077,0
1450.455215,65.06415964,0
2387.208652,54.3315069,0
1689.435444,58.4241837,0
1378.851761,51.73323677,0
1526.406382,53.59886454,0
1340.612021,48.94417319,0
1563.739692,49.10359906,0
795.2483464,47.51663729,0
830.6499472,51.23094311,0
2247.878197,45.82850028,0
1527.391667,45.93287752,0
1459.018056,45.92251996,0
990.7756171,48.43923451,0
586.7029112,48.31755081,0
921.4128375,50.53928412,0
1316.910225,53.50670158,0
1760.311498,57.22547966,0
1849.844368,56.75873034,0
1199.674027,55.79829875,0
916.2918311,58.86376775,0
1366.181446,62.88228635,0
1374.950429,65.42330352,0
1722.114109,58.77925846,0
1135.768638,62.2118553,0
6030.194794,77.71061276,0
4331.719886,77.8691776,0
2152.010359,78.94920599,0
2137.500119,81.43939348,0
4262.363548,83.45711403,0
2700.811906,81.83606424,0
1948.129605,75.36635014,0
1067.221312,71.20158684,0
703.4535388,69.22247666,0
1334.91063,72.96676468,0
1715.604307,74.66874789,0
1896.881389,69.95596896,0
1075.959163,70.64616756,0
538.6069451,70.39400394,0
1341.271893,76.22440832,0
3089.257293,78.0408978,0
2605.08488,73.64885045,0
2675.621376,75.79469591,0
2650.151714,78.00844648,0
2197.946522,78.00696269,0
1713.465081,77.00999433,0
2592.111542,68.23902435,0
3660.176129,71.62816921,0
3200.155395,68.91266855,0
2684.660286,63.91728066,0
1306.292471,65.43349085,0
2489.080685,54.50715957,0
2484.291031,51.83415622,0
1848.582252,56.00009849,0
2263.239545,56.78873988,0
1150.100882,55.44474311,0
865.1028084,60.81123695,0
1052.682382,61.25918998,0
1820.09254,64.59566346,0
2260.134067,61.28393983,0
2200.246469,63.38367238,0
1569.580676,63.7864698,0
1462.357296,67.28741287,0
1177.699361,68.76117727,0
2726.169832,70.84734882,0
2842.883723,70.41960117,0
5537.061474,76.99336825,0
2781.887595,77.87314297,0
3246.674456,82.77636137,0
1380.941082,83.71001571,0
3254.12532,85.1512045,-1
4809.526077,85.40298968,0
3498.988827,81.88104293,0
7859.336981,86.75328025,0
3237.152804,88.61368655,-1
3309.881514,71.72176474,0
3189.196013,72.87256537,0
2824.788376,68.11668328,0
3101.786297,71.23099109,0
2550.95508,65.76136415,0
1258.234534,68.76047599,0
2535.410422,72.08945905,0
5021.616234,74.62417279,0
5327.19629,72.71445341,0
3366.549408,75.63057719,0
4714.662485,78.04610699,0
3865.915247,69.42330481,0
5404.947653,58.43549158,0
8377.61424,50.81829761,0
5649.742388,53.76986199,0
4005.279542,57.93297893,0
3030.43683,53.54071114,0
2718.039939,53.52766053,0
1520.067542,53.86165484,0
3818.288229,62.88498177,0
3869.760861,62.65121392,0
3013.032805,65.06980621,0
3059.451012,59.64510128,0
1491.490184,61.92372245,0
2459.263802,64.61420286,0
3071.132727,60.65285407,0
7028.821617,58.55066046,0
2870.732263,56.40907696,0
2499.093335,55.79071105,0
1889.613713,57.3125972,0
1247.860575,58.26266547,0
2605.526049,52.45538689,0
5971.904778,46.04334219,0
6609.052967,44.98231952,1
2296.672846,46.66227507,0
1379.792075,44.3294699,0
1220.801118,41.05535713,0
2028.21169,42.16817301,0
1831.741758,46.46910057,0
1745.521338,50.54267444,0
1671.101429,46.23485568,0
966.5835708,49.33207782,0
803.5289243,46.46923186,0
983.2149039,46.98300029,0
1840.946965,50.32902015,0
2066.496566,44.20718788,0
1515.062685,45.38416787,0
2641.734377,42.3081712,0
1623.155099,43.42761721,0
2447.459145,42.01701311,0
1964.156843,42.59118929,0
2226.088926,41.55543134,0
5857.779059,31.91433212,0
6208.333471,30.93276016,1
1427.121303,40.94312071,0
2196.672036,40.28709843,0
4136.455571,55.29303235,0
2096.135871,52.93819365,0
1943.949657,53.78578582,0
1105.85176,54.41541973,0
1812.900333,60.6113958,0
1642.309642,59.50559468,0
2468.698507,52.96639964,0
2772.29425,54.20391116,0
2047.462602,53.39268487,0
902.8258815,56.53318793,0
743.2763265,57.35768886,0
2032.710062,60.11003833,0
1549.257368,59.72465796,0
2972.451969,64.79168642,0
1886.131382,66.56901923,0
1109.588791,66.11831059,0
537.031569,66.50805898,0
2154.278268,70.58676452,0
3008.19743,61.30825841,0
2222.427693,62.87404847,0
1592.661834,57.76359169,0
802.3400123,60.00022815,0
430.826552,56.86011124,0
1281.076816,55.48705254,0
1107.265255,58.59963442,0
879.1971245,59.19679026,0
1378.189031,56.82520613,0
816.828807,58.13367236,0
575.8673312,58.43694694,0
830.3226603,58.72980769,0
1545.207123,60.5117973,0
1872.724169,57.13044178,0
1935.395207,50.66576437,0
1823.35551,51.6789599,0
785.2052819,53.52877494,0
1423.514277,51.1422329,0
1750.547342,55.88018207,0
2294.121081,61.1154869,0
1757.95088,61.17928234,0
976.0220313,55.62559122,0
878.8321051,59.40978334,0
5747.129598,73.54550619,0
2010.525332,73.90178336,0
2833.398669,74.43349283,0
1895.013614,74.91553189,0
1528.149381,70.56628509,0
1613.124062,66.07499374,0
1617.498542,67.77317856,0
1847.910965,64.18905219,0
1664.648665,66.74170006,0
2044.137741,70.17970034,0
1351.806018,69.93008989,0
1552.684848,74.47129848,0
2892.591577,74.77758258,0
3537.724884,76.03967263,0
1948.593152,76.99847395,0
1729.227012,77.72359529,0
1748.883352,74.97219041,0
2012.604952,79.47334021,0
3335.433399,80.33440976,0
3921.411097,81.80333527,0
3821.531176,84.73112896,0
3931.884233,66.86769808,0
4387.94117,59.84699173,0
1465.372615,57.77427312,0
3988.578262,47.51258846,0
2797.528863,48.46935006,0
2585.412704,48.46847071,0
2277.053568,50.19004891,0
1604.666688,50.39183616,0
842.792629,47.9594664,0
2395.050646,44.05229983,0
2405.622606,43.0283538,1
1848.158668,46.75088034,0
1216.204944,42.78269271,0
1793.904927,33.81551009,1
3441.396377,30.68919487,1
5061.201777,27.14075081,1
5517.8934,43.50620934,0
2906.109335,42.73945265,0
4253.240546,32.13634905,0
2320.517121,42.38462421,0
1465.793494,43.42917857,0
3326.774526,39.37247078,0
3185.584091,46.39140071,0
2401.032578,44.43352379,0
3316.415125,49.38768732,0
2997.591292,53.77388313,0
2138.644893,58.04355956,0
2864.699611,57.61724555,0
2212.343465,54.1596912,0
2282.934412,53.81934286,0
2013.783064,48.16111601,0
1247.788546,45.9624618,0
761.7239674,54.0464508,0
1551.91912,55.57233414,0
1517.429138,53.19825583,0
1339.828264,53.62698275,0
1008.285994,53.32032545,0
912.3193961,54.97852973,0
670.8454378,54.38680727,0
8019.842536,40.86927091,0
5565.553091,31.2593502,1
5293.951763,40.7846717,0
1908.557848,40.98160373,0
1321.728606,43.76189768,0
899.6539935,42.71883252,0
1879.757276,38.96593711,0
2627.328648,38.81195622,0
1413.079946,41.90724176,0
1358.559511,37.7594327,0
2074.504397,36.50675318,1
969.5705714,39.6511865,0
2223.251461,36.19818562,0
1809.406308,46.05446106,0
1628.11488,42.21642433,0
1443.769388,47.96955737,0
2439.062234,40.52102245,0
878.1233766,41.00192571,0
1335.190972,43.73890069,0
1539.07519,42.03484075,0
1398.900297,42.79732184,0
1382.485109,47.55869889,0
1756.248543,51.84078283,0
960.5546524,50.88471943,0
1428.828895,45.54630148,0
4273.065467,41.36789481,0
2229.309565,41.24563215,0
4073.710876,32.48427525,0
3398.455396,32.59316471,1
2271.04123,28.19954134,1
5526.859262,28.15794842,0
4251.119391,30.61032383,0
2691.798553,31.03509991,0
1970.791414,28.9528319,0
1735.445087,34.92335431,0
3952.029968,26.23087342,0
10101.0605,23.91100543,1
9976.419588,20.5816285,1
7289.646467,18.61295149,1
6238.196344,26.57465011,0
5273.570688,21.79022107,0
7041.253059,20.24747395,1
18128.4202,51.74432694,0
10880.79802,47.55520653,0
5446.754547,49.12859514,0
2621.230583,51.28850467,0
3509.548479,54.07176426,0
4150.064535,50.7046908,0
3474.127377,45.71212069,0
3222.213698,48.60370651,0
1607.63261,48.68864465,0
2005.850797,46.27946167,0
1442.806029,43.34667027,0
2095.55047,45.0893157,0
1966.384346,49.5173401,0
2708.540744,51.70309876,0
1377.574317,49.50882597,0
2548.533744,51.87124735,0
2576.006831,56.79919916,0
1876.743949,56.94481249,0
4807.374292,59.08692301,0
2619.869637,58.55963688,0
2347.98707,61.03158722,0
3884.0215,56.09521782,0
2128.434598,52.866468,0
1166.687201,55.93653232,0
1773.304364,56.64324582,0
2456.68627,51.74476789,0
1938.07843,51.74885309,0
1815.214882,50.79487143,0
1890.925958,53.50364069,0
652.7559404,52.02004639,0
1758.432217,55.229933,0
1714.425133,53.15917249,0
1840.11923,48.92607476,0
2470.706833,46.99784475,0
1021.709858,50.52322852,0
568.3579152,48.58315216,0
3027.222886,43.28927025,0
4148.033155,38.25748798,1
3298.886997,37.57266625,1
2089.7767,43.02128223,0
1851.02664,41.86938144,0
1668.726199,36.83421297,0
2773.709091,35.79733252,1
2192.021312,39.76241062,0
1878.192508,41.68795474,0
804.6645209,42.24989414,0
1246.451241,47.18862313,0
1027.656078,52.98425796,0
1518.613895,49.99754341,0
972.4086334,51.33836081,0
875.4872982,52.22786392,0
924.6378003,51.92741803,0
1228.180159,44.24437201,0
399.8697872,45.87504948,0
524.6057826,47.4855319,0
888.7448762,46.50768259,0
580.3830918,44.87348956,0
1436.382553,52.07590817,0
1131.578178,52.85548196,0
101.999694,52.08047237,0
2742.594542,62.37638853,0
2470.323673,62.31495346,0
1393.068848,61.43434047,0
1032.277568,60.31079671,0
880.8847122,61.26989898,0
672.5683308,62.81453168,0
1107.742918,60.71946706,0
1244.566155,59.20234407,0
883.2728756,55.93457095,0
1348.224773,60.13553221,0
916.703098,60.39093316,0
1529.422396,69.49483392,0
1863.701923,68.87304664,0
3145.236177,74.17461888,0
2836.771852,74.93870066,0
1535.638603,74.67286972,0
1253.550787,76.21059316,0
1092.337514,71.93711214,0
1477.276143,64.15376342,0
1312.439246,64.87887946,0
1037.801706,67.42096621,0
2824.407716,53.46676414,0
1671.201025,56.51580738,0
923.9495329,62.8572484,0
1593.89528,61.69541557,0
1983.520048,59.81260707,0
1036.684263,58.66430024,0
978.3933923,61.46543221,0
928.4532103,66.55985282,0
671.3630545,64.24221185,0
1136.638988,68.2633485,0
1385.961726,68.38531254,0
1037.560673,68.75389083,0
1500.744342,63.45416215,0
468.8259039,65.40074101,0
289.0144185,63.26949271,0
904.7719129,63.02416905,0
695.1581336,63.17873302,0
1424.422478,69.43225591,0
1644.766915,70.32030853,0
788.7183039,71.92840496,0
763.1717139,66.62075872,0
1839.559256,63.39918974,0
1864.476366,65.24650576,0
1455.946913,64.15240703,0
896.1834649,66.19302681,0
1685.616122,50.16098343,0
3284.651835,52.28016451,0
1726.995559,50.34152615,0
1280.464031,48.24497023,0
1104.639675,51.95430049,0
819.4631036,51.06806927,0
871.6466708,54.38171836,0
746.7880994,45.2323789,0
1529.661903,42.64833706,1
1039.85362,41.66490243,1
1165.641129,42.57229903,0
898.8433299,39.12124196,0
810.1119649,37.59329097,0
637.0613117,48.21402563,0
1547.662838,55.93379256,0
1310.30744,58.86160185,0
1218.166088,54.72656704,0
601.470356,55.29411483,0
1061.942657,61.36607239,0
615.5675869,61.25201434,0
1214.054071,59.32847287,0
1678.486059,54.57062148,0
1121.935377,56.44924886,0
781.45676,57.05484208,0
421.518267,52.15907171,0
240.0400245,51.36276014,0
482.5525698,53.99230916,0
526.0315625,53.96656586,0
1550.41229,62.36254805,0
686.749188,63.99058636,0
656.777718,64.63221314,0
474.0113451,67.14753481,0
2030.830653,73.75894601,0
1421.159116,74.81659522,0
1723.687882,75.74197119,0
1429.34955,77.3594527,0
1121.393625,68.36084188,0
549.6104062,68.80987424,0
1863.503159,72.93111971,0
5130.328851,80.30153674,0
3845.151178,75.77402332,0
2512.373651,76.24824809,0
1336.681706,76.71839818,0
1138.985712,77.37306813,0
1214.929966,77.09497108,0
4523.751811,80.1494349,0
2672.783269,63.6312084,0
1407.613212,61.9619462,0
830.5965715,65.60902323,0
751.0320518,65.97072707,0
1127.557025,68.85485914,0
1689.712969,68.60377227,0
1387.047124,65.4134989,0
1610.28625,67.80750516,0
2199.762832,74.81211474,0
5386.617684,81.44702953,0
2888.483101,84.6444793,0
4778.199051,83.74542534,0
2860.326787,86.63637204,-1
9744.117824,90.06579089,-1
5894.302646,82.36676462,0
1615.546889,82.47792438,0
2984.229931,83.99625504,0
3457.901696,68.19746073,0
2099.945554,71.59311205,0
1359.593794,72.45189283,0
1119.274846,68.64276704,0
1527.75247,70.84321877,0
1498.73741,71.64383259,0
1573.495301,70.95264386,0
1806.61088,74.19837192,0
2024.452305,72.43375313,0
1039.313845,69.44293557,0
2928.544914,52.30189674,0
1651.940513,56.25518289,0
1280.471869,54.57241618,0
2574.387737,60.75406479,0
1411.713385,56.70312739,0
1027.578415,57.18727698,0
1107.094389,61.61693045,0
1564.581228,59.03740716,0
1917.98614,59.590249,0
1698.14607,61.09151079,0
1922.014173,55.77457061,0
949.31753,55.41780368,0
904.2766138,51.44015774,0
1617.553586,51.92230717,0
1834.892275,53.92459813,0
1369.393522,51.86851609,0
2425.845337,46.4028088,0
2060.956502,38.17484358,1
1966.095124,38.04252156,1
4585.046397,40.37334131,0
3188.423188,43.89129553,0
2896.115647,53.44708381,0
1816.986194,56.04471939,0
963.0062222,54.5543342,0
957.2732983,58.5272342,0
2031.257793,55.95997996,0
1377.889633,55.0240535,0