btc,ltc,vtc
-0.007228223396920308,-0.018650793650793585,-0.11138872259686028
-0.021205912652938363,-0.04367165386170646,0.34434069941594725
-0.02785037666008361,-0.053699788583509545,0.8408510144831498
-0.030375650819911337,-0.07417336907953531,-0.14730054738244092
0.07093479870023955,0.11389961389961378,-0.09113551992443425
0.03710125232834671,0.045060658578856216,-0.05552362207010264
-0.1286485631664558,-0.16998341625207303,0.03566422819204518
0.05330636902215491,0.07642357642357656,0.13300469218829303
0.016602872580029793,0.017169373549884126,-0.1687168310814704
-0.008438256658595655,-0.01049270072992703,0.0682466306810483
0.013296216255814786,0.02028584601198702,-0.019563017872787358
0.0032051282051281937,0.015363759602349703,0.2544685972169989
-0.008659828484950394,-0.0031152647975077885,0.8245657794384993
-0.0018658298702399767,-0.021874999999999978,1.155738997844261
0.005013170192879501,-0.02053856686444544,1.7682926829268295
-0.019384994444176074,-0.03168685927306614,0.18942731277533054
-0.037393307139953924,-0.041867179980750735,-0.0037037037037037646
-0.08847802443861552,-0.06880964339527884,-0.11152416356877315
-0.05401459854014601,-0.02481121898597627,-0.2782426778242678
0.013325023741690423,0.007743362831858391,0.24637681159420288
-0.002738321862644666,-0.02689352360043895,-0.1441860465116278
-0.013009705886671719,-0.015228426395939021,-0.057065217391304324
-0.03042385110909429,-0.029209621993127266,-0.08069164265129691
-0.07131897133738418,-0.09793510324483778,-0.14420062695924762
0.09376445707487946,0.07325049051667754,-0.1135531135531136
-0.0167223069834892,-0.014625228519195566,0.012396694214876103
-0.052679284704725604,-0.059987631416203,-0.2204081632653062
0.01563336198368548,0.019078947368421195,-0.1413612565445026
0.0005269292797036584,0.008392511297611316,-0.13414634146341464
-0.005697414618576535,0.007042253521126751,1.126760563380282
-0.10736240630467231,-0.11125238397965675,-0.3741721854304636
0.03240191318732699,-0.006437768240343367,0.031746031746031855
0.054444754075519075,0.07559395248380119,0.03589743589743599
0.0006606983581647352,0.036813922356091044,-0.09900990099009899
-0.09821399095440886,-0.060684312459651335,-0.14835164835164838
-0.013929565090057161,-0.05017182130584197,0.04516129032258065
0.08163947207217248,0.02966714905933432,0.16666666666666652
-0.006727419382519084,0.0042164441321150825,-0.03703703703703698
-0.050987438879002034,-0.07417774667599708,-0.04395604395604402
0.029767323307723137,0.03174603174603163,-0.028735632183908066
-0.010289775640459076,-0.06666666666666665,-0.047337278106508784
0.1928758998910307,0.1200941915227629,0.15527950310559002
-0.001467593147238544,0.19621583742116333,-0.043010752688172116
-0.001904676205045086,-0.04276508494434683,-0.061797752808988804
-0.0024793015882556,0.007343941248470154,-0.0479041916167664
-0.05228512035670174,-0.037059538274605175,-0.1132075471698114
-0.018596519113089016,-0.027760252365930604,-0.007092198581560294
0.03159770021864117,0.03828682673588579,0.11428571428571432
-0.014396508414971199,0.0006250000000000977,-0.10897435897435903
0.010067060641297365,0.008119925046845555,-0.050359712230215736
-0.003169797038368727,0.06443618339529111,-0.022727272727272707
0.009555450087011419,-0.0093131548311991,-0.04651162790697683
-0.014636286708245905,-0.02526439482961218,-0.1382113821138211
0.011641221374045774,0.01868595539481599,-0.0667216981132076
-0.007875872476891144,0.02662721893491149,-0.168908544135857
-0.01384861593066189,-0.002305475504322918,0.0425358012498509
-0.0121149798351462,0.12189485846331616,-0.017657352855392938
-0.00803474131060622,-0.11225540679711654,0.2945137556931885
-0.03462919542868392,-0.0446635730858469,0.14678899082568808
-0.029349321466786593,-0.04675166970248934,0.1359999999999999
-0.011286286724177197,0.0006369426751593465,0.2816901408450705
-0.006672094011043406,-0.022278803309993767,0.005494505494505475
0.03944625581271044,0.05403645833333348,-0.049180327868852514
0.0008741708232631318,0.006794317479925871,-0.13793103448275856
-0.00529182079736934,-0.0018404907975461127,0.09333333333333327
-0.18867827075047783,-0.23294406883835272,-0.2195121951219512
0.05184194890077243,0.10096153846153855,0.0546875
-0.009078620856618369,-0.021106259097525504,-0.022222222222222254
-0.06291100840849406,-0.023048327137546343,-0.0757575757575758
-0.007104525604536449,-0.029680365296803735,-0.040983606557377095
0.046783369803063524,0.029803921568627434,-0.017094017094017144
-0.08620761737530835,-0.1401370906321403,-0.12173913043478257
0.017339982614265503,-0.021257750221434724,0.00990099009900991
0.006318582478862966,-0.002714932126696934,-0.0393470588235294
0.0321319241168192,0.016333938294010864,-0.028026281144564513
-0.0030525427031240504,0.03928571428571437,-0.06103502295244467
-0.02406080347448425,-0.03264604810996574,-0.016702934447384132
0.008166080726269342,0.008880994671403242,0.02726372255460663
-0.022865214416561752,-0.014964788732394374,0.21774228366531578
-0.17516319201319086,-0.2439678284182305,-0.25976727272727274
0.15271920696642738,0.2943262411347516,0.18702594761352698
0.000403848438056853,-0.026484018264840148,0.024034109191210185
-0.016764817629179363,-0.03283302063789861,-0.02214346117746191
0.10802782205477479,0.11736178467507274,0.06420789869567378
0.12380391900433763,0.15017361111111116,0.08737864077669921
0.022886401986074167,0.00905660377358486,-0.008928571428571397
-0.05959536585828329,-0.0635751682872101,-0.08108108108108114
-0.03290587950641177,-0.036741214057507965,-0.037880392156862674
0.045700942373446685,0.06301824212271967,0.05975165127649129
-0.006758912193954858,-0.015600624024961096,-0.045584615384615335
-0.004817632535078498,-0.009508716323296307,-0.03634826796911528
-0.015833955261512322,-0.034399999999999986,-0.031014737907378076
0.006927365141826458,0.004971002485501197,0.00996496724917928
0.01864441278241391,0.03462489694971138,0.02878911378585025
-0.0779482875754306,-0.14023904382470131,-0.04886338148680425
-0.006176183768555554,-0.020389249304911816,0.007778596577417529
-0.04843000436109912,-0.06149479659413437,-0.07172787346983012
0.00893696005866329,0.021169354838709742,-0.023024012473041866
0.015716913852233727,0.026653504442250675,0.02637133447767992
0.0009615169607120055,0.04807692307692313,0.02747324367228554
0.02260745241712092,0.0183486238532109,0.018395137521776128
-0.01830653617616218,-0.05405405405405406,-0.04391479308895063
-0.025857848591392618,-0.018095238095238053,-0.05937535990618881
-0.0031067251461988077,0.0009699321047527132,0.023805283466904026
-0.006691109074243751,-0.013565891472868241,-0.05260277745564179
-0.010427240011073313,0.014734774066797574,-0.022575335059795143
0.022985826184259706,0.01742497579864466,0.04517075028895401
0.003076432250125327,-0.0057088487155091405,-0.011468027319566976
0.021105481972873985,0.028708133971292016,0.08294486335789553
0.011057713700885596,-0.0018604651162790198,0.10163019652834127
-0.03419668595823344,-0.034482758620689724,-0.021111175788877556
0.0058556813780217265,0.004826254826254983,0.01124760516721679
-0.0017895166039957333,0.0009606147934677622,0.1226212457674507
0.0074885969092517435,0.0009596928982724684,0.10476190476190461
0.007387886568912316,0.0019175455417066445,0.09482758620689657
0.0018110676355505007,-0.00382775119617218,-0.1889763779527559
0.0018747489175556797,-0.0057636887608070175,0.0
-0.005881042548451787,0.0009661835748790981,-0.029126213592232997
-0.0001792676914802449,-0.005791505791505669,-0.024695000000000022
0.08861894302747775,0.03203883495145621,0.025320284423846928
0.012455735814872693,-0.0037629350893697566,0.010000000000000009
0.06671818126359885,0.007554296506137925,-0.08459900990099023
-0.00831141103358879,0.05248359887535159,0.15731351839533625
0.009457537195801669,-0.011576135351736516,-0.01869158878504673
0.08845260311535985,0.03873873873873879,-0.00952380952380949
0.020696653195472203,0.002601908065915204,0.0
-0.020876898289396872,-0.035467128027681705,-0.028846153846153855
0.010188362159512465,-0.01076233183856512,-0.01767326732673269
-0.015388347832114513,-0.022665457842248382,-0.03383460162273855
0.08298426554965,0.04359925788497221,0.05364074606110503
0.013569954333446876,-0.028444444444444494,-0.09263069306930694
0.010502180605438838,0.01921317474839901,-0.02228616509701098
0.048220490931881965,0.019748653500897495,0.06390601092164339
0.010580969392389061,0.010563380281690238,-0.08393441591137951
-0.03894489297643833,-0.03658536585365857,-0.018159394549433383
0.02750892286591533,0.020795660036166286,-0.05945937119857625
-0.008433698389102906,-0.00797165633303809,-0.004727018407098882
0.0019427872112589561,-0.008035714285714257,0.0027148723673586783
0.0017863413591461264,0.014401440144014455,-0.05986617710100084
-0.010637973603194517,-0.007985803016858917,-0.06557364049087044
0.006146404584385978,-0.0062611806797853164,0.11485273712484156
-0.030819872923524505,-0.015301530153015275,0.08425251394946986
-0.0727781112761049,-0.07038391224862883,-0.09974023238670282
0.02250617599454796,0.007866273352999054,-0.008856585444473652
-0.037989869368168394,-0.03121951219512198,-0.059056568885998084
0.026984896771511835,0.001007049345417954,0.004632604111645344
-0.0012648834620703209,-0.0231388329979878,-0.047317946804245614
0.03152704368530368,-0.005149330587023715,0.0460277427490543
-0.004747405297449436,0.0020703933747412417,-0.05953390213921694
-0.01626751759984202,0.032024793388429895,-0.04439586074800794
-0.006554416707074573,-0.016016016016015988,0.02054406215728921
0.0014137843978794251,0.0,-0.05323813730266802
0.01223549975629834,-0.006103763987792554,-0.17399703418700663
-0.013764590632108442,-0.0051177072671442225,0.19144864529151473
-0.01956294824741578,-0.00925925925925919,-0.14039994656953592
-0.02750875746960635,-0.04569055036344771,0.021476502436075462
0.026132711798566133,-0.01088139281828071,-0.08019464738250104
0.027738582785559407,0.017601760176017667,0.013283608881825337
-0.0011887620131936227,-0.006486486486486531,-0.0592553519710981
0.010342804458972621,-0.025027203482045568,-0.08343348511264947
0.06152110432705049,-0.001116071428571619,-0.2740313584989288
0.0015786183182244784,-0.129608938547486,0.6324639561431957
0.015714486353209267,0.047496790757381335,-0.040376022159283376
-0.008788102261553576,-0.015931372549019662,-0.07528123642534401
-0.02242854485708956,-0.08592777085927761,-0.11587741653660677
0.0012208850623920409,-0.008174386920980825,-0.10899769098989487
0.0068887973901750055,-0.02335164835164838,-0.0008025212542738247
-0.018433179723502224,0.06329113924050622,-0.1097548392134553
0.001169703087695817,0.022486772486772555,0.03805153105176595
-0.000496142889152118,0.0077619663648123005,0.03248313074128162
-0.01240972922771455,0.0,-0.03737694951715109
0.02470977365587923,0.007702182284980763,-0.044712583650120874
0.0027056962025318043,0.09808917197452227,-0.012068450394441377
-0.011377443941234966,0.03248259860788871,-0.10224402799002663
-0.01146049481245004,-0.03146067415730347,-0.08677811822465908
0.003665310340373207,-0.006960556844547439,-0.06172742612722204
-0.007706044177030025,-0.028037383177570097,-0.039406106231702154
0.010197795071336113,0.04086538461538458,-0.015404174540008198
0.009131907108122395,0.006928406466512715,0.01411072786769263
-0.0004294029708323821,-0.012614678899082743,-0.02510345308745887
-0.007334807719845404,-0.017421602787456303,-0.004911125622836021
-0.0027087674306779386,0.015366430260047137,-0.022762005789388695
-0.0010607351215828897,-0.002328288707799664,-0.10624068588670355
-0.003443005389751397,-0.012835472578763052,-0.03038381176858085
-0.02854329119646104,-0.0791962174940899,-0.1586274613873998
-0.0010635999534674978,-0.030808729139923052,-0.02362433211584436
-0.00878404232311314,0.0066225165562914245,-0.016423522722867734
-0.0032896393145464,0.019736842105263275,-0.10307023305919749
-0.013740843647385703,-0.020645161290322567,-0.22711194111831268
-0.0016390923526098389,0.007905138339921125,0.1895881895881899
-0.02982573153421242,-0.050980392156862786,0.10884803492058426
0.03340443159583284,0.038567493112947604,0.40339207080103723
0.014806222707423489,0.021220159151193574,-0.08030220820835154
-0.009396221340684296,-0.00909090909090915,-0.014921468882531652
-0.0045136001900464295,-0.011795543905635641,-0.16464492946048714
0.003596570474031502,-0.017241379310344862,-0.08108108108108103
-0.005672747036244319,-0.018893387314440013,-0.057763645998940016
-0.001349412407761763,-0.012379642365887178,0.109392575928009
0.007217993671427392,0.0,-0.04269821151950437
0.0063002020819535876,-0.01671309192200554,0.0495454411721441
-0.00541699011103991,-0.016997167138810054,0.13449247329913372
0.0028674686529683857,0.0014409221902016434,-0.10965326810103604
-0.024853652759449063,-0.1280575539568346,-0.12325507173979389
-0.01167652723077195,-0.06765676567656753,-0.03776302357419259
-0.040341268169370115,-0.10796460176991152,-0.04394095151938826
-0.07443383455895791,0.0,-0.02461032928465734
-0.01770855979603536,0.001984126984126977,0.030302228571932543
0.04567312528922973,-0.013861386138613763,0.188988846756315
-0.053703026687960675,-0.13052208835341372,-0.249823621729803
-0.06169174461163085,-0.14318706697459582,-0.11724118076081524
0.05155376413990376,0.25876010781671166,0.1410416689314793
0.0550850077279752,0.16702355460385454,0.02956336162955786
0.010273838821828862,0.06422018348623837,0.14078694107195733
-0.00618668316448856,-0.09482758620689657,0.03299858855594695
-0.03106762119679396,-0.06666666666666665,-0.1416534480863162
0.020519204127933843,0.11224489795918369,0.1189859752806317
-0.011391134981998507,-0.044036697247706424,-0.04409997302003876
0.018049751243781165,0.06333973128598847,0.028951667393665614
-0.0008210020134097329,-0.027075812274368283,0.006242518951988352
-0.006534285434803833,-0.020408163265306034,-0.02179174755276514
0.0013981607294066833,0.015151515151515138,0.034969641183275835
-0.008396916542122157,-0.02425373134328357,-0.03629302044746152
-0.052533465542885516,-0.07074569789674956,-0.08470916941833884
-0.006028131279303461,-0.030864197530864224,0.040932426807270605
0.005369777628032368,0.023354564755838636,0.004976450724251569
0.0003351276626939459,0.010373443983402453,0.007056326819347536
0.025272723465734392,0.06365503080082124,-0.00801664793481327
-0.01290691500224661,-0.042471042471042386,-0.013595928302721827
0.0030827161004676196,0.0040322580645162365,0.0009063254336454385
-0.005259575521316728,0.03614457831325302,-0.002339967724583225
-0.01592435929335645,-0.011627906976744318,-0.05577871835656323
0.0013906447534766109,-0.005882352941176339,-0.005872163849550804
0.008626856878340305,0.05325443786982231,-0.006021731846249545
0.0008135847797061668,0.02059925093632975,-0.016672124516017184
-0.004168837936425196,-0.012844036697247763,-0.02519222292962442
0.0026164311878598134,0.013011152416356975,-0.0007636425750831011
-0.0023173277661795444,-0.00917431192660545,0.014892354721610435
-0.005273180020506807,-0.040740740740740855,0.011869847812301826
-0.01958474451479897,-0.021235521235521082,-0.034046178250396464
-0.018731493799081678,-0.0019723865877713243,-0.008444079514237313
-0.07191743380053783,-0.07312252964426857,-0.08439314631553119
-0.06983319197059656,-0.07675906183368875,-0.08329518428780391
0.03571428571428559,-0.009237875288683584,0.018282359532770576
-0.02465150403521643,-0.009324009324009341,-0.027272074830745563
0.008349631412667424,-0.0023529411764705577,-0.00898895747768147
0.08365037921173712,0.12028301886792447,0.10420518420170999
-0.02889006172697861,-0.01684210526315788,-0.10900223623144434
-0.02748109640831753,-0.03426124197002145,-0.06376672678429529
-0.01734820322180919,-0.0177383592017738,-0.12367814853232395
-0.012140543480948507,-0.0022573363431150906,-0.008116583656151977
-0.05591710052062471,-0.04298642533936636,-0.10989709255470825
-0.004533644413807658,0.004728132387706863,0.055978270332387225
0.03054837936452981,0.051764705882352935,-0.008409180846854047
-0.008580141624024429,-0.008948545861297563,-0.02770294988193811
-0.022287680517178443,-0.02483069977426622,-0.04504720207962798
-0.041485589356653474,-0.03240740740740755,-0.08479888248146428
-0.08522711468387523,-0.0574162679425837,-0.08222609240162027
-0.025420378873110994,-0.060913705583756306,-0.1373744696275132
0.02985866275623228,0.03243243243243232,0.10240249147263825
0.018510664081434758,0.010471204188481575,-0.08993071904217398
0.049823016746482596,0.012953367875647714,0.07733431879773356
0.034255114183713964,-0.002557544757033292,0.1877015253035741
-0.009506067994411338,-0.023076923076922995,0.027244546277220394
0.00204668658037388,-0.01049868766404205,0.15210301394511916
0.04485233232128061,0.021220159151193574,0.04443034473782692
0.03133007528728049,0.0025974025974024872,0.04585812642138376
0.026792346507517717,0.05699481865284972,-0.08735217896398673
-0.015216903235462875,-0.004901960784313819,0.08879351143169534
-0.030929401930237854,-0.01724137931034464,0.02242273449443921
0.0031367628607277265,0.0,0.07148092766880709
0.02001250781738584,0.01754385964912264,0.05586263510740186
-0.004828326180257525,-0.01724137931034464,-0.0260453785650423
-0.01719933256321393,-0.020050125313283207,-0.019105144818594155
0.009481520177615277,0.007672634271099765,0.00729719098837589
-0.008590353963982555,-0.025380710659898553,0.0063017572207635375
-0.06456832654765632,-0.02604166666666663,-0.047288346513588486
-0.00019530160147307463,0.002673796791443861,-0.10762791612241751
-0.030919492116645797,-0.021333333333333315,-0.058313397129186595
0.021395455985256495,0.016348773841961872,0.03292607511156431
-0.004820975472230038,0.02144772117962468,0.03519360528146809
0.01311651888155474,0.01049868766404205,0.01023821433037364
-0.0616017001286282,-0.03116883116883118,-0.05444755612631702
0.028963914300187854,0.01608579088471851,0.009310773661473926
-0.020242680489994558,-0.01055408970976257,-0.03534313646017406
-0.037154173563490156,-0.04800000000000004,-0.07707433488512794
0.00042977743668459745,0.0056022408963585235,-0.047873987070927826
0.005093743287612362,-0.0027855153203342198,-0.015434341888842185
0.008975728896351676,0.0027932960893854997,0.09221235843742104
0.027232291446034784,0.013927576601671321,0.0546722157009214
0.028866829656249093,0.0027472527472527375,-0.06418212478920726
-0.01966847032551744,-0.024657534246575352,0.06914261001189281
0.00896559780386652,0.0,-0.048558089363064716
0.05143419491157486,0.0196629213483146,0.04669619131975189
0.010075428068050396,0.019283746556473913,-0.009393088041160458
0.0020985500926631317,-0.005405405405405461,-0.05820847072491486
0.15194865239740007,0.10597826086956519,0.05273565053334295
-0.006657852488431426,0.007371007371007154,0.16044872568110158
-0.054475448020155026,-0.02682926829268284,0.00632591844614061
-0.054522145694032464,-0.03508771929824561,-0.12796600165269734
0.031239199213038082,0.007792207792207684,-0.018698389061865606
-0.0012117149633906754,0.0,-0.045162180338328195
-0.031516997496192745,-0.028350515463917536,-0.06015675792819486
0.014285714285714235,0.010610079575596787,-0.002478814780653704
-0.059701492537313494,-0.05249343832021003,0.09198258591462483
-0.01953386988598238,-0.030470914127423754,-0.12387319844055955
0.005899957246686682,0.005714285714285783,-0.048202959830866865
0.04151082398277217,0.019886363636363535,0.03022995070973744
0.025382920260086372,0.011142061281337101,0.012217659137576886
-0.004112496683470246,-0.016528925619834767,0.04168779795111077
-0.018595977088051163,-0.0028011204481792618,0.009951314508276576
0.003529060455520261,0.0,-0.0006748809317215221
0.018340682230097105,0.011235955056179803,-0.06195731872033339
-0.002550139460751666,-0.002777777777777879,0.03807466831224948
0.006817758129377571,-0.0027855153203342198,0.018071572940197234
0.0031741833090861427,0.0,-0.03879092218459257
0.005431773236651338,0.013966480446927276,0.012939151564240081
-0.016521989981904572,-0.005509641873278293,-0.01383335998720614
-0.014426281965814192,-0.005540166204986208,0.3099408092110598
0.019615800865800948,0.008356545961002881,-0.12059360589273005
-0.005466365928088135,-0.002762430939226568,-0.07446902109838271
0.0008271298593878207,0.027700831024930705,-0.007338821605795132
-0.0351639562783258,-0.016172506738544534,-0.04292198961904581
-0.026774612472714177,-0.03561643835616435,-0.04086451871122676
-0.016608937595820827,-0.005681818181818232,0.0574611917876815
0.011952536305107175,-0.005714285714285672,0.042539757704905146
0.005791560868448897,0.00287356321839094,-0.10677921193080742
-0.014636636977364392,-0.002865329512894088,-0.0019916942113737957
0.012234440670159552,0.0,-0.034053755679164244
-0.017859682052157044,-0.008620689655172376,-0.08868521693261255
-0.05296076444187059,-0.12463768115942031,-0.08706557653811842
-0.022258912737724068,-0.026490066225165587,-0.1539111827332047
-0.026205516292451048,-0.04421768707482987,-0.14609548193711552
0.020680796403339752,0.021352313167259718,0.003217785578470078
0.038132393657186014,0.017421602787456303,0.0300699810467997
-0.027639713904715757,-0.023972602739726012,-0.1756484200842151
0.034440842787682335,0.01403508771929829,-0.043567841352963876
0.00807496459670376,-0.0034602076124568004,0.0812314872991653
-0.035986490121648784,-0.04861111111111105,-0.07168354640544572
-0.010913713453012064,-0.014598540145985384,0.009702660406885721
0.027930158929187154,0.02962962962962945,0.051058365069524436
-0.03677726274701143,-0.021582733812949506,-0.06429323783442176
0.0043690242512506305,0.003676470588235281,0.030528164257733525
-0.014405497415206137,-0.014652014652014711,0.013806964652422815
-0.006172642082707069,0.003717472118959231,0.06637072792311338
0.030411276308167645,0.007407407407407307,-0.14747605383340756
-0.018551485055748107,-0.007352941176470562,-0.09400777472266975
0.002482100238663465,-0.011111111111111183,0.07016901261053832
-0.1077675142049963,-0.202247191011236,-0.17396831605710938
-0.06008965419097756,-0.07981220657276988,-0.09624718835089374
0.03891138953026241,0.061224489795918435,0.037922452187581834
0.0427004772834918,0.014423076923076872,0.04795860415220554
0.028477584821272606,0.004739336492891155,0.023664719696513625
-0.03733777264388105,-0.051886792452830344,-0.06776470588235317
0.024916181401094084,-0.01492537313432829,0.04991166077738507
-0.05375159257601325,-0.16666666666666674,-0.11707434341006062
-0.033260553129548676,0.042424242424242475,-0.013341501599618777
0.008055409169615224,-0.005813953488372103,-0.07381855812349081
-0.1566094100074682,-0.09941520467836251,-0.18055865921787706
-0.21145842557336414,-0.24675324675324684,-0.18225615853104282
0.1782144862436834,0.10344827586206917,0.2777901289461986
-0.008292032024399543,0.09375,-0.08368856024358406
-0.04247957712638162,-0.07857142857142851,-0.05544479255672663
0.05560574124259765,0.03100775193798455,0.03799376821791123
0.021489017780736086,0.007518796992481258,-0.0229495497240243
-0.016522386670390077,-0.014925373134328401,-0.05738354806739343
0.07377786190904367,0.037878787878787845,0.18399747660603505
0.028691053327456917,0.03649635036496335,0.006038540094130296
-0.0022706824900390332,0.007042253521126751,-0.10292170535793099
0.06428203366540708,0.2867132867132869,0.16766702745252382
0.023683679644946665,0.22282608695652173,-0.04769528945816137
0.07784171527668304,-0.07555555555555549,-0.015927794000531015
-0.0365305152301898,0.004807692307692291,0.015466235050805022
-0.11222863215424328,-0.10526315789473673,-0.12060568493757196
-0.0017100594245650358,0.026737967914438387,0.08589265934951151
-0.03031990064665313,-0.01041666666666663,0.016135014836795136
-0.03961489201960866,-0.015789473684210464,0.012319766380726627
0.04373218063092055,-0.03743315508021394,0.15108627062111224
0.04961008062739558,0.04444444444444429,-0.03970553684705136
-0.04600596062628548,-0.031914893617021156,0.13374653400750303
-0.0018480221762662286,-0.016483516483516536,0.4431736440799885
-0.042935860700903605,-0.027932960893854775,-0.2144245626277227
0.0237667541799087,0.011494252873563315,-0.151195990102151
0.024654699239663458,0.011363636363636465,0.08947525788608157
-0.019055982436882557,0.0,-0.02627787307032603
-0.01477104874446078,-0.028089887640449507,-0.0035231116121758888
-0.001226659397573937,0.01734104046242768,0.06194314806958001
-0.0029566957787482417,-0.017045454545454586,-0.040884272206685446
0.011724987453807234,0.01734104046242768,0.032074423771174754
0.06164321789321803,0.03409090909090917,0.06329880263688947
0.09297880474026243,0.06593406593406592,0.055861327260074756
-0.0874397637183274,-0.05154639175257725,-0.12594367884961055
-0.004173409419981233,-0.021739130434782594,0.049561283246503995
0.04178070475538842,0.0277777777777779,0.019267193520997816
-0.029883830713024917,-0.010810810810810811,-0.012367038318595425
0.016713916980493293,0.010928961748633892,0.07221176928566786
0.014566339270850603,0.0,0.0892532978337166
0.003076544425301586,0.0,-0.014832509305038655
-0.034965034965035,-0.027027027027027084,-0.08108717717379033
0.012331553521484961,0.011111111111111072,-0.018102601865488732
-0.0006279040562601201,0.005494505494505475,-0.02668583213549136
-0.005319594537991135,-0.016393442622950838,0.09592911262360326
-0.004379500568492789,0.005555555555555536,-0.1058706351066322
0.07359472148204538,0.022099447513812098,0.04010222134853514
0.0016940471969426607,-0.005405405405405461,-0.08309708309708308
0.023361913002438506,0.02717391304347827,-0.05696028583207369
0.059454265949269836,0.02645502645502651,0.09843351548269585
0.02187397975840666,0.010309278350515427,0.02620058370920675
-0.030564430244941487,-0.015306122448979553,-0.0473789670997351
0.011314951115017235,-0.005181347150259086,0.17973944904328953
-0.0125280614092258,-0.01041666666666663,-0.16880427905906703
0.012980346142563715,0.0052631578947368585,0.09569609742596152
-0.006913776876855016,-0.010471204188481686,-0.17038206504578446
0.055622380171314045,0.02645502645502651,-0.0016746593590623027
0.007423776803287208,0.036082474226803996,-0.01608844834159373
0.01583493282149706,0.00995024875621886,-0.05587414755114695
-0.006849315068493067,0.0049261083743843415,-0.034802593778215485
-0.030609818243587772,-0.014705882352941346,-0.021515434985968196
-0.012125884909231055,-0.004975124378109319,-0.016860768294802653
0.01599971619128704,0.010000000000000009,0.006276520509193695
0.014665316526415006,0.004950495049504955,-0.03891768426601061
-0.017516087958979965,-0.024630541871921152,0.0623400365630713
-0.10227670753064799,-0.12121212121212122,-0.10961968680089496
0.018064767850175523,0.011494252873563315,0.02222651720139157
0.0031426052964396156,0.005681818181818121,-0.007846473813575283
-0.006609360076408888,-0.011299435028248594,0.032015245354930943
0.03053611260672251,0.028571428571428692,0.0072938786815621715
-0.004552918346021673,-0.011111111111111072,-0.007699358386801025
-0.07929069505885888,-0.0730337078651686,-0.061241455754664775
0.0024838144875605206,0.0121212121212122,-0.0033454688576206593
0.009463850528026008,0.017964071856287456,0.012538256491262612
-0.006035488673399536,-0.00588235294117645,0.0014625585023400056
0.02335748694490558,0.00591715976331364,-0.020153831175153236
-0.03991297468354427,-0.02352941176470591,-0.03825516693163755
0.019859091096370074,0.006024096385542244,0.19123876433515852
-0.013372116511130017,-0.0119760479041916,-0.09392888117953169
0.012488739660961423,0.0060606060606061,-0.03130085191921117
0.023173049702754023,0.012048192771084265,0.032608695652173836
0.00521739130434784,0.011904761904761862,-0.010430622009569346
-0.0024378735451400235,-0.00588235294117645,0.005318634561454427
0.02719747733543576,0.00591715976331364,0.0030781069642171754
-0.01960859554873373,-0.00588235294117645,-0.030207134637514454
-0.009041449763200093,-0.01183431952662728,0.005537427074063128
-0.032230033967927896,-0.02395209580838331,-0.02566624053495914
-0.0054689413109133556,-0.024539877300613355,0.04097698829228902
-0.031229481286933702,-0.037735849056603765,-0.06680240449873964
0.002033295209048269,-0.045751633986928164,-0.02483116883116876
-0.001690974424011893,0.0,-0.020669081610909856
-0.04895193732796954,-0.0547945205479452,-0.056462140992167176
-0.024177389910503666,0.0,-0.03401360544217691
0.02130863296221941,0.0,-0.004296968250179001
0.021176785953625377,0.02898550724637694,0.06221529609206411
-0.02489390558690996,-0.007042253521126751,-0.015348154835797212
0.002153625269203152,0.0,0.003553008595988505
-0.003402578796561695,-0.014184397163120588,-0.03186386477843761
0.009119496855345854,0.014388489208633004,0.06098855727262009
0.04736678092863822,0.007092198581560183,-0.020013342228152098
-0.0046329748799252,0.021126760563380254,0.014976174268209519
0.0097361004355625,0.006896551724137945,-0.019226469930695322
-0.021948743973610796,-0.0273972602739726,0.024846136311830636
-0.021100877761923376,-0.014084507042253502,-0.13867882562277578
-0.030743407394319466,-0.05714285714285705,-0.07269205939315704
0.044934603290343045,0.045454545454545414,0.05472013366750228
-0.015002834837978152,-0.014492753623188248,-0.07313531353135327
-0.00017710870046483418,0.0,0.03204671699188144
0.04579070900314419,0.0588235294117645,-0.0180789401048852
-0.01723480838450131,-0.02083333333333337,-0.005059732958538343
0.012280248190279286,0.007092198581560183,-0.07430428026557434
0.0231132677818926,0.007042253521126751,0.09217152449259869
-0.00557497087701786,-0.013986013986013957,-0.11275674165152993
-0.012132875909965701,0.0,-0.00913385826771651
-0.02685075385397262,-0.014184397163120588,0.044183089637635176
0.03285751588475949,0.05035971223021596,0.029528158295281548
0.027514431382463345,0.013698630136986356,-0.01256652868125352
-0.00832444845403102,-0.020270270270270285,-0.00194639916155126
-0.006326758466691507,-0.006896551724137945,0.02775277527752773
0.007740324594257109,0.0,0.08611881477156613
-0.004335976214073223,0.00694444444444442,0.12001075124311278
-0.01961760192443296,0.0,0.14710823134149242
0.002326761993400428,0.0,0.18661087866108805
0.00282783944624998,0.0,0.1117771509167842
-0.006102693602693554,0.0,-0.004678084364097668
0.002752487825534722,0.0,-0.06914681749382623
-0.015498310810810878,0.0,0.21292255027813445
-0.005061553639600258,0.0,0.6347280039511747
0.008924337141625438,0.006896551724137945,-0.09469549829513568
0.005640543543286913,0.013698630136986356,0.598140643623361
0.021288348771989485,0.23648648648648662,0.37624175889740785
-0.006157686706885768,-0.021857923497267784,0.7541672988966683
0.008707665257252861,0.022346368715083775,0.0011121408711771696
-0.015936916372691345,-0.016393442622950838,-0.18779238412639643
4.217451815602402e-05,0.011111111111111072,0.3423960122186591
0.0006747638326585204,0.016483516483516425,0.6433981274977079
0.0005478759271746458,-0.005405405405405461,-0.06855741476822619
-0.0013057579714418344,-0.005434782608695676,0.060734703537434154
-0.01585828764234498,-0.010928961748633892,-0.021844474038334116
-0.013499614296734408,-0.09392265193370175,-0.32330173212630975
-0.03153916329988271,-0.012195121951219412,0.08466934923209801
0.012873996321715264,0.030864197530864113,0.08200287456784383
0.0003100088573959603,0.011976047904191711,-0.031288145329216754
-0.006862354451675823,-0.01183431952662728,0.026248494394515154
0.002808487874464971,0.05389221556886237,0.6186813286025115
0.002978439653256393,0.0,-0.03501589603435773
-0.012144313447389421,-0.017045454545454586,-0.009016715603542003
0.025170495333811882,0.034682080924855585,0.3890301658773301
0.00245087312355019,0.005586592178770999,0.17204558433269512
-0.001091464745688664,-0.022222222222222254,0.48408777429467076
0.003977272727272663,0.017045454545454586,-0.22381386905365397
0.001175395063340634,0.005586592178770999,-0.32470174041775
0.010522654143838572,0.03333333333333344,-0.1092064661723392
0.004905335628227148,0.07526881720430101,-0.17969889048589072
0.014044703262824365,0.010000000000000009,-0.007620020042732545
0.05945443796976613,0.4257425742574257,0.022889515534893157
-0.006456755679553616,0.003472222222222321,-0.007885455990463086
-0.0010831193838254372,0.0726643598615917,0.5723029552025838
-0.017669973093449975,-0.09354838709677415,-0.16506257164692395
0.002452884182985171,0.08185053380782925,-0.04782540295476334
-0.005179234125851306,-0.006578947368421018,0.0254041686067763
0.012503074526522884,0.0033112582781456013,0.015790630111569337
-0.010891129195513938,-0.01980198019801971,-0.04765933310581183
-0.015513712648383193,-0.06397306397306413,-0.144116815731562
0.00952143362022384,0.02517985611510798,0.06745257148922867
0.0032537067545304055,0.0035087719298245723,-0.09200095022899413
0.030378915390615324,0.08391608391608396,0.003212538635644524
-0.007888760508386827,0.06774193548387086,-0.10239319764197863
0.0323280189550621,0.12990936555891253,0.00812832345727399
0.02337975569905848,0.09358288770053469,-0.17742151684941432
-0.01691564982704219,-0.041564792176039145,-0.20341883127464722
-0.012412033098754938,0.03826530612244916,0.002741239285641406
0.003641204338122872,0.01228501228501222,0.009323295999347225
0.017749863462588777,-0.0024271844660194164,-0.016392448558839146
0.042240024531411846,0.2043795620437956,-0.011261122413332547
-0.010591739913942355,0.0949494949494949,-0.021770757560012455
-0.0104821023677657,-0.03505535055350539,-0.00941201465979713
0.017204462642275153,0.2160611854684511,-0.055635985372497254
-0.005760921747479553,0.1855345911949684,0.11560168519548952
0.058165880473944,-0.40185676392572944,0.0409503160594864
0.02888834286917774,-0.03104212860310418,-0.0458323554721114
0.060555403930131035,0.21052631578947367,0.01456285805056523
-0.06053977546884548,-0.11531190926276003,-0.029404634437059318
-0.015716486902927707,-0.0064102564102562765,-0.001290497153621284
-0.005670354136227629,-0.09462365591397859,-0.06772401863218103
-0.027079032991638385,-0.12351543942992871,-0.0692904408477154
0.004962422237405395,0.027100271002709952,-0.15457875457875436
-0.016352381293162188,0.0554089709762533,0.041963803733272576
-0.004692615496544095,-0.057499999999999996,-0.02624475104978996
0.019626475640510233,0.04509283819628651,-0.029878330509779727
-0.011291131980787239,-0.043147208121827374,0.10614960527645079
0.005039335822789592,0.013262599469495928,0.012747247012160123
-0.004220474713224176,-0.010471204188481686,0.08245191378621741
0.044303568194167475,0.21693121693121697,-0.04534580640554142
0.0014569168863605153,0.006521739130434856,-0.036316714665070915
0.013820574991340484,0.006479481641468832,-0.004747858935548188
0.0031774232122723234,0.0021459227467810482,-0.027596157595767612
0.0027586676656903286,0.08351177730192716,-0.038097529675970354
-0.016438542268111367,-0.05138339920948609,-0.030837432946997034
-0.006457405297144003,-0.04583333333333328,0.008703881615738762
-0.010670095926595513,0.013100436681222627,-0.09021124157734628
-0.010714913051115271,-0.10560344827586188,0.05228125000000006
0.003586647727272796,0.004819277108433662,-0.022273037745374702
-0.004883054385902863,-0.0023980815347721673,0.21308811469185684
0.014187675568040348,0.05288461538461542,-0.026991499430374266
-0.01171025874763354,-0.006849315068493178,-0.10253342082577432
-0.01170710940825892,-0.06666666666666665,-0.06596226631494428
0.0035896331394931202,0.036945812807881895,-0.05207901643873458
-0.06645682809929176,-0.08551068883610446,0.017147576022539468
0.015632183908045993,0.01298701298701288,0.00020695034783568822
-0.002301192092952875,0.012820512820512997,0.002371478593028664
0.022384391424357997,0.05316455696202538,-0.00288985217294635
-0.014830430119457061,-0.04086538461538458,-0.024380145548354437
-0.008634281852991976,-0.027568922305764465,-0.0822805471223843
0.006058770069675923,0.038659793814433074,0.054370831480658355
-0.015545016561276714,-0.02481389578163773,0.027276407678553216
-0.011623016631619243,0.0050890585241729624,0.008062529762393522
-0.0020502108235657124,0.0075949367088608,-0.026079165987945907
-0.18179703853011864,-0.12814070351758788,-0.07295656391643957
0.07390562819783963,0.0028818443804032867,-0.13971530120699305
0.03824775013234505,0.03735632183908044,0.07220602730532888
-0.011812194603781578,-0.011080332409972304,0.1423737433008645
-0.009373521950380548,-0.01680672268907568,-0.04215392517763905
-0.009635834888667039,-0.03418803418803407,-0.04181041417156739
-0.07744225796555193,-0.11799410029498525,-0.09378031490187311
0.05277909738717357,-0.016722408026755953,-0.030734709842106245
0.019042461982762493,0.003401360544217802,-0.006350352561379724
-0.004693796218394386,-0.027118644067796627,0.005920701079405788
0.029496818970503158,0.013937282229965264,-0.10110067570438996
-0.007000864304235077,-0.010309278350515538,0.48260211800302555
-0.004439028636086695,-0.01041666666666663,0.4731186224489796
0.005682811680363775,-0.0035087719298246833,-0.18195986752386506
-0.008432582804485778,-0.007042253521126751,-0.052049429758408206
0.005085042959845687,-0.007092198581560294,-0.003963823135328393
-0.00915910676901599,-0.06071428571428572,0.1051650692225774
0.0137336033101505,0.026615969581749166,-0.07726736740671236
0.020495006513243652,0.08148148148148149,0.12232222603916165
0.020508892860181982,0.044520547945205546,-0.07540678526390532
4.169446297530577e-05,0.0,-0.12677772186763414
0.015676464456952255,0.0,-0.034908407133325436
-0.022330774598743997,-0.042622950819672045,0.0643600138273468
0.0013015913003318058,0.010273972602739878,-0.12124656765774
0.0068349547131836275,0.003389830508474523,0.0017975640487191136
-0.02032401815834417,-0.04391891891891886,-0.042158572578481546
-0.020065467839986417,-0.0035335689045937757,-0.07246402184950451
0.0005639668561017164,0.007092198581560183,-0.020989448649464948
-0.001474158862296071,-0.007042253521126751,0.056818400910019884
-0.0052540165002171735,-0.007092198581560294,-0.03986207903090466
0.003142869614561894,0.03928571428571437,-0.04913640768397631
0.013750489534833044,0.01718213058419238,-0.016805547229382878
-0.006352749281023251,-0.030405405405405372,-0.0014430307711067458
-0.001209555488357994,-0.006968641114982632,0.017036087195456906
-0.01781929847324948,-0.01754385964912286,0.014469260326609001
0.01554449777621203,0.014285714285714235,-0.10741551754749379
-0.0014742867054028386,0.010563380281690238,0.051783583079167306
0.01845579294771582,0.020905923344947785,-0.002395511567799158
0.002600946573998897,-0.013651877133105783,-0.017672459189046807
-0.003402228459640999,0.0,-0.0078051290848272226
-0.006742340189468399,-0.00692041522491349,-0.014825380359612672
0.027410207939508435,0.06968641114982566,-0.01412714429868811
-0.010245044743664722,-0.032573289902280034,-0.013172533487606275
-0.002661709408931512,0.013468013468013407,-0.035152198421645964
0.006311954587816748,-0.0033222591362125353,-0.0037624734173073993
-0.0010945064197012133,-0.0033333333333332993,0.0181327703495191
0.006068523747313481,0.013377926421404451,-0.008616915881390463
-0.001968751309010197,-0.0066006600660065695,-0.04169281182458351
0.008897842692856539,0.0033222591362127574,-0.07968958409118465
0.02362925368167068,0.043046357615893927,0.0019499855068643157
-0.012557912704218466,-0.02857142857142858,-0.10909186544985927
-0.0027575420833847453,0.0,0.058892988929889256
0.006727197688815467,0.016339869281045694,-0.07928631168107048
0.0041405321198704215,0.0,0.01898504208805174
0.008614354535804836,0.012861736334405238,0.08427183312037578
-0.007043108682452948,-0.0031746031746030523,0.0464797610238703
0.01712119359178188,0.01273885350318471,-0.08608092182794302
0.009939481383511861,-0.012578616352201255,0.019284772766347658
0.009246398666613587,-0.01273885350318471,-0.01669899637345018
0.0336190625983015,0.003225806451612856,-0.01392343540040597
0.02955833682048148,-0.012861736334405127,-0.031052478979414433
-0.0332545078332841,-0.01628664495113996,-0.003530925521409989
0.006879682005809462,0.009933774834437026,-0.04020900273265071
0.022851503188581868,0.013114754098360715,0.0038483198798575646
-0.011838491798411677,-0.003236245954692518,0.010565684899485728
0.029105794869868973,0.009740259740259605,0.029885270170244116
0.009050434274870511,0.0,-0.07777079028538925
0.01862567811934901,-0.003215434083601254,-0.03873879724639562
0.0072075270726079665,-0.00967741935483879,0.00807350606357482
0.005710659898477077,0.009771986970684043,-0.050432276657060515
0.029758149316508886,-0.003225806451612967,0.005222853513074943
0.03686306545491669,0.003236245954692629,0.048341232227488096
0.03033287374433713,0.2193548387096773,0.12926126850177488
0.045083795322755194,0.07407407407407396,0.01580570547417115
-0.04219383555379397,-0.064039408866995,0.03003941030506474
0.03584046853614287,0.04210526315789487,-0.06654574311302563
0.10988538241710955,0.05050505050505061,0.0854991498664075
0.11691907306403837,0.10336538461538458,-0.005258447079883655
0.020177482524416313,-0.07843137254901944,-0.004892588010347532
-0.06125473806978321,-0.06382978723404265,-0.03695959310539687
-0.030749320564255167,-0.10353535353535359,-0.019130332726952637
0.032071995086388805,0.014084507042253502,0.005085252766975579
-0.03392154833367833,-0.050000000000000044,-0.05976190476190468
0.01845354474114136,-0.005847953216374324,-0.023961762471511827
-0.1142376268868669,-0.08235294117647052,-0.06716393708448198
-0.07642064010450689,-0.04807692307692302,-0.0036156306494227186
0.087019416227337,0.10437710437710424,-0.062281926029309154
-0.004140174478781566,-0.015243902439024293,-0.05350697674418603
-0.011403118040088978,-0.012383900928792602,-0.001965640602272334
-0.03826860112342678,-0.037617554858934255,-0.10308425572143232
0.03304494487303611,0.039087947882736174,0.04751866490996948
0.01312169312169309,0.0031347962382446415,0.010649002180110667
-0.0014921364409561377,-0.0031250000000000444,-0.0764954783041566
-0.025224902119011294,-0.018808777429467072,0.06877189830203934
-0.012662885175532712,-0.0031948881789136685,0.004202916824276093
0.015247500155269877,0.009615384615384581,-0.059724605533001296
-0.007310433426115592,-0.0031746031746030523,-0.021454642570996163
-0.004591113576138617,-0.006369426751592355,-0.03256914119359522
-0.009286488159727546,-0.0032051282051283048,0.00898062817378209
0.02549601624746134,0.07395498392282951,0.009832704226664823
0.07455592456049498,0.08083832335329344,0.034148592524227084
0.015197913122377171,-0.008310249307479145,-0.025435073627844584
-0.00184336945592678,-0.016759776536312887,-0.021611721611721646
0.038922155688622784,0.04261363636363624,0.05044926993635346
0.016240674405451294,-0.013623978201634857,-0.09070658469214998
-0.03930350895791368,-0.0524861878453039,-0.0448309652131309
-0.009103699412397637,-0.026239067055393694,0.015388561169530801
0.005178317881900929,0.011976047904191711,0.02601667087648396
0.005899459908599969,-0.00591715976331364,-0.002560315115706424
0.07095655047084093,0.04761904761904767,0.016437950439332383
-0.0004370741740583606,-0.014204545454545414,0.36030304501966914
0.01738772570605507,0.05187319884726227,-0.24369867904319886
0.05061435000252823,0.010958904109588996,0.08676359516616317
0.004812782750986511,-0.005420054200542035,0.03370688906263575
-0.004981320049813109,-0.0027247956403269047,-0.056559374737372936
0.08775392317319719,0.04918032786885229,0.3314181364689115
-0.03748285170597865,-0.05989583333333337,-0.021543505168434063
-0.002873563218390829,0.005540166204986097,-0.16014222708468673
0.024046109510086566,-0.005509641873278293,0.03366578465296155
0.047593318024224285,0.06094182825484773,0.01354757403906759
-0.02232872002063091,-0.03394255874673624,-0.07518650917003433
0.002527861429230782,0.010810810810810922,0.011722196546363639
0.016532187335555282,0.0053475935828875,-0.04219269102990042
-0.002804020534058038,-0.010638297872340274,0.09300208116545261
-0.042459768125973296,-0.048387096774193616,-0.11813241302709343
-0.009148614154374402,-0.02259887005649719,-0.08326211146597085
-0.004719131862119252,-0.011560693641618491,0.01447497546614307
0.013354101289598352,0.04678362573099415,-0.01949214026602175
0.02845840867992777,0.016759776536312776,0.03901933701657456
0.001450581331457812,-0.005494505494505475,-0.01903812372406588
-0.08423131789750904,-0.05524861878453047,0.03837963411092837
0.013300740527715904,0.01754385964912286,0.029410393847588034
-0.0012771392081737387,-0.002873563218390718,-0.026079869600652117
0.025338637870607306,0.008645533141210304,-0.03203161320316128
-0.014688900180146902,-0.011428571428571455,0.004514672686230181
0.009258825184004449,0.005780346820809301,0.06526416447525718
0.008732610260816953,0.008620689655172376,-0.04596050269299823
-0.0020491331476065744,-0.002849002849002802,-0.039047798268724176
-0.007913436692506437,-0.005714285714285672,0.10251640066581791
0.007162624125020223,0.005747126436781658,-0.048490230905861464
-0.002609157449952604,-0.008571428571428563,-0.06771513907037507
-0.0065978331326973505,-0.0057636887608069065,-0.08269509936426889
0.06744191466057647,0.04347826086956519,0.017789904502046205
-0.01052286868245822,-0.008333333333333415,-0.025950351187603804
-0.012399885267965538,-0.0028011204481792618,0.07871415203390764
0.0008489533299076424,-0.005617977528089901,-0.014083788334949165
0.0009821647804637568,0.005649717514124353,-0.012628745924124107
-0.028410231251254414,-0.0196629213483146,0.3671436808722546
-0.007620096857857583,-0.002865329512894088,-0.1257620490011887
-0.004764437865716897,-0.002873563218390718,0.12622253409938167
-0.15333131928144828,-0.13544668587896258,-0.1948674013785584
0.06370598084154477,0.030000000000000027,0.012962515114873119
-0.013521184909944806,-0.01941747572815533,-0.038771904693692405
0.012738686895108486,0.0066006600660066805,-0.0008444687298196918
-0.018131570111320716,-0.00983606557377048,-0.01710251566073384
0.10543206628962265,0.1225165562913908,0.07142134547293888
-0.023725102919829655,-0.05014749262536866,-0.015815314890000876
-0.06768878272315115,-0.0434782608695653,-0.06087206792344213
0.013072237182671476,0.006493506493506551,0.19899887628971302
0.03994941804949814,0.02580645161290329,-0.046136150634744855
-0.027892895252748406,-0.01572327044025168,-0.006341833772497862
0.0010721670538380579,0.006389776357827559,0.9940222032450894
0.007191125844702384,0.04444444444444451,1.405251887749352
-0.0371673798009976,-0.05167173252279633,-0.44957782380117883
-0.002156249178258629,-0.0032051282051283048,-0.3021537413807781
-0.0032150104092550924,-0.009646302250803762,-0.08553723040890004
-0.025062789160608112,-0.009740259740259827,-0.06539138786617582
0.011633267348211573,0.009836065573770592,0.09160457880163264
0.003725942207687627,0.0,0.015638075313807676
-0.012017625851248548,-0.009740259740259827,-0.010144703640764141
0.05308825516961746,0.03606557377049202,0.13437727603787342
-0.007803075027593032,-0.006329113924050667,0.16961706030726886
-0.02594748415470194,-0.01273885350318471,-0.14639167173133105
0.00026559014129401426,-0.003225806451612967,-0.07379421221864957
-0.00841697201423186,-0.009708737864077555,0.07225928038287033
0.006908555362163504,0.006535947712418277,0.03179852454846088
0.014945616041273313,0.006493506493506551,-0.025932400932401012
-0.005240403511070357,-0.006451612903225823,0.001426631997974992
0.01214276307124984,0.009740259740259605,0.05581213666965379
0.01977827512621677,0.006430868167202508,0.08602829162132752
0.039223191956310854,0.025559105431310014,0.24725968378654595
-0.017287527932618008,-0.009345794392523255,-0.017833617171684635
0.018241335365701383,0.00943396226415083,-0.0014067918602369556
0.02166924341701626,0.009345794392523477,-0.12742849654359023
0.01453209069946193,0.0030864197530864335,0.010250248746878965
-0.0037407959845632277,0.0,-0.04261052162116952
0.03890301575607791,0.06461538461538452,0.008928571428571397
0.0037514868697958725,0.0,-0.02152751058099256
-0.0023928896991796123,0.005780346820809301,-0.0508051355655611
-0.038857795545402585,-0.02298850574712641,-0.09636058578619222
0.010006179588344377,-0.008823529411764675,0.09700859598853873
-0.0009648193905164026,0.0,-0.0443404308669576
0.017925283836623063,0.014836795252225476,-0.035815021318465035
0.000856184195302534,-0.0029239766081871066,-0.05832596321745254
0.002265791177286536,0.008797653958944274,-0.02514148103552072
0.009688581314878819,0.0029069767441860517,-0.006669795706627735
-0.005894448252227513,-0.005797101449275366,-0.003108602123796933
-0.02557915057915061,-0.017492711370262426,-0.014094696402734197
-0.005518998089577676,-0.014836795252225587,0.0
-0.025400213447171804,-0.02108433734939752,0.09278611371169743
-0.025234827468730292,-0.01846153846153853,-0.006506436973233276
0.017824599945078123,0.009404388714733702,-0.0868622835434778
0.016212503985676197,0.01552795031055898,0.05311383358856547
-0.0008447576752268482,-0.006116207951070374,-0.030658491069048277
0.002149914244993667,0.009230769230769154,0.03832883288328848
0.005471725401340111,0.0030487804878049918,0.011461870018541154
0.010931843789705908,0.027355623100303816,0.03913819783359118
-0.023880101496359885,-0.026627218934911157,-0.004536186396022934
0.00592779748311556,0.006079027355623046,0.03233527421693405
0.005747959232961453,-0.0030211480362538623,-0.03609327626181569
0.0009365094611468727,0.003030303030303161,0.06017993847861791
0.0004318307223567519,0.0,-0.0013089290778593998
0.00865686674180477,0.0,0.10760392319622536
-0.026318292045076297,-0.04229607250755296,0.1371462380435855
0.0021731168355512143,0.003154574132492094,-0.012053625626528452
0.008064516129032251,0.00943396226415083,0.15650235236289567
-0.0010634441087613578,-0.0031152647975076775,-0.010989845018898325
0.01156516900147575,0.009374999999999911,-0.047471414319699035
-0.00011959147551954263,0.003095975232198178,-0.01527504753311204
-0.003946990718591614,-0.006172839506172867,-0.08860490231370888
0.0018972597804942648,0.0031055900621117516,0.004111384405464991
0.001821755597104291,0.0,-0.009118867114861984
0.021103507680528377,0.021671826625387025,0.19407051860406366
-0.005928390664542094,-0.012121212121212088,-0.02167046982908427
-0.01817410367017902,-0.009202453987730008,-0.0682278070405784
-0.004081436665706262,-0.003095975232198067,0.004674911309306751
0.004604406730630117,0.012422360248447006,-0.02491584713880257
0.0029515513641924507,-0.006134969325153228,-0.0015737638338919613
0.006962388745334502,0.006172839506172645,-0.02796562770122535
7.128091809827097e-05,0.0,0.058586598315635285
0.0012829650748396038,-0.0030674846625766694,-0.07517583304508246
0.0061455960516323405,0.0,0.005485600299214521
-0.001462160696176995,0.003076923076922977,-0.05648746789478354
-0.0015587728206702955,-0.0030674846625766694,0.019900123906432032
-0.005677114133648686,-0.009230769230769154,0.010786731951551776
-0.002236231711668868,0.0,0.007903554778554867
0.005126248778045239,0.0031055900621117516,0.0032884038593572473
0.0021823702438561465,0.003095975232198178,-0.0334786053882723
0.006414504828630818,0.006172839506172645,-0.05450073599284522
-0.0034337590253767925,-0.006134969325153228,0.009616900520258653
0.0012979963656101212,0.0,0.022407870081198933
0.012798152163665533,0.012345679012345512,0.003646429935090012
0.002001349747504211,-0.0030487804878047697,0.018394171691616945
-0.0073623336507421255,-0.003058103975535187,0.11804699465799984
0.0027842770238653003,-0.006134969325153228,0.07768385178255222
0.01614596700809634,0.015432098765431945,0.13418490729831922
0.013501412137493896,-0.003039513677811634,-0.029427040621070266
0.01821518385101606,0.021341463414634276,-0.014758276886679633
-0.0082103998397971,-0.008955223880597107,-0.12033503423237979
0.01018530982186916,0.003012048192771122,-0.1395099441050306
0.018388558230434393,0.09009009009009006,-0.042656444729785914
0.006258722958827567,0.04958677685950419,-0.06191443618217318
0.010099039941052768,0.06299212598425186,-0.025567703952901755
-0.04591387929369861,-0.03950617283950608,0.004876575176937736
0.00971463266545225,-0.02570694087403602,-0.014687567103285337
0.013563172312420768,0.005277044854881341,-0.002026761975330249
-0.01489782465392231,-0.03937007874015741,0.010329089598847041
0.007940756602426768,0.013661202185792254,-0.00760817879220177
-0.015955563423917796,-0.008086253369272156,0.1039770004791567
0.012661074504688896,0.016304347826086918,-0.08169586489898972
-0.007950255385298699,0.002673796791443861,-0.03937955185081765
0.002820558739254908,-0.010666666666666713,0.012300398085610897
0.025938657975802526,0.029649595687331498,-0.01855779427359494
-0.0023063533507398093,0.03403141361256545,-0.11153880785161174
2.180834823573008e-05,-0.0025316455696202667,-0.013681623552661337
0.0042089194199106394,0.030456852791878042,0.011739320301060951
-0.020826094510076554,-0.059113300492610765,-0.022622251561468576
0.004080817937856418,0.015706806282722585,0.0021301467723080503
0.004505996951825519,-0.005154639175257714,-0.05565492391839688
0.001979022362952776,0.0181347150259068,-0.007219324732363419
0.0,0.020356234096692072,-0.06257085188154954
0.004169684201285939,0.012468827930174564,0.0642107126002831
-0.007452411652861812,-0.01231527093596052,0.04415066101272136
-0.0008367095296812899,-0.007481296758104716,-0.05112279025322497
0.0018511172815021126,0.005025125628140614,-0.00036365670806759454
-0.034996260613259444,-0.04249999999999998,-0.02423394431229897
0.009049258052016285,0.01305483028720622,-0.007571195044308476
0.0011520737327188613,0.01804123711340222,-0.007224389539083997
-0.008732146483449554,-0.005063291139240533,-0.0098966671517976
0.010994263862332598,0.010178117048346147,-0.06126708804938985
0.004120229652144536,-0.005037783375314908,0.012276471140897582
0.008116955917305768,0.025316455696202445,-0.022275160102713354
0.008407473309608449,0.007407407407407529,-0.043381957409106775
0.044289558427808906,0.10294117647058831,0.08534003704683779
0.11950323152959075,0.04444444444444451,-0.01377544800682684
-0.007188136744396556,-0.019148936170212738,0.11613102595797264
0.014499363396233589,0.013015184381778733,-0.06116064012403799
-0.004626681152362089,-0.004282655246252598,-0.021410245067681077
0.010406669301266547,0.019354838709677358,-0.002471144863333552
0.0019555985994190728,-0.0042194092827004814,-0.0479743814386272
0.05803297581649547,0.029661016949152685,0.016850188810967115
0.006219364359879798,-0.010288065843621519,0.011827487205092968
0.003928552721177425,0.0,0.00037010763963873927
0.01836585620369391,0.031185031185031242,-0.04202250655156481
-0.015267957782559627,-0.03830645161290336,-0.004505664263645848
0.008740894901144491,-0.004192872117400381,0.02854648907280488
-0.012052128464342227,-0.012631578947368327,0.010938236680811064
0.004942310704279418,0.03198294243070343,-0.0471970898237104
0.05066929883803484,0.03512396694214881,0.03184858867678253
0.10886226163202739,0.06387225548902209,0.09835236077290421
0.04696929159606422,-0.007504690431519689,-0.00696783853041949
-0.02671853261023882,-0.017013232514177634,0.009568268143466119
0.012996674251706697,0.007692307692307665,0.056463425141445756
0.10344579319481029,0.08015267175572527,0.09946989261927408
-0.022706215500254423,-0.012367491166077826,-0.02279695381267921
0.009774205178192386,-0.00536672629695889,-0.04030666464247756
0.0099837351070442,0.0053956834532373765,-0.0018719185847243525
-0.03476131870433885,-0.05366726296958857,0.11371440646626874
-0.09573674429960799,-0.08884688090737236,-0.11759125299433149
-0.10579764494112354,-0.1887966804979253,-0.11995699502755008
0.046735556599342365,-0.01534526854219953,0.020188137560319896
0.06622007115612671,0.11168831168831184,0.048827949585366515
-0.0002705546370057599,-0.011682242990654124,-0.013015927384826154
-0.05374969930238149,-0.0378250591016549,-0.04797848342876976
0.04115226337448563,0.01228501228501222,0.07293660196239249
-0.012620751751186488,-0.004854368932038944,0.0040770101925253766
-0.010989180834621304,-0.009756097560975618,0.18131062485901217
0.05227460969854203,0.032019704433497775,0.019167422542607726
0.004395996079246567,0.016706443914080937,-0.0920205166639343
0.04051456454236302,0.07746478873239449,0.01336153528683437
-0.06400454739235484,-0.07407407407407407,-0.10141017156238863
0.03795584975556432,0.06823529411764717,0.18947934961192003
-0.01905918146447061,-0.01982378854625544,0.11409587768807583
0.009990605848232414,0.004494382022471877,0.18705912530460456
-0.05428668448171514,-0.08053691275167774,-0.24524156807663922
0.04052703884101416,0.02676399026763976,0.04170444242973703
-0.023345135929904504,-0.01421800947867291,0.06323576565434474
-0.002457908320019686,-0.014423076923077094,-0.08332076772289587
-0.0026179623013429243,-0.0024390243902439046,-0.046669016566795896
0.02607849797733386,0.014669926650366927,-0.0053242623678178
-0.015168158904521722,-0.002409638554217053,0.08695759918717316
0.005515913640044667,0.0024154589371983004,-0.08291915553326346
0.007856187697544259,0.00240963855421672,0.10737103791174651
-0.003739163211458729,-0.007211538461538547,-0.012347341954022983
0.028285182438670065,0.014527845036319764,-0.02634450152293477
-0.00934565684514177,-0.009546539379474916,-0.009828411345862098
-0.00037141031926435364,0.0,-0.040222568019993354
-0.01067086763962799,-0.004819277108433884,0.011103468605679456
-0.001006489604614802,-0.002421307506053183,0.004543245869776502
-0.021638772349288016,-0.01941747572815533,-0.10472343821800856
0.007592757677292283,0.004950495049504955,0.16911148931571973
0.008725364573799466,0.0024630541871923928,-0.07886406174180283
-0.010857730462134008,-0.009828009828009798,-0.026640577965081236
-0.003546858278550724,-0.01488833746898266,-0.05412092160197923
0.003943048267820437,-0.0025188916876575096,-0.027573429240913327
0.001039199205318253,0.002525252525252597,-0.007621182404034754
0.0029922293635407105,0.027707808564231717,-0.005364503924558228
-0.002952860774136701,-0.004901960784313819,0.0613148631770184
-0.04636287306312492,-0.01231527093596052,-0.0627474055846794
-0.029471089197669165,-0.03740648379052369,0.010301923406198066
-0.09698649116730163,-0.05699481865284972,-0.1426150326243537
0.03450417374468007,0.0219780219780219,0.09260723463135001
0.021064340702026785,0.008064516129032251,0.06166139001959903
-0.005620017638209185,-0.005333333333333301,-0.04316955410394796
0.02215498052309406,0.008042895442359255,0.02775304244582988
0.008353465582360942,0.005319148936170137,0.03425270758122734
-0.00276704516695081,0.002645502645502784,0.029488146100360213
-0.005498688774215332,-0.007915567282322011,-0.06716033308921254
0.007315413405920568,-0.010638297872340274,-0.008723212468378372
-0.005032933626076708,0.005376344086021501,0.01927194860813697
-0.0026480173818578256,-0.008021390374331583,-0.01873489121676064
-0.003352849070733077,0.0,-0.002111622723406814
-0.025820113048378612,-0.016172506738544534,-0.0432035268185158
-0.005661998001647794,-0.019178082191780743,0.03323606204884033
0.01798180664269111,0.016759776536312776,0.011534916906977388
-0.007308118592407875,-0.01098901098901095,-0.03764878765613511
0.0019189839852065127,0.002777777777777768,-0.015392132909846201
0.0022809583507450437,-0.0027700831024930483,0.018424317617866004
0.01054496812188388,0.005555555555555536,-0.001096424438082333
-0.0006704486848893021,0.0,0.003323373376425298
0.009358173779910883,0.011049723756906049,-0.0007293281064819634
-0.00569237324243721,0.07377049180327866,0.008454216464434783
-0.005536415214000501,-0.0178117048346057,-0.037845662072917174
-0.004171119307801008,-0.015544041450777257,0.017394847364132326
0.003271254500138543,0.007894736842105399,-0.0008933797480052963
-0.016734236177003203,-0.023498694516971286,-0.03277627035027142
0.006947977892797441,0.0,0.003283496445535272
0.0003484866965204336,0.0053475935828875,0.007689374682257277
0.005904791764644424,0.010638297872340496,-0.023743457148262537
-0.003515151515151471,0.0,0.1035819256483963
-0.005508540844874732,0.007894736842105399,0.0011121517209082832
0.0056613664162152855,-0.0026109660574412663,0.06899374378763956
0.03938909545817859,0.01832460732984309,0.028824591150248935
0.017418632252887756,0.03084832904884305,-0.0074428495481128065
-0.0033517900859306726,-0.007481296758104716,-0.06684520621317613
0.006346955933991705,-0.002512562814070307,-0.011537136953277405
0.006716466810824828,0.0,0.03484118227745192
0.019168809190614366,0.005037783375314797,0.18497839627405877
-0.0055243326095287815,-0.005012531328320802,0.015461110453415472
0.0010435731946183413,0.0,-0.012870733072188112
-0.026928196821221717,-0.02770780856423183,-0.04558767951625098
0.0025052742616034074,-0.010362694300518172,0.0497203385635796
0.00164408786005521,0.0,0.17939408228221154
0.0023636005515066394,0.002617801047120505,-0.0697465216695986
-0.005780441475076947,-0.005221932114882533,-0.14743741270011812
-0.00029646710038699897,0.0,0.003377526843776568
-0.0016310526055653973,0.0,-0.0010299437299033931
0.006419353774052006,0.06036745406824151,-0.03769457087534889
-0.0010494039713381254,-0.051980198019802026,0.01928504233301953
-0.0015101029167967628,0.0026109660574411553,-0.035045890375839606
-0.01834590915815948,0.0,-0.01041472940301269
-0.0014234279494265145,-0.01822916666666663,-0.03984213493704203
0.010967633741405525,0.010610079575596787,-0.01806336157481181
-0.0003483511379470672,0.0,0.042657402397698885
-0.0029869073892768716,0.0,-0.05571487095452665
0.012000066574571644,0.013123359580052396,0.03334779464931281
-0.0030754555621340662,-0.002590673575129432,-0.012455217196596369
-0.0023755712093965764,-0.0025974025974027093,-0.012839044298954216
0.00158748532402897,0.0026041666666667407,0.0661785816824576
0.006686588849081243,-0.0025974025974027093,-0.0037700282752121117
0.006953783579886519,0.0026041666666667407,-0.05125016894174894
-0.005032737222710915,-0.0025974025974027093,-0.016809595714977643
0.0020298253368036256,0.0,0.02874612419948419
-0.0031529250322642755,-0.00520833333333337,-0.00028168220613489225
0.0037856440511305767,0.005235602094240788,0.016877518244061696
0.0008326394671107629,0.0026041666666667407,-0.00831255195344971
0.0066881994062184535,0.0025974025974024872,0.005364626990779664
0.003224656468758136,-0.005181347150259086,0.03415596687232503
-0.0038119235677019914,-0.00520833333333337,0.024831367068877563
0.0036319416295096385,-0.005235602094240788,0.04261177396092841
0.035671012455774864,0.0052631578947368585,-0.05701710261569426
-0.007612273230692468,-0.015706806282722474,0.010908702957885374
0.0009431144783789147,0.039893617021276695,-0.0060155136932087405
0.005637651345027361,-0.002557544757033292,-0.01574029834899393
-0.0027015209719229993,-0.007692307692307665,-0.023596990372427906
0.004666092538949451,0.0051679586563306845,-0.011047892614483912
-0.0038028147062948436,0.005141388174807249,-0.006842428643244025
-0.0019243104554201862,-0.017902813299232823,0.015831950732544176
-0.0116621731770018,-0.01041666666666663,-0.02718414350570264
0.000539237454799224,-0.0052631578947368585,-0.0286267144727107
0.003122721364486658,0.007936507936507908,0.026247949378954694
0.03865177061770142,0.0209973753280841,0.012074674583238076
-0.00033470766328391743,0.007712082262210762,0.07206317867719658
-0.0050375150288402,-0.012755102040816313,-0.038016311496974486
0.0058584189916790486,0.007751937984496138,0.018487624777792977
0.03149378792256563,0.01538461538461533,0.02690582959641241
0.014757481940144368,0.015151515151515138,-0.02510263316162442
0.00194679722799318,-0.01243781094527352,-0.03875761070729278
0.03600377002827537,0.030226700251889005,-0.11764049333110094
-0.01766319561079388,-0.014669926650366705,0.10185946492947928
-0.0012680591570968236,-0.00992555831265507,-0.07109031943288446
0.041114455682839335,0.025062656641603898,-0.04146326391892741
0.015127639457926279,0.0024449877750609694,-0.03245874161939133
-0.0703670207739967,-0.0585365853658536,0.02638504847253209
0.021112240453027287,0.005181347150259086,-0.030672855334480165
0.0002559581366246011,-0.002577319587628857,0.07534154835253148
0.011515168746978999,0.0051679586563306845,0.0728342778850346
-0.011791657297054225,-0.01285347043701801,-0.07267872173685885
0.009557265370557344,0.0,-0.026041503646436426
0.018905402549834305,0.005208333333333259,-0.038885496673844
-0.010701397818242198,-0.010362694300518172,-0.0006687397599224321
0.0012298575880815843,0.0,-0.033894335329742065
-0.015856841752627693,-0.015706806282722474,0.031827942093232586
-0.004283384157151904,0.03191489361702127,-0.022152854697412128
0.004259077247411147,0.0,0.01414203823842386
0.009361436554991442,0.002577319587628857,0.05422237265188712
0.04578286163963918,0.03341902313624656,-0.04677818088419439
-0.00432679387261492,-0.01990049751243772,-0.04927585045469851
0.014318875003374032,0.0050761421319796,0.017075849364084128
3.9915379395738526e-05,-0.002525252525252486,-0.03288167473614545
-0.02739416194353539,-0.0075949367088608,-0.028921303799747777
0.011244408574203613,0.005102040816326481,0.019100956902306843
0.016367940480216392,0.002538071065989911,-0.040033482549041044
-0.008997138484062028,-0.005063291139240533,0.013913636880615865
-0.005774990263097912,-0.0050890585241730735,0.021350583308405557
0.0018371178862337523,0.002557544757033181,-0.0703276587955336
-0.008454122564552025,-0.007653061224489721,-0.00614318342915654
-0.004555467921346867,-0.0025706940874036244,-0.030905777002932067
0.005163722798245951,0.0,-0.057404530215062644
-0.00028539976352581764,-0.002577319587628857,-0.013793701743731956
0.013716693855356121,0.0051679586563306845,0.012623152709359431
0.014858721452614354,0.005141388174807249,-0.024931590148981386
0.02797415330945996,0.010230179028132946,-0.044099959909127406
-0.008728179551122262,-0.0075949367088608,-0.018220793140407254
0.0035271996369059533,-0.005102040816326481,-0.006787545092082792
-0.019602775659994465,-0.09487179487179487,0.010418160095579498
0.0072756030051404075,0.0028328611898018607,0.04706049283450775
0.0051163277590222656,0.02259887005649719,0.14183756436895845
0.003488992748623243,0.01933701657458564,0.044069942242266125
0.0025687264046911906,0.0,-0.0768035768414671
0.0024068634428500157,-0.0027100271002709064,-0.048512210137492295
-0.006351255405667056,-0.010869565217391353,0.08432903420609916
0.01345926493705596,0.005494505494505475,-0.028801018378550536
0.0006024945839582241,-0.002732240437158584,0.04194314737445737
0.0011786409757097438,-0.008219178082191747,0.09721676232408227
-0.004337922915493619,0.0,0.1145784816022355
0.008765052885912894,0.0027624309392264568,0.0714905654312259
0.007542265992279473,0.019283746556473913,-0.1382413824138241
-0.00037934827965568907,-0.005405405405405461,0.010687554395126142
0.0027576436061882426,-0.005434782608695676,-0.027176908239184283
0.01030641722698089,0.0,-0.016145593598413832
0.04170412546199187,-0.002732240437158584,0.0024471875337388482
0.036270796375317715,0.016438356164383494,0.03572069646383058
0.06643995650866352,0.2560646900269543,0.01261698440207959
-0.025119850755981665,-0.023605150214592308,0.15845142739782303
-0.002937184308315466,-0.04395604395604402,-0.118163283396862
0.01275413421410887,0.0022988505747127963,0.026102399142206245
0.02819492954022107,0.025229357798165042,0.10061065212422049
0.04577796828118297,0.022371364653243964,-0.0458699264182294
-0.002479711451758293,-0.002188183807440014,0.01784936874183707
-0.01259373394966612,-0.037280701754385914,0.075491873396065
0.002600807290582985,-0.013667425968109215,-0.0073289208306110964
0.03589142299790393,0.04157043879907607,-0.02043210759765346
0.0234591768252983,0.031042128603104402,0.07934328532616641
0.021619770002446748,-0.004301075268817289,0.020705334668579267
0.1062327559779277,0.04535637149028071,0.011269622401357537
-0.12240956760454824,-0.11363636363636365,-0.1105225896111387
-0.10971205273441353,-0.10023310023310028,-0.09958139260656806
0.00708268676568391,0.02590673575129543,-0.0322485594552121
0.002872582793119083,0.007575757575757569,-0.0013193951080889832
-0.00918568920105356,0.07769423558897226,0.006402439024390194
0.005371996942945989,0.06744186046511635,0.04887407856205206
-0.1431341441917856,-0.1612200435729847,-0.10288501652706905
0.03480508125900017,0.02857142857142847,0.024253264174566302
0.023793844662848063,-0.017676767676767624,-0.0041560437257710525
-0.006759872812446943,0.0025706940874035134,0.12078277337448284
0.004142178125878138,0.007692307692307665,0.04709305964077859
0.011839863713799081,-0.007633587786259555,0.008875474404566486
0.09189085180330236,0.01025641025641022,-0.09638625592417072
-0.023481727867480262,-0.025380710659898553,0.03337048449485347
0.014042092440955667,0.005208333333333259,0.0694074356046186
-0.004493532205501305,0.007772020725388629,-0.010738016136687234
0.02989843915846402,0.0025706940874035134,-0.06434782608695633
0.0031243558728126786,-0.015384615384615441,0.04685296756826052
-0.003958168860242028,0.0,0.011357374640298845
-0.030748851803997668,-0.01302083333333326,-0.06404939915851948
0.009913855873819433,-0.02110817941952503,0.014262151935577894
0.01780287064356556,0.03234501347708907,-0.019003890058031936
0.0023539925238940107,0.007832898172323688,0.1568939738672559
0.0020005436259853404,-0.002590673575129432,0.10285730340235455
-0.002267819746308075,0.0,0.14936057471850006
0.0009570418705817652,0.04415584415584406,-0.003524170490059375
0.054347117494947694,0.014925373134328401,-0.0684638996396636
0.019187963726298385,0.0,0.07991881566380132
0.023032901255788607,0.002450980392156854,0.17447542397240579
0.01789879422810836,-0.0024449877750610804,0.012952294890620886
0.012612752570613006,-0.004901960784313819,-0.12294167936661315
-0.01491993479720033,-0.004926108374384119,-0.03693500879404976
0.010522319777289013,0.0,0.0014082027812005737
0.02234744497423291,0.0,-0.040055370012304525
0.0016205775663071798,-0.004950495049505066,0.2151342443177917
-0.06461474785291654,-0.05472636815920395,-0.08408679927667262
-0.005742271566202106,-0.0052631578947368585,-0.004503948667324731
0.015960836274995893,0.002645502645502784,0.024088420617704553
-0.005246652396834195,-0.007915567282322011,-0.06731758487825545
-0.008547008547008517,-0.010638297872340274,-0.1411515335034822
0.014041427763869851,0.013440860215053752,0.025838621940163176
0.0029167288835798555,0.010610079575596787,0.005499091667894085
0.019811807678564275,-0.005249343832021025,0.08623467942770624
0.01826870668846836,0.01055408970976246,0.004517869184086365
0.007847372898366567,-0.010443864229765065,-0.08411089481103595
-0.006211945903909388,-0.007915567282322011,0.11988175510602961
0.03064311412675247,0.0026595744680850686,-0.053971508977071814
0.032704309339061766,0.0026525198938991412,-0.049440793266459115
0.001918766251232995,0.007936507936507908,-0.057252371364110544
0.04410080183276066,0.007874015748031482,-0.002470343017420995
0.005965441579813602,0.0026041666666667407,-0.030027086289178384
-0.025424306454911116,-0.0051948051948051965,0.027977979309060874
0.01867394041124637,0.0,0.1035365948309317
0.012675935461723187,-0.007832898172323799,-0.015894971281209647
0.0,-0.007894736842105177,0.00819496390880703
0.036043289236167064,0.007957559681697646,-0.05531532808771045
0.023321063394682984,0.03157894736842115,-0.017683841920960508
0.0191685118424314,0.0,0.05876811040664065
-0.015560906360049809,-0.010204081632653073,0.007238883143743546
0.009536708759908974,0.005154639175257714,-0.06298648584117283
0.004506281962245229,0.00512820512820511,-0.022576699622872454
-0.03872473150381428,-0.025510204081632626,0.007899264820897978
-0.06010428755904995,-0.010471204188481686,-0.05183518274229837
0.033469565217391306,0.015873015873015817,0.02867119513326233
-0.06038755058940337,-0.0234375,-0.09064389519465355
0.05293180027222566,0.013333333333333197,0.08737241178186061
0.038738593163977875,0.010526315789473717,0.01499222228182151
0.008629582930783197,0.0859375,0.04766811996300713
0.0065588674589258655,-0.026378896882494063,0.040757648364397436
0.007749999999999924,0.024630541871921263,0.22188295165394423
-0.0494554300941894,0.019230769230769162,-0.07024850756629175
-0.07373233092834708,-0.0424528301886794,-0.05893897054118047
-0.11489415849413298,-0.02216748768472887,-0.1539124127300754
0.06461152985151264,-0.0025188916876575096,0.23525156727214291
0.01687018924706285,0.017676767676767735,0.012384236666883375
0.06289898788689374,-0.004962779156327701,0.004713141094305762
-0.063719278205151,-0.0174563591022443,0.055268881402191994
-0.010055855271937197,0.010152284263959421,0.009193776520509234
-0.09731462848669825,0.025125628140703515,-0.012914205626188835
0.03760986432289437,-0.002450980392156854,0.17943204868154172
-0.006219289047883381,-0.002457002457002644,0.25437691328724243
0.08176016054120594,0.0049261083743843415,-0.08984466046039741
0.0013196018244929775,0.019607843137254832,-0.07189985538684018
-0.006856706298047133,0.007211538461538547,0.2728408888023244
-0.01301960633479804,0.665871121718377,0.013912089873885813
0.044192005299922954,-0.044412607449856756,-0.038484757017808735
0.008126591962977825,0.03148425787106457,-0.04018207502746807
0.020055529847293085,0.125,0.011256473153447688
0.03778001578703827,0.04263565891472876,0.00835511953211343
-0.009232302567734108,0.027261462205699916,-0.03700585358030617
-0.007474078976395293,0.3377563329312425,-0.0037886673050503417
0.051476733227831195,-0.07574391343552744,-0.04488465396188568
-0.004887205330266875,-0.08585365853658544,-0.0653569032408623
-0.0008072053700399762,0.05869797225186768,0.014185171891824222
0.010136485394786954,-0.12197580645161277,0.9224957685797819
-0.0006229637923339526,0.02411021814006875,0.3679357787150941
0.015061534962472312,-0.007847533632287074,-0.31635208350398447
-0.003850590451531577,0.21920903954802262,-0.027660575976721336
-0.025900347392887157,-0.059314179796107425,-0.1285152227297932
-0.0014880952380952328,0.02364532019704435,-0.0066355593261423484
0.004265378488103266,0.038498556304138454,0.02405571653703431
0.008886842015488172,-0.007414272474513317,0.031473079099691326
0.00927350499602686,-0.027077497665733086,0.06676227969699
0.014875493127622708,-0.009596928982725461,-0.01208189340142729
-0.001138923964445815,-0.06395348837209303,-0.04323761508110491
0.015525204703005002,0.06935817805383016,-0.10951371785325614
-0.005719725323005798,0.08712487899322374,0.13493492849638722
0.00790475021480308,0.16295636687444337,-0.012808281933332721
-0.0198910457818805,0.0673813169984685,-0.06317874331422901
0.035569619204612435,0.07388809182209477,0.02086610152180568
0.012270527536695441,0.01603206412825653,-0.007873700639300596
0.012319338754158471,-0.02366863905325456,0.07300889417744005
0.028608673931370454,-0.015488215488215551,0.045110238144465464
-0.0009486010032404568,-0.019151846785225635,0.00919015161052461
0.0040334832280020105,0.0976290097629009,0.004669066543108835
0.0197459505670341,-0.001905972045743276,0.1723871860366113
0.054685471366357596,0.013367281985996016,0.03480622442109427
0.021961170512099004,-0.0018844221105527303,-0.043636230718619995
0.025653556531435306,0.32410320956576455,0.23625411822260967
0.031930957190505316,0.11169201520912564,0.19628017411950927
0.011562949137331247,0.12312954253954667,0.2295112471055245
0.015011732939020694,0.07194518462124089,0.18267500714658058
0.011344058778819388,0.07563920454545459,0.16133721963530356
0.07931308753624622,-0.043908880818751994,0.10405271808495997
0.018574288449821674,0.1595303867403315,-0.26708897606143356
0.01809885151763746,-0.04824300178677776,0.0077428774605481365
0.03437914421446675,-0.038798498122653347,-0.1459055097421732
-0.06725739355285432,-0.1064453125,0.10176359169753968
0.04678583027884753,0.05318761384335158,0.056892019640770064
0.0022161769838939804,-0.0006918021445866396,-0.04913083188031664
-0.03896269023887311,-0.12184146763586012,-0.07418594313112226
-0.0022894220647365904,-0.08040993299172261,0.19296741362531433
0.060330364092363586,0.0887269609944279,0.3522826915060304
0.02694811020667842,0.11653543307086611,-0.05756091597860202
0.052450162814708934,-0.023272214386459766,0.10150661098531755
0.04880993706325376,-0.006859205776173161,0.010641647573822244
-0.020880401778647584,-0.04398400581606687,0.07088036231737216
0.06476582402508324,-0.034980988593155904,-0.14309266158121936
0.06764516425876499,0.26516942474389293,0.13451235097811365
0.053102455589936204,0.07287449392712553,0.011145714216199032
-0.05674321913211433,-0.1320754716981133,-0.13368913186281706
-0.04449496307993994,-0.20568561872909696,-0.15164805252880997
-0.07425922394457019,-0.00042105263157898865,0.09968798394410561
0.05735039507178019,0.020219039595619215,0.017137021742819503
0.04629835791817416,0.04087530966143693,0.0008810521108664204
-0.03552919165990587,-0.042443474811582727,0.004421854254279989
0.05099587675306938,0.048053024026512015,-0.008959091570825417
0.05312695448322935,0.1383399209486167,0.08740411254711744
0.033502500124590995,0.004861111111111205,0.0552464991367736
0.010769323501637285,-0.044229440221147276,0.191199551425989
-0.0014073588168644902,0.010122921185828027,0.254513721714011
0.06967087478750389,0.10379384395132418,-0.05872254394681853
0.06565034371615397,-0.009403372243839137,0.12107880433793383
-0.045766974015088,-0.07070376432078562,-0.025736111900374392
0.026887151557741795,0.06410707995773168,0.12545204264949472
0.006483415430457384,-0.01754385964912286,0.643636019024717
0.04387688973408266,0.025606469002695365,-0.1717531531531531
0.003528162539734314,0.09132720105124825,-0.0408156161826676
-0.10090226529777457,-0.11198073449729073,-0.13056031207829166
0.021578189447404306,0.038644067796610226,0.0690102230604488
-0.07752979367100721,-0.013707571801566676,-0.13190818049604203
-0.016673515881533874,0.0,0.0497459574557797
0.021902311955789733,0.1813368630046328,0.17628857835635525
0.05452321961755935,0.3347338935574229,-0.028061924269000005
-0.040510113408738446,-0.03378803777544592,-0.03996472667270168
0.016210870819255208,0.09296264118158115,0.0780224378093064
0.05104649366697567,-0.061605723370429244,0.0867757185953304
-0.012010478398406965,0.012071156289707785,-0.07449098055548331
0.006065226283886727,-0.0016739903745552898,0.06936016254125987
0.014600374804558225,-0.007755187591699797,0.07307989711057461
-0.049615470088272495,-0.06020278833967052,-0.03846078431372546
-0.00740209758042254,-0.012811867835468616,-0.045059494070985084
-0.04285146037128151,-0.06352459016393441,-0.11169289871521504
0.029857370534003058,-0.014344760515438981,-0.09269467094888273
0.008752375168955329,0.05698075974346328,0.15618222982344832
-0.013775880751439873,-0.041540256709451606,-0.06885073841898481
-0.023029787502165888,-0.01753104455807153,-0.015637651448217715
-0.018659002595894925,-0.03370508054522925,-0.15623304573058683
0.029541393686718154,0.06617081302898176,0.02121433905014758
0.022976536722961072,0.11691123406302628,-0.011390030567818732
0.014656443296958699,0.1916864096489339,0.05926308560158278
0.00013453052689849088,-0.03867702873667089,-0.027926629907733203
0.00252499048804955,-0.03872908441436351,-0.13010110281018494
-0.03446345876652257,-0.08898885194602002,-0.22440466926070035
0.02091588384299592,0.11936453413482195,0.03624388471580309
-0.020572930845395798,-0.04909858074415041,-0.05133907640624413
-0.05792474706564388,-0.0605082694634933,-0.24482731205023023
-0.01465505614188889,-0.026835551738943808,-0.07282324152060105
0.026114407196540457,0.07544672402382524,0.34540750720430147
-0.01706658218138768,-0.04964102564102568,-0.08926384076533378
-0.05282666779761647,-0.07619253183682284,-0.08448044401699117
-0.10499073137095127,-0.0906542056074765,-0.089589477312644
-0.03453968762194448,0.05113052415210673,-0.017188223062268415
0.15472427480283124,0.04302126619408475,0.16720172686858326
0.040598453605934504,0.038200140614014444,0.1851961482847504
-0.019599979300352066,-0.07765237020316018,0.10869243299274389
0.2393607896438421,0.10181106216348512,0.0841857229147438
-0.05318001135718331,0.01643713904931121,0.013735177683921629
0.05336312112034047,0.0174825174825175,0.12661405440308782
-0.0283688952784934,-0.053694158075601406,-0.03678105403817189
0.008958394374450673,0.007943713118474749,-0.024570065637175453
-0.06475102183051051,-0.0488628687232604,-0.17460061790061165
-0.01825358628826934,-0.000236742424242542,0.019163618396741633
0.05626914941983441,-0.002131186360407211,0.05847329021744674
0.05136276190404909,-0.036307546274323754,-0.09240595730431789
-0.0293911378029984,0.0125584831322334,-0.025442416891780284
0.011271066771809446,-0.017023346303501885,-0.010154150756611413
0.042855381222843825,0.0643245917862445,-0.01486763322401663
-0.05463006114059554,0.0004649000464898023,0.08222069507166707
-0.0027922273807510223,-0.021143122676579806,0.05588680381169131
0.03469990814079171,0.01732732019938288,0.010553734225535516
0.03250223729200319,0.01376574895006999,0.007502714734535898
0.12328506952957463,0.07848101265822782,0.04869311066319648
-0.011980042485036368,-0.03755868544600938,-0.02897851025659315
0.05133885511241654,0.015521064301551979,0.01349032813344575
0.012133982846691538,0.06179039301310052,0.009579362837647043
-0.022652444194927512,-0.012749331688258425,-0.03460024185933497
0.011611173772689165,-0.03145178087898348,-0.002486210492799623
0.07965622486159085,0.012903225806451646,-0.010655805072354307
0.06412335438911754,-0.01422505307855626,-0.012901505755254061
0.04853644158766035,-0.013353435278914416,-0.13249017489470294
0.06183499211933441,-0.00021829294913788821,-0.11245098614300997
-0.03310883141084775,-0.05436681222707418,0.15193226215623312
0.0465574507464257,0.019395058877857307,-0.03817560336210113
-0.010268174371605654,-0.005436013590033983,-0.015527601182924067
-0.03949266914299032,0.07674789341835586,0.11135140677835742
0.007950738111146771,-0.038071065989847774,-0.0058001769829852945
-0.025285547368672057,0.01649076517150405,0.06213880147474482
-0.021019360710039514,0.036988968202466,0.03889573987692052
0.024684262345879615,-0.025239883187317513,-0.024982605836793348
0.012437446957946685,0.13952493045153025,0.2878783126247322
0.04411878059120511,-0.057464788732394356,0.6896545950232822
0.008517353068738576,0.01972504482964732,-0.1509567567567569
-0.004391984628054013,0.011137162954278912,-0.021707528771123363
0.007003032809484555,0.18183574879227038,-0.07434326124210922
-5.01953053700932e-05,0.01962066710268151,-0.05058838555159917
0.04480384058996156,0.012989095574085896,-0.10538800364819811
-0.0029962743119706925,0.015830299192654662,0.10588780624414551
0.030247738374258093,0.10737104565996569,0.2154296392582078
0.04010298954583824,0.21080776808331003,0.013403194022497678
-0.0640309402474647,-0.08158995815899595,-0.1238369460966865
0.0009150929179668754,-0.02758795241710954,0.012990330653504634
-0.07563888840400079,-0.15135346173867792,-0.16164561136450006
0.033099560702592346,0.09323723355313618,0.17916089322513273
0.05040294479873331,0.12372001683265532,0.14462324817935346
0.0006003758875121612,-0.020347022843590024,-0.036228244799829
-0.08068253954450988,-0.13621304791029554,-0.1468151406645336
-0.0006361217853975143,-0.026257560112111,0.060614199688485026
-0.02440097868937041,-0.06665656718678992,-0.029471792671772357
0.009296763959698806,0.07190391170264587,-0.04905123995300886
-0.007319880709494964,-0.027407631738340377,-0.009968213477134835
-0.060089909727148005,-0.03892262182780648,-0.10807650399085778
-0.18741098081435337,-0.3264215130406609,-0.31959573257508367
0.1529564652371671,0.1594516594516595,0.4749632978545928
-0.003430908970947222,0.001037129226301614,-0.10944326153898354
-0.011630216494162737,0.004765851636966412,0.09360220610297976
0.13461796096994583,0.14518457413899766,0.17714793394188577
-0.034495227787070704,-0.04844228345038715,0.00044889724199492775
-0.004845896911313985,-0.021006813020439163,0.17732237069178058
-0.07038236536566,-0.09897544944906245,0.3611268455047738
-9.363708469201093e-05,0.03175284273761014,-0.16153846153846152
0.04453686616905839,0.024537325847369562,-0.01834862385321101
-0.02888935766269385,-0.033488938502131194,-0.07209532710280375
0.06604413984859514,0.08315833683326335,-0.039886872040110544
-0.00858874141316901,-0.0005816207832493037,0.02299382327517474
0.07921178722365663,0.09175557710960236,0.04596610864716588
-0.0061752053839031484,-0.038912579957356086,-0.08373529411764713
-0.002792994996083542,-0.02717692734331678,0.09138766731935943
0.042190018423903686,0.047890535917902044,0.009803921568627416
0.014988326023172682,-0.01088139281828071,0.029126213592232997
0.00126710477911951,-0.02126879354602118,-0.06583490566037742
-0.020828608492919565,-0.01929561633570631,0.060375776977727114
-0.02041005401298901,-0.018147086914995225,0.09523809523809512
0.023419619044016127,0.0052529182879377245,0.06956521739130439
0.00979574485781165,0.008709115540932677,0.17886178861788626
0.012830573738048523,0.00882578664620115,-0.08965517241379306
0.0414715522635527,0.010650437428680215,-0.13636363636363646
0.03503756658742718,-0.056078283778697835,-0.00877192982456143
0.0020892619896812903,0.011164274322169154,0.017699115044247815
0.009303658100497936,0.0033517350157727943,0.11304347826086958
0.1285470985065722,0.18117508351346046,-0.0546875
0.036773142937922554,-0.0113125935784395,0.008264462809917328
0.03268516665751764,0.07605586404172993,0.09836065573770503
-0.026338396958738297,0.023768569194683176,0.04477611940298498
0.008347730526805375,-0.012983045669772375,0.25
-0.02097251112985732,-0.0795419374806563,-0.05142857142857149
-0.0026438272342749203,0.021015467383994624,0.06626506024096401
0.021076110462215025,-0.016301663098962527,0.192090395480226
0.05306629389053552,0.00987612989621689,-0.03791469194312802
0.003351936720757953,-0.035305818000994416,0.3743842364532022
-0.0038430930433053234,-0.023883161512027518,0.19713261648745517
-0.012998425542821601,-0.03326879070586164,-0.09580838323353291
-0.06807052570518946,0.01893663510560817,0.08609271523178808
0.040559906199788553,0.009471050750536225,-0.06402439024390238
0.02678409960353334,-0.013276686139139682,0.19869706840390888
-0.020987903123375284,-0.007355579476139296,0.10597826086956519
-0.004810669618917407,-0.011566961865172587,0.2727272727272725
0.06965995664938318,0.04424940574145175,-0.16216216216216217
-0.0037894976315641093,-0.012607249168271717,0.25576036866359453
0.055112690093678696,-0.011349530058521018,-0.044036697247706424
0.04621080947374945,-0.04609865470852015,-0.20921305182341643
0.04598429804457016,0.029334336216622736,-0.1747572815533981
0.018260930988203805,0.026306174643770497,0.10000000000000009
0.023889530173035745,-0.02029191883232473,0.08823529411764697
0.003720892417970356,-0.0052688953488372325,-0.0958230958230959
-0.051927731825293866,0.007671232876712342,-0.005434782608695676
0.017317977547289143,0.11111111111111094,-0.013661202185792476
0.04413399063319701,0.020717781402936453,0.2880886426592799
-0.04237575556088791,0.027169570081508665,0.04086021505376336
-0.07355415631938045,-0.07795238836159946,-0.13429752066115697
-0.039367556443351104,0.0512993587580155,0.031026252983293423
-0.0641012331697497,-0.05280898876404494,-0.13194444444444453
0.10242232444324184,0.040501609896627766,0.18666666666666676
0.011625903843134111,0.02084690553745938,-0.03146067415730347
0.10244358211204463,0.018187619655392506,0.025522041763341052
0.07602309603939017,0.11344406142275143,-0.05882352941176461
-0.020669005004008034,-0.04911342527441609,-0.0024038461538461453
0.010527967995807463,0.030634897143702933,0.04096385542168668
0.031621984172320206,0.028001148765077533,-0.02314814814814825
0.020425583805865344,0.009219164687805481,-0.04265402843601884
-0.015776817419128175,-0.030726643598615877,-0.022277227722772297
0.02258507345817118,0.02656004569470216,0.037974683544303556
-0.02602274172931629,0.01850048685491723,-0.0024390243902439046
0.026735433405856934,0.06487298552308118,-0.02689486552567233
0.06508967504231444,0.13915608567397708,0.17839195979899514
0.06138492899491732,-0.032537716730466015,0.1663113006396586
0.05227987632025988,0.06598394041661804,-0.018281535648994485
0.024489858275575704,0.048362445414847244,-0.05214152700186225
-0.016919513262019237,-0.10892429449130492,-0.03143418467583503
0.03488761312257238,0.032254294729461286,0.08316430020283971
0.07250625390869292,0.12079701120797015,0.20411985018726586
0.009020008017784908,0.012929292929293013,0.20839813374805605
0.022447763350369243,0.009772636617471075,-0.009009009009008917
0.029496961989543546,0.029429192178550112,0.08441558441558428
0.022260920289606467,-0.01765157329240208,0.13413173652694632
0.19928335864794766,-0.02001953125000011,-0.13833157338965163
0.25247174894167856,-0.020528151469855427,-0.11397058823529405
-0.07431968133544131,0.2702207752568928,0.11479944674965425
-0.08396200224510242,0.24341209451341617,0.0459057071960296
