"rank","dtm","ticker","marketcap"
1,"10/7/2017","BTC","71954145405"
2,"10/7/2017","ETH","29082392866"
3,"10/7/2017","XRP","9049679016"
4,"10/7/2017","BCH","6007842810"
5,"10/7/2017","LTC","2753415447"
6,"10/7/2017","DASH","2315482676"
7,"10/7/2017","XEM","1889145000"
8,"10/7/2017","NEO","1692435000"
9,"10/7/2017","MIOTA","1377432366"
10,"10/7/2017","XMR","1366533309"
11,"10/7/2017","ETC","1165822485"
12,"10/7/2017","BCC","972100131"
13,"10/7/2017","OMG","817187240"
14,"10/7/2017","QTUM","683491400"
15,"10/7/2017","LSK","587668462"
16,"10/7/2017","ZEC","583088187"
17,"10/7/2017","ADA","504914142"
18,"10/7/2017","WAVES","497544000"
19,"10/7/2017","USDT","436635000"
20,"10/7/2017","STRAT","381750299"
21,"10/7/2017","XLM","344262267"
22,"10/7/2017","STEEM","290456381"
23,"10/7/2017","ARK","251176001"
24,"10/7/2017","KNC","243985880"
25,"10/7/2017","HSR","239957425"
26,"10/7/2017","BCN","237874083"
27,"10/7/2017","GAS","230763171"
28,"10/7/2017","EOS","227897218"
29,"10/7/2017","REP","218984700"
30,"10/7/2017","PAY","216163283"
31,"10/7/2017","BAT","213928000"
32,"10/7/2017","MAID","202639846"
33,"10/7/2017","ARDR","193616092"
34,"10/7/2017","GNT","190306160"
35,"10/7/2017","PIVX","190270210"
36,"10/7/2017","SALT","188507918"
37,"10/7/2017","WTC","188391815"
38,"10/7/2017","ICN","186444023"
39,"10/7/2017","KMD","185978979"
40,"10/7/2017","TRX","179568287"
41,"10/7/2017","DCR","172251494"
42,"10/7/2017","LINK","156913050"
43,"10/7/2017","BTS","156676884"
44,"10/7/2017","FCT","154466486"
45,"10/7/2017","BNB","153519000"
46,"10/7/2017","MTL","148917205"
47,"10/7/2017","GAME","145752001"
48,"10/7/2017","DGD","145138800"
49,"10/7/2017","GNO","134572200"
50,"10/7/2017","SC","133716861"
51,"10/7/2017","VERI","123857898"
52,"10/7/2017","FRST","116498266"
53,"10/7/2017","DOGE","116417499"
54,"10/7/2017","DGB","115673129"
55,"10/7/2017","GBYTE","113957327"
56,"10/7/2017","BLOCK","113892135"
57,"10/7/2017","CVC","111926480"
58,"10/7/2017","BTCD","111733396"
59,"10/7/2017","PPT","107382484"
60,"10/7/2017","MCAP","102707378"
61,"10/7/2017","FUN","100430000"
62,"10/7/2017","SNGLS","100014600"
63,"10/7/2017","SNT","94453728"
64,"10/7/2017","ZRX","94269500"
65,"10/7/2017","BNT","92446368"
66,"10/7/2017","LKK","92337374"
67,"10/7/2017","AE","90394001"
68,"10/7/2017","BTM","89642597"
69,"10/7/2017","XVG","86139500"
70,"10/7/2017","PURA","84220201"
71,"10/7/2017","VEN","81229434"
72,"10/7/2017","GXS","79417830"
73,"10/7/2017","KIN","78410341"
74,"10/7/2017","SYS","78151771"
75,"10/7/2017","NXS","77330368"
76,"10/7/2017","CTR","77175240"
77,"10/7/2017","NXT","73515207"
78,"10/7/2017","MCO","71529044"
79,"10/7/2017","ADX","66670857"
80,"10/7/2017","ADK","65785206"
81,"10/7/2017","LRC","59264246"
82,"10/7/2017","ANT","56721786"
83,"10/7/2017","UBQ","56092158"
84,"10/7/2017","SNM","54771755"
85,"10/7/2017","VTC","51783457"
86,"10/7/2017","MGO","51573978"
87,"10/7/2017","BDL","51276183"
88,"10/7/2017","IOC","50776475"
89,"10/7/2017","EDG","50439104"
90,"10/7/2017","WINGS","48069134"
91,"10/7/2017","PART","46946368"
92,"10/7/2017","MDA","45293659"
93,"10/7/2017","NAV","44426823"
94,"10/7/2017","BQX","44186173"
95,"10/7/2017","MLN","40960359"
96,"10/7/2017","RLC","40603248"
97,"10/7/2017","STORJ","40243561"
98,"10/7/2017","NLG","39175271"
99,"10/7/2017","CFI","38820275"
100,"10/7/2017","RISE","36416680"
101,"10/7/2017","AEON","36317247"
102,"10/7/2017","DCN","36224429"
103,"10/7/2017","TAAS","36086865"
104,"10/7/2017","FAIR","34893877"
105,"10/7/2017","ATB","34779790"
106,"10/7/2017","REC","34125483"
107,"10/7/2017","MONA","33572428"
108,"10/7/2017","TKN","33291067"
109,"10/7/2017","XZC","32741016"
110,"10/7/2017","SUB","32723346"
111,"10/7/2017","CLOAK","32483807"
112,"10/7/2017","XEL","32385851"
113,"10/7/2017","KICK","32065704"
114,"10/7/2017","TNT","31938526"
115,"10/7/2017","MANA","31551316"
116,"10/7/2017","NLC2","31142879"
117,"10/7/2017","DCT","30733168"
118,"10/7/2017","PPC","30535826"
119,"10/7/2017","1ST","29934735"
120,"10/7/2017","BAY","29680511"
121,"10/7/2017","MTH","29217557"
122,"10/7/2017","XRL","28680700"
123,"10/7/2017","VIB","28671580"
124,"10/7/2017","RDD","28573405"
125,"10/7/2017","NEBL","28490320"
126,"10/7/2017","DNT","27538440"
127,"10/7/2017","STX","27454977"
128,"10/7/2017","VIA","27280834"
129,"10/7/2017","TRST","26540139"
130,"10/7/2017","ETP","26478612"
131,"10/7/2017","QRL","26055588"
132,"10/7/2017","UNO","25314309"
133,"10/7/2017","CDT","24960460"
134,"10/7/2017","XCP","24945930"
135,"10/7/2017","CREDO","24926096"
136,"10/7/2017","EMC","24260013"
137,"10/7/2017","TGT","24174861"
138,"10/7/2017","BMC","24133996"
139,"10/7/2017","CLAM","23889855"
140,"10/7/2017","XAS","23128500"
141,"10/7/2017","SPR","22886438"
142,"10/7/2017","PTOY","22636040"
143,"10/7/2017","ION","22575158"
144,"10/7/2017","DMD","21981019"
145,"10/7/2017","TRIG","21940342"
146,"10/7/2017","CRW","21726466"
147,"10/7/2017","DICE","20889201"
148,"10/7/2017","SAFEX","20677648"
149,"10/7/2017","SIB","20494822"
150,"10/7/2017","XAUR","20391539"
151,"10/7/2017","POE","19875229"
152,"10/7/2017","TCC","19571406"
153,"10/7/2017","ADT","19269120"
154,"10/7/2017","LEO","18655185"
155,"10/7/2017","SKY","18527123"
156,"10/7/2017","NXC","18493467"
157,"10/7/2017","EMC2","18015252"
158,"10/7/2017","NMC","17908263"
159,"10/7/2017","NMR","17878440"
160,"10/7/2017","HMQ","17841516"
161,"10/7/2017","AVT","17800680"
162,"10/7/2017","RVT","17580644"
163,"10/7/2017","DLT","17286052"
164,"10/7/2017","CMP","17261170"
165,"10/7/2017","MSP","17024560"
166,"10/7/2017","MUE","16790511"
167,"10/7/2017","SAN","16682919"
168,"10/7/2017","RBY","16112294"
169,"10/7/2017","VSL","15774772"
170,"10/7/2017","PLBT","15506385"
171,"10/7/2017","XPA","15313900"
172,"10/7/2017","OAX","14908964"
173,"10/7/2017","MYST","14878591"
174,"10/7/2017","ECN","14695937"
175,"10/7/2017","OK","14678622"
176,"10/7/2017","GUP","14659800"
177,"10/7/2017","LUN","14506691"
178,"10/7/2017","SLS","14503930"
179,"10/7/2017","ZEN","14382660"
180,"10/7/2017","XDN","14007640"
181,"10/7/2017","ODN","13979346"
182,"10/7/2017","BURST","13901000"
183,"10/7/2017","KORE","13849081"
184,"10/7/2017","EXP","13816902"
185,"10/7/2017","POT","13642526"
186,"10/7/2017","PLR","13610640"
187,"10/7/2017","IFT","13581945"
188,"10/7/2017","RADS","13537882"
189,"10/7/2017","BLK","13494405"
190,"10/7/2017","SHIFT","13482172"
191,"10/7/2017","LBC","13479939"
192,"10/7/2017","QAU","13415421"
193,"10/7/2017","TIME","12986614"
194,"10/7/2017","AGRS","12824448"
195,"10/7/2017","AMP","12760259"
196,"10/7/2017","GOLOS","12581762"
197,"10/7/2017","SWT","12538733"
198,"10/7/2017","PGL","12421088"
199,"10/7/2017","ENRG","12380735"
200,"10/7/2017","PIX","12038651"
201,"10/7/2017","SOAR","11904242"
202,"10/7/2017","GRC","11899504"
203,"10/7/2017","VOISE","11833905"
204,"10/7/2017","CSNO","11799760"
205,"10/7/2017","OMNI","11715293"
206,"10/7/2017","WCT","11592455"
207,"10/7/2017","PPY","11491983"
208,"10/7/2017","NET","10833165"
209,"10/7/2017","BET","10820050"
210,"10/7/2017","PST","10802586"
211,"10/7/2017","GAM","10778809"
212,"10/7/2017","XRB","10698872"
213,"10/7/2017","DTB","10556007"
214,"10/7/2017","SMART","10272243"
215,"10/7/2017","LMC","10181649"
216,"10/7/2017","MOON","9985253"
217,"10/7/2017","BCAP","9803960"
218,"10/7/2017","SPRTS","9479500"
219,"10/7/2017","FLO","9391006"
220,"10/7/2017","WGR","9343230"
221,"10/7/2017","TOA","9303183"
222,"10/7/2017","OBITS","9255820"
223,"10/7/2017","XC","9155471"
224,"10/7/2017","VIBE","8642039"
225,"10/7/2017","PLU","8641945"
226,"10/7/2017","XSPEC","8578432"
227,"10/7/2017","VRC","8554189"
228,"10/7/2017","NVST","8428320"
229,"10/7/2017","EDR","8412598"
230,"10/7/2017","VOX","8313921"
231,"10/7/2017","MUSIC","8178246"
232,"10/7/2017","PEPECASH","8036853"
233,"10/7/2017","PINK","8025452"
234,"10/7/2017","IXT","7995498"
235,"10/7/2017","NEOS","7965586"
236,"10/7/2017","ATCC","7845493"
237,"10/7/2017","PZM","7666139"
238,"10/7/2017","ECOB","7614311"
239,"10/7/2017","BITCNY","7477983"
240,"10/7/2017","XBY","7413913"
241,"10/7/2017","HEAT","7313293"
242,"10/7/2017","GRS","7307490"
243,"10/7/2017","SPHR","7286036"
244,"10/7/2017","HVN","7204050"
245,"10/7/2017","SLR","7200345"
246,"10/7/2017","IOP","7156224"
247,"10/7/2017","NVC","7045455"
248,"10/7/2017","BSD","7035947"
249,"10/7/2017","FTC","6961992"
250,"10/7/2017","INCNT","6906451"
251,"10/7/2017","PRO","6698205"
252,"10/7/2017","CAT","6586955"
253,"10/7/2017","NTRN","6552601"
254,"10/7/2017","POSW","6388943"
255,"10/7/2017","BTX","6290064"
256,"10/7/2017","CADASTRAL","6189780"
257,"10/7/2017","ETT","6166608"
258,"10/7/2017","XWC","6140632"
259,"10/7/2017","EBTC","6004344"
260,"10/7/2017","BITB","5989023"
261,"10/7/2017","TIX","5964440"
262,"10/7/2017","BCY","5907876"
263,"10/7/2017","DBIX","5892629"
264,"10/7/2017","NOTE","5881641"
265,"10/7/2017","MYB","5825363"
266,"10/7/2017","GCC","5806292"
267,"10/7/2017","DENT","5794481"
268,"10/7/2017","CRB","5793534"
269,"10/7/2017","PDC","5770750"
270,"10/7/2017","EQT","5729037"
271,"10/7/2017","AUR","5728026"
272,"10/7/2017","QWARK","5674125"
273,"10/7/2017","CURE","5616850"
274,"10/7/2017","ABY","5602763"
275,"10/7/2017","FLDC","5461685"
276,"10/7/2017","XTO","5286187"
277,"10/7/2017","XBC","5181249"
278,"10/7/2017","XVC","5096053"
279,"10/7/2017","APX","5062833"
280,"10/7/2017","GCR","4992885"
281,"10/7/2017","WBB","4984246"
282,"10/7/2017","BELA","4980171"
283,"10/7/2017","SEQ","4979551"
284,"10/7/2017","ETHD","4951095"
285,"10/7/2017","UNY","4948333"
286,"10/7/2017","PTC","4919548"
287,"10/7/2017","EXCL","4853351"
288,"10/7/2017","COSS","4847602"
289,"10/7/2017","ERC","4842877"
290,"10/7/2017","OPT","4833437"
291,"10/7/2017","XST","4809330"
292,"10/7/2017","BLITZ","4788603"
293,"10/7/2017","GLD","4757909"
294,"10/7/2017","SCL","4697459"
295,"10/7/2017","HTML5","4669363"
296,"10/7/2017","BIS","4582919"
297,"10/7/2017","PBT","4496540"
298,"10/7/2017","VISIO","4383839"
299,"10/7/2017","PASC","4373806"
300,"10/7/2017","ECC","4337275"
301,"10/7/2017","COVAL","4337280"
302,"10/7/2017","SWIFT","4314171"
303,"10/7/2017","SNRG","4298533"
304,"10/7/2017","CRAVE","4278591"
305,"10/7/2017","RAIN","4262463"
306,"10/7/2017","HUSH","4233145"
307,"10/7/2017","TFL","4151877"
308,"10/7/2017","TRC","4144624"
309,"10/7/2017","ZRC","3853140"
310,"10/7/2017","CHC","3701687"
311,"10/7/2017","DYN","3700843"
312,"10/7/2017","CVCOIN","3675692"
313,"10/7/2017","THC","3621698"
314,"10/7/2017","CNT","3603116"
315,"10/7/2017","EMB","3442546"
316,"10/7/2017","SNC","3436617"
317,"10/7/2017","SBD","3412483"
318,"10/7/2017","TRUST","3401275"
319,"10/7/2017","NSR","3373229"
320,"10/7/2017","XMY","3357423"
321,"10/7/2017","ZCL","3350519"
322,"10/7/2017","DOPE","3319550"
323,"10/7/2017","GEO","3242329"
324,"10/7/2017","MINT","3234156"
325,"10/7/2017","BITUSD","3164999"
326,"10/7/2017","SYNX","3146191"
327,"10/7/2017","BTM","3079109"
328,"10/7/2017","PUT","3071533"
329,"10/7/2017","MXT","3055023"
330,"10/7/2017","XPM","3044118"
331,"10/7/2017","MEME","2898180"
332,"10/7/2017","EGC","2875336"
333,"10/7/2017","SIGT","2856258"
334,"10/7/2017","BRX","2788313"
335,"10/7/2017","CSC","2772542"
336,"10/7/2017","VASH","2767164"
337,"10/7/2017","VRM","2759973"
338,"10/7/2017","CHIPS","2707562"
339,"10/7/2017","2GIVE","2688227"
340,"10/7/2017","ONION","2677212"
341,"10/7/2017","BRK","2674687"
342,"10/7/2017","BLU","2616391"
343,"10/7/2017","TX","2595618"
344,"10/7/2017","RMC","2575168"
345,"10/7/2017","HPC","2547338"
346,"10/7/2017","ATMS","2526380"
347,"10/7/2017","OCL","2511735"
348,"10/7/2017","STA","2496311"
349,"10/7/2017","NDC","2448937"
350,"10/7/2017","MBRS","2324430"
351,"10/7/2017","B3","2303553"
352,"10/7/2017","CANN","2258904"
353,"10/7/2017","START","2114864"
354,"10/7/2017","NAUT","2106717"
355,"10/7/2017","ZEIT","2082381"
356,"10/7/2017","VTR","2073507"
357,"10/7/2017","LGD","2004200"
358,"10/7/2017","DIME","1992185"
359,"10/7/2017","TKS","1990002"
360,"10/7/2017","PING","1983650"
361,"10/7/2017","INXT","1954982"
362,"10/7/2017","CV2","1940562"
363,"10/7/2017","REX","1934267"
364,"10/7/2017","ESP","1892955"
365,"10/7/2017","DAR","1887639"
366,"10/7/2017","JNS","1845057"
367,"10/7/2017","HUC","1774362"
368,"10/7/2017","RIC","1760337"
369,"10/7/2017","XMG","1739460"
370,"10/7/2017","SHORTY","1730570"
371,"10/7/2017","ADZ","1662224"
372,"10/7/2017","CREA","1646334"
373,"10/7/2017","RUP","1644677"
374,"10/7/2017","ETBS","1637834"
375,"10/7/2017","ELIX","1624832"
376,"10/7/2017","MNE","1602944"
377,"10/7/2017","MGC","1584515"
378,"10/7/2017","EOT","1576728"
379,"10/7/2017","LINDA","1573235"
380,"10/7/2017","1337","1564884"
381,"10/7/2017","UNIFY","1564488"
382,"10/7/2017","XMCC","1546817"
383,"10/7/2017","EFL","1543200"
384,"10/7/2017","PKB","1538052"
385,"10/7/2017","SKIN","1514631"
386,"10/7/2017","CCRB","1503827"
387,"10/7/2017","CBX","1496956"
388,"10/7/2017","FYN","1494793"
389,"10/7/2017","XP","1455620"
390,"10/7/2017","808","1397600"
391,"10/7/2017","ZENI","1389569"
392,"10/7/2017","RNS","1382289"
393,"10/7/2017","ADST","1376324"
394,"10/7/2017","HYP","1330617"
395,"10/7/2017","LNK","1317488"
396,"10/7/2017","FST","1314306"
397,"10/7/2017","BTA","1313348"
398,"10/7/2017","GRWI","1290887"
399,"10/7/2017","FUCK","1258026"
400,"10/7/2017","MER","1246750"
401,"10/7/2017","MRT","1227460"
402,"10/7/2017","ONX","1224642"
403,"10/7/2017","TKR","1222087"
404,"10/7/2017","SXC","1217261"
405,"10/7/2017","ARC","1198069"
406,"10/7/2017","NETKO","1191714"
407,"10/7/2017","WTT","1173015"
408,"10/7/2017","SMLY","1161924"
409,"10/7/2017","VIVO","1145270"
410,"10/7/2017","ZOI","1142792"
411,"10/7/2017","SDC","1120551"
412,"10/7/2017","XFT","1110867"
413,"10/7/2017","INFX","1095837"
414,"10/7/2017","BYC","1058539"
415,"10/7/2017","DOT","1046953"
416,"10/7/2017","ZCC","1009850"
417,"10/7/2017","TIPS","1009129"
418,"10/7/2017","CPC","1007554"
419,"10/7/2017","INSN","1004115"
420,"10/7/2017","XBL","986605"
421,"10/7/2017","SUMO","968322"
422,"10/7/2017","USNBT","959091"
423,"10/7/2017","XHI","946261"
424,"10/7/2017","IFLT","913853"
425,"10/7/2017","BLAS","913799"
426,"10/7/2017","WDC","888682"
427,"10/7/2017","STRC","886887"
428,"10/7/2017","MAO","881135"
429,"10/7/2017","JET","839314"
430,"10/7/2017","MBI","831607"
431,"10/7/2017","NTO","799427"
432,"10/7/2017","TYCHO","769914"
433,"10/7/2017","BUCKS","769578"
434,"10/7/2017","LDOGE","765230"
435,"10/7/2017","BRIT","726867"
436,"10/7/2017","HNC","713466"
437,"10/7/2017","VSX","709084"
438,"10/7/2017","DCY","706057"
439,"10/7/2017","WGO","702781"
440,"10/7/2017","FCN","698060"
441,"10/7/2017","CRM","689208"
442,"10/7/2017","PIE","666849"
443,"10/7/2017","MEC","660422"
444,"10/7/2017","KEK","659753"
445,"10/7/2017","BRO","656259"
446,"10/7/2017","DP","651878"
447,"10/7/2017","XCN","646543"
448,"10/7/2017","SMC","642009"
449,"10/7/2017","UIS","636316"
450,"10/7/2017","DNR","630661"
451,"10/7/2017","FJC","623046"
452,"10/7/2017","DAXX","608879"
453,"10/7/2017","UNB","596217"
454,"10/7/2017","KRB","555695"
455,"10/7/2017","LINX","528537"
456,"10/7/2017","DALC","517384"
457,"10/7/2017","NOBL","500229"
458,"10/7/2017","MOIN","495305"
459,"10/7/2017","XVP","452890"
460,"10/7/2017","RLT","446918"
461,"10/7/2017","XCXT","443865"
462,"10/7/2017","DDF","436495"
463,"10/7/2017","POST","421901"
464,"10/7/2017","SCORE","416167"
465,"10/7/2017","PROC","416146"
466,"10/7/2017","FAL","411332"
467,"10/7/2017","NEWB","403403"
468,"10/7/2017","DAS","403042"
469,"10/7/2017","FIMK","400420"
470,"10/7/2017","BLOCKPAY","392846"
471,"10/7/2017","WOMEN","388479"
472,"10/7/2017","DFT","386402"
473,"10/7/2017","MOJO","386232"
474,"10/7/2017","42","380627"
475,"10/7/2017","XLR","379028"
476,"10/7/2017","ZER","374208"
477,"10/7/2017","XVS","372235"
478,"10/7/2017","XCT","366730"
479,"10/7/2017","GCN","359523"
480,"10/7/2017","DRACO","358546"
481,"10/7/2017","FXE","330821"
482,"10/7/2017","HODL","323845"
483,"10/7/2017","PXC","321234"
484,"10/7/2017","OHM","315434"
485,"10/7/2017","DEM","312228"
486,"10/7/2017","WYV","310743"
487,"10/7/2017","XCS","308835"
488,"10/7/2017","ATOM","304890"
489,"10/7/2017","ENT","304200"
490,"10/7/2017","ANC","302611"
491,"10/7/2017","RBIES","295889"
492,"10/7/2017","TRI","275108"
493,"10/7/2017","BITBTC","238275"
494,"10/7/2017","BXT","238269"
495,"10/7/2017","LANA","231942"
496,"10/7/2017","XPTX","226341"
497,"10/7/2017","ITZ","203837"
498,"10/7/2017","FRN","203285"
499,"10/7/2017","CWXT","189162"
500,"10/7/2017","REE","186942"
501,"10/7/2017","MAY","170690"
502,"10/7/2017","HONEY","160722"
503,"10/7/2017","EL","159295"
504,"10/7/2017","RUPX","157203"
505,"10/7/2017","CJ","151145"
506,"10/7/2017","BITSILVER","148574"
507,"10/7/2017","VUC","148541"
508,"10/7/2017","UNI","147889"
509,"10/7/2017","KLC","144738"
510,"10/7/2017","BCF","142385"
511,"10/7/2017","BRIA","141826"
512,"10/7/2017","FLAX","134489"
513,"10/7/2017","ZUR","132005"
514,"10/7/2017","VLTC","129306"
515,"10/7/2017","ECO","123900"
516,"10/7/2017","YOC","120648"
517,"10/7/2017","TIX","119583"
518,"10/7/2017","TSE","112039"
519,"10/7/2017","ACOIN","110493"
520,"10/7/2017","CNNC","109043"
521,"10/7/2017","BSTY","108863"
522,"10/7/2017","DRXNE","99517"
523,"10/7/2017","BITEUR","97353"
524,"10/7/2017","XCO","95861"
525,"10/7/2017","888","86726"
526,"10/7/2017","CON","84171"
527,"10/7/2017","BIP","83918"
528,"10/7/2017","XTC","81162"
529,"10/7/2017","TSTR","78506"
530,"10/7/2017","CMPCO","75259"
531,"10/7/2017","MSCN","73904"
532,"10/7/2017","BTPL","73390"
533,"10/7/2017","GLT","69109"
534,"10/7/2017","WORM","66460"
535,"10/7/2017","BOAT","58772"
536,"10/7/2017","LCP","56386"
537,"10/7/2017","BOST","49878"
538,"10/7/2017","DRS","44310"
539,"10/7/2017","NEVA","42059"
540,"10/7/2017","ERY","38218"
541,"10/7/2017","LTCR","37929"
542,"10/7/2017","CNC","36104"
543,"10/7/2017","UET","35224"
544,"10/7/2017","ALTC","34863"
545,"10/7/2017","CREVA","33662"
546,"10/7/2017","WBC","29162"
547,"10/7/2017","KRONE","28551"
548,"10/7/2017","VRS","26821"
549,"10/7/2017","CTIC2","25753"
550,"10/7/2017","FRAZ","21485"
551,"10/7/2017","ACP","20777"
552,"10/7/2017","NANOX","13918"
553,"10/7/2017","LTCU","13174"
554,"10/7/2017","MGM","11603"
555,"10/7/2017","LBTC","10556"
556,"10/7/2017","LVPS","6761"
557,"10/7/2017","ELS","3648"
558,"10/7/2017","HMC","1719"
559,"10/7/2017","EBT","1712"
560,"10/7/2017","DMB","1405"
561,"10/7/2017","APW","1088"
562,"10/7/2017","ABN","813"
563,"10/7/2017","UNITY","27249330"
564,"10/7/2017","JINN","9615845"
565,"10/7/2017","ROUND","5673512"
566,"10/7/2017","ARC","4019147"
567,"10/7/2017","OCT","3642390"
568,"10/7/2017","BPC","3610785"
569,"10/7/2017","AC","2467045"
570,"10/7/2017","ADL","2403626"
571,"10/7/2017","YASH","2081936"
572,"10/7/2017","BASH","2013691"
573,"10/7/2017","ICOO","1694002"
574,"10/7/2017","QRK","1595823"
575,"10/7/2017","INPAY","1528890"
576,"10/7/2017","IXC","1476897"
577,"10/7/2017","IFC","1298054"
578,"10/7/2017","ADC","1193964"
579,"10/7/2017","ALT","1084269"
580,"10/7/2017","CAGE","1048509"
581,"10/7/2017","AHT","1012176"
582,"10/7/2017","EAC","994448"
583,"10/7/2017","PIGGY","942849"
584,"10/7/2017","LOG","916574"
585,"10/7/2017","RUSTBITS","798633"
586,"10/7/2017","MAX","776418"
587,"10/7/2017","USC","764448"
588,"10/7/2017","HERO","757991"
589,"10/7/2017","EMP","729945"
590,"10/7/2017","ITI","710954"
591,"10/7/2017","TES","688347"
592,"10/7/2017","BTSR","683674"
593,"10/7/2017","ZET","669571"
594,"10/7/2017","FNC","667734"
595,"10/7/2017","CARBON","667594"
596,"10/7/2017","TOKEN","664497"
597,"10/7/2017","E4ROW","596350"
598,"10/7/2017","CDN","596141"
599,"10/7/2017","ICE","571932"
600,"10/7/2017","PND","548335"
601,"10/7/2017","GRE","546046"
602,"10/7/2017","METAL","543845"
603,"10/7/2017","RC","525645"
604,"10/7/2017","NKA","510389"
605,"10/7/2017","CRYPT","479940"
606,"10/7/2017","HTC","476941"
607,"10/7/2017","RIYA","458011"
608,"10/7/2017","BITZ","441942"
609,"10/7/2017","FC2","431732"
610,"10/7/2017","FUNC","419119"
611,"10/7/2017","NET","408694"
612,"10/7/2017","DSH","404201"
613,"10/7/2017","UTC","404183"
614,"10/7/2017","MZC","400342"
615,"10/7/2017","KOBO","389241"
616,"10/7/2017","SUPER","385455"
617,"10/7/2017","TAG","375652"
618,"10/7/2017","NYC","358657"
619,"10/7/2017","GLC","356158"
620,"10/7/2017","MAC","351157"
621,"10/7/2017","TROLL","351151"
622,"10/7/2017","VLT","338314"
623,"10/7/2017","TRUMP","336994"
624,"10/7/2017","AMBER","333585"
625,"10/7/2017","TALK","333110"
626,"10/7/2017","HBN","305525"
627,"10/7/2017","SHDW","303610"
628,"10/7/2017","BTB","299769"
629,"10/7/2017","GAIA","297922"
630,"10/7/2017","UFO","297863"
631,"10/7/2017","XPY","285956"
632,"10/7/2017","DVC","284606"
633,"10/7/2017","V","283277"
634,"10/7/2017","I0C","280302"
635,"10/7/2017","GOOD","269261"
636,"10/7/2017","BITS","266301"
637,"10/7/2017","ORB","265657"
638,"10/7/2017","TIT","261785"
639,"10/7/2017","PAK","259517"
640,"10/7/2017","CFT","256132"
641,"10/7/2017","CCN","255389"
642,"10/7/2017","PR","252971"
643,"10/7/2017","CASINO","247180"
644,"10/7/2017","BLC","246393"
645,"10/7/2017","STS","245115"
646,"10/7/2017","TEK","242892"
647,"10/7/2017","ECA","240923"
648,"10/7/2017","KRS","234491"
649,"10/7/2017","SWING","233598"
650,"10/7/2017","UNIC","227743"
651,"10/7/2017","AU","217566"
652,"10/7/2017","8BIT","214982"
653,"10/7/2017","FLY","210696"
654,"10/7/2017","OPAL","210162"
655,"10/7/2017","BAS","205959"
656,"10/7/2017","COXST","205040"
657,"10/7/2017","FLT","199977"
658,"10/7/2017","USDE","196775"
659,"10/7/2017","XRA","189175"
660,"10/7/2017","SLM","187236"
661,"10/7/2017","TRK","183424"
662,"10/7/2017","FUNK","183320"
663,"10/7/2017","HMP","176524"
664,"10/7/2017","BUN","174856"
665,"10/7/2017","VIDZ","173880"
666,"10/7/2017","VAL","170978"
667,"10/7/2017","ICN","170026"
668,"10/7/2017","BTCS","167838"
669,"10/7/2017","MNM","165897"
670,"10/7/2017","LOT","164979"
671,"10/7/2017","KED","164142"
672,"10/7/2017","RBX","161315"
673,"10/7/2017","CAP","159226"
674,"10/7/2017","DLC","157239"
675,"10/7/2017","020","154624"
676,"10/7/2017","SMOKE","152338"
677,"10/7/2017","SLG","150847"
678,"10/7/2017","XGR","148209"
679,"10/7/2017","PXI","146578"
680,"10/7/2017","FRC","144707"
681,"10/7/2017","SAC","143393"
682,"10/7/2017","PSB","143243"
683,"10/7/2017","WAY","143188"
684,"10/7/2017","BOLI","142616"
685,"10/7/2017","Q2C","139870"
686,"10/7/2017","ELE","136555"
687,"10/7/2017","MTM","136490"
688,"10/7/2017","CNO","132251"
689,"10/7/2017","DGC","132008"
690,"10/7/2017","PUTIC","131748"
691,"10/7/2017","EMD","131716"
692,"10/7/2017","GRT","131002"
693,"10/7/2017","VC","130519"
694,"10/7/2017","YAC","129165"
695,"10/7/2017","BTWTY","128159"
696,"10/7/2017","UNITS","120310"
697,"10/7/2017","SPEX","120052"
698,"10/7/2017","CHESS","116762"
699,"10/7/2017","GUN","116521"
700,"10/7/2017","UNIT","115435"
701,"10/7/2017","BITGOLD","113433"
702,"10/7/2017","CYP","112917"
703,"10/7/2017","J","109219"
704,"10/7/2017","TTC","109159"
705,"10/7/2017","LTBC","107320"
706,"10/7/2017","CUBE","105358"
707,"10/7/2017","KUSH","104905"
708,"10/7/2017","QCN","104874"
709,"10/7/2017","C2","104736"
710,"10/7/2017","EVO","103706"
711,"10/7/2017","NDAO","102399"
712,"10/7/2017","XRE","100897"
713,"10/7/2017","NYAN","99355"
714,"10/7/2017","BBP","98645"
715,"10/7/2017","TGC","96304"
716,"10/7/2017","XJO","95032"
717,"10/7/2017","LTB","94822"
718,"10/7/2017","PX","93601"
719,"10/7/2017","GB","91046"
720,"10/7/2017","MCRN","90574"
721,"10/7/2017","XPD","89791"
722,"10/7/2017","BERN","89160"
723,"10/7/2017","MAD","87603"
724,"10/7/2017","PASL","85883"
725,"10/7/2017","ARG","85844"
726,"10/7/2017","JIN","85431"
727,"10/7/2017","FIRE","85368"
728,"10/7/2017","EVIL","81555"
729,"10/7/2017","VTA","81473"
730,"10/7/2017","KIC","81029"
731,"10/7/2017","DUO","81006"
732,"10/7/2017","ARI","79619"
733,"10/7/2017","GP","79364"
734,"10/7/2017","PLNC","78570"
735,"10/7/2017","MST","77590"
736,"10/7/2017","FRK","77440"
737,"10/7/2017","BIGUP","74965"
738,"10/7/2017","ARCO","74370"
739,"10/7/2017","WMC","74247"
740,"10/7/2017","CACH","73908"
741,"10/7/2017","BTCR","73527"
742,"10/7/2017","GTC","73202"
743,"10/7/2017","ANTI","72721"
744,"10/7/2017","GCC","70387"
745,"10/7/2017","GPU","69848"
746,"10/7/2017","IMS","69085"
747,"10/7/2017","CAT","68642"
748,"10/7/2017","XBTC21","68455"
749,"10/7/2017","KURT","67720"
750,"10/7/2017","MARS","65994"
751,"10/7/2017","RED","64258"
752,"10/7/2017","EUC","64164"
753,"10/7/2017","RBT","63952"
754,"10/7/2017","SPACE","63886"
755,"10/7/2017","ADCN","63798"
756,"10/7/2017","SLING","62892"
757,"10/7/2017","ZNY","62313"
758,"10/7/2017","SPT","62012"
759,"10/7/2017","STV","61596"
760,"10/7/2017","300","61435"
761,"10/7/2017","CRX","61004"
762,"10/7/2017","AMMO","60722"
763,"10/7/2017","PRC","60666"
764,"10/7/2017","GAP","60520"
765,"10/7/2017","VEC2","60358"
766,"10/7/2017","DIBC","60280"
767,"10/7/2017","HAL","60258"
768,"10/7/2017","DBTC","59852"
769,"10/7/2017","DRM","59822"
770,"10/7/2017","BUMBA","58997"
771,"10/7/2017","NRO","58492"
772,"10/7/2017","URC","57582"
773,"10/7/2017","ICOB","57102"
774,"10/7/2017","AGLC","56487"
775,"10/7/2017","CORG","55453"
776,"10/7/2017","SCRT","54862"
777,"10/7/2017","4CHN","53639"
778,"10/7/2017","URO","52993"
779,"10/7/2017","PONZI","52288"
780,"10/7/2017","SOIL","51994"
781,"10/7/2017","ISL","51341"
782,"10/7/2017","SRC","51012"
783,"10/7/2017","QTL","50643"
784,"10/7/2017","HXX","49912"
785,"10/7/2017","611","48976"
786,"10/7/2017","BLRY","48740"
787,"10/7/2017","ALL","47592"
788,"10/7/2017","UNIBURST","47119"
789,"10/7/2017","WARP","46268"
790,"10/7/2017","RPC","45271"
791,"10/7/2017","CESC","43752"
792,"10/7/2017","MEOW","42306"
793,"10/7/2017","ASAFE2","41503"
794,"10/7/2017","JWL","41141"
795,"10/7/2017","$$$","39915"
796,"10/7/2017","MAR","39810"
797,"10/7/2017","ARB","39483"
798,"10/7/2017","PHS","38352"
799,"10/7/2017","QBK","38066"
800,"10/7/2017","GPL","38051"
801,"10/7/2017","BENJI","37716"
802,"10/7/2017","MND","37549"
803,"10/7/2017","CXT","37355"
804,"10/7/2017","PULSE","37211"
805,"10/7/2017","JOBS","36787"
806,"10/7/2017","ZYD","36289"
807,"10/7/2017","FLVR","36256"
808,"10/7/2017","BIOS","36124"
809,"10/7/2017","BRAIN","35785"
810,"10/7/2017","CTO","35783"
811,"10/7/2017","TAJ","34854"
812,"10/7/2017","DES","34559"
813,"10/7/2017","CMT","33700"
814,"10/7/2017","G3N","33097"
815,"10/7/2017","GBC","32950"
816,"10/7/2017","ATX","32586"
817,"10/7/2017","SOON","31887"
818,"10/7/2017","TAGR","31867"
819,"10/7/2017","STEPS","31505"
820,"10/7/2017","POP","30804"
821,"10/7/2017","HKG","30746"
822,"10/7/2017","COAL","30441"
823,"10/7/2017","PHO","30374"
824,"10/7/2017","TRADE","29828"
825,"10/7/2017","XCRE","29365"
826,"10/7/2017","CAB","29147"
827,"10/7/2017","TOR","28918"
828,"10/7/2017","MILO","27869"
829,"10/7/2017","KNC","27854"
830,"10/7/2017","GBT","27667"
831,"10/7/2017","BSTAR","27359"
832,"10/7/2017","LEA","26269"
833,"10/7/2017","ZMC","26039"
834,"10/7/2017","ICON","25895"
835,"10/7/2017","CPN","25518"
836,"10/7/2017","VIP","25336"
837,"10/7/2017","REV","25076"
838,"10/7/2017","PRX","24408"
839,"10/7/2017","DPAY","24149"
840,"10/7/2017","BVC","24122"
841,"10/7/2017","IMX","23749"
842,"10/7/2017","LUNA","22079"
843,"10/7/2017","RIDE","21963"
844,"10/7/2017","SH","21931"
845,"10/7/2017","XBTS","21026"
846,"10/7/2017","BLZ","20688"
847,"10/7/2017","ORLY","20663"
848,"10/7/2017","BTQ","20173"
849,"10/7/2017","FUZZ","19432"
850,"10/7/2017","SONG","19410"
851,"10/7/2017","IMPS","19318"
852,"10/7/2017","SLEVIN","18217"
853,"10/7/2017","XOC","18217"
854,"10/7/2017","IBANK","17669"
855,"10/7/2017","SOCC","17599"
856,"10/7/2017","MTLMC3","17288"
857,"10/7/2017","DLISK","17169"
858,"10/7/2017","1CR","17112"
859,"10/7/2017","CASH","16548"
860,"10/7/2017","CRT","16503"
861,"10/7/2017","CONX","15689"
862,"10/7/2017","BSC","15647"
863,"10/7/2017","LIR","15629"
864,"10/7/2017","EGO","15614"
865,"10/7/2017","PEX","15216"
866,"10/7/2017","VPRC","14677"
867,"10/7/2017","OFF","14103"
868,"10/7/2017","DIX","14094"
869,"10/7/2017","OS76","13998"
870,"10/7/2017","SFC","13963"
871,"10/7/2017","RSGP","13961"
872,"10/7/2017","SCS","13900"
873,"10/7/2017","HVCO","13739"
874,"10/7/2017","SANDG","12953"
875,"10/7/2017","DOLLAR","12260"
876,"10/7/2017","BIOB","11910"
877,"10/7/2017","WEX","11854"
878,"10/7/2017","CCM100","11294"
879,"10/7/2017","ZNE","10639"
880,"10/7/2017","BNX","10158"
881,"10/7/2017","SDP","8916"
882,"10/7/2017","ARGUS","8634"
883,"10/7/2017","VOLT","8521"
884,"10/7/2017","P7C","7638"
885,"10/7/2017","NODC","7280"
886,"10/7/2017","JIO","7200"
887,"10/7/2017","XRC","6697"
888,"10/7/2017","GEERT","6625"
889,"10/7/2017","OCEAN","6316"
890,"10/7/2017","SLFI","4691"
891,"10/7/2017","XNG","4132"
892,"10/7/2017","MNC","3631"
893,"10/7/2017","SOJ","3557"
894,"10/7/2017","DRAGON","3218"
895,"10/7/2017","PIZZA","2410"
896,"10/7/2017","CF","2405"
897,"10/7/2017","LEX","2402"
898,"10/7/2017","BQC","2202"
899,"10/7/2017","PWR","2168"
900,"10/7/2017","FDC","2149"
901,"10/7/2017","ULA","1612"
902,"10/7/2017","MUG","1390"
903,"10/7/2017","DGCS","760"
904,"10/7/2017","ENV","556"
905,"10/7/2017","XEN","106"
906,"10/7/2017","CALC","86"
