,Unnamed: 0,General_CoinName,General_Name,General_Points,General_Type,Reddit_Points,Reddit_active_users,Reddit_comments_per_day,Reddit_comments_per_hour,Reddit_community_creation,Reddit_name,Reddit_posts_per_day,Reddit_posts_per_hour,Reddit_subscribers,Twitter_Points,Twitter_account_creation,Twitter_favourites,Twitter_followers,Twitter_following,Twitter_lists,Twitter_name,Twitter_statuses,Facebook_Points,Facebook_is_closed,Facebook_likes,Facebook_name,Facebook_talking_about,CryptoCompare_Comments,CryptoCompare_PageViews,CryptoCompare_PageViewsSplit_Analysis,CryptoCompare_PageViewsSplit_Charts,CryptoCompare_PageViewsSplit_Forum,CryptoCompare_PageViewsSplit_Influence,CryptoCompare_PageViewsSplit_Markets,CryptoCompare_PageViewsSplit_Orderbook,CryptoCompare_PageViewsSplit_Overview,CryptoCompare_PageViewsSplit_Trades,CryptoCompare_Points,CryptoCompare_Posts,CodeRepository_Points,Date
0,0,Cardano,ADA,365468,Webpagecoinp,68065,4331.0,299.93,12.5,1490258606,cardano,12.68,0.53,54473.0,101632,1485749761.0,326.0,97957.0,22.0,735.0,Cardano Community,706.0,0,,,,,2158,731482,10195,65159,129609,3442,19824,27,489227,13999,192180,1299,3518,02/15/2018
1,1,Bitcoin Diamond,BCD,36238,Webpagecoinp,0,0.0,0.01,0.0,undefined,undefined,0.01,0.0,0.0,26982,1510040769.0,954.0,26332.0,260.0,130.0,Bitcoin Diamond,479.0,0,,,,,112,70523,1293,3901,6516,274,6393,0,50675,1471,9220,60,29,02/15/2018
2,2,Bitcoin Cash / BCC,BCH,747452,Webpagecoinp,0,,,,,,,,,0,,,,,,,,0,,,,,15033,3970814,79871,578805,587231,4359,195549,9123,2409891,105985,747055,9708,0,02/15/2018
3,3,Bitcoin,BTC,5085507,Webpagecoinp,826658,17192.0,18037.58,751.57,1284042626,Bitcoin,345.46,14.39,739007.0,804822,1313643968.0,213.0,773438.0,126.0,6273.0,Bitcoin,19488.0,37115,False,37115.0,Bitcoin P2P Cryptocurrency,129.0,92222,23103328,654473,4374841,2831689,40679,991524,50035,13742443,417644,3333820,45017,80782,02/15/2018
4,4,DigitalCash,DASH,726348,Webpagecoinp,32167,4041.0,118.77,4.95,1426558267,dashpay,13.56,0.56,19807.0,290216,1392130527.0,951.0,276074.0,253.0,2828.0,DASH,2462.0,35206,False,35206.0,Dash,445.0,1309,1482267,26870,173835,69374,5778,34203,4876,1144572,22759,365765,1231,2846,02/15/2018
5,5,EOS,EOS,248028,Webpagecoinp,0,,,,,,,,,117013,1494512856.0,99.0,110128.0,45.0,1377.0,EOS,724.0,7395,False,7395.0,EOS IO,246.0,977,507834,10088,76891,50950,1847,19924,173,334846,13115,123570,553,0,02/15/2018
6,6,Ethereum,ETH,3521255,Webpagecoinp,345109,6130.0,1220.51,50.85,1387037735,ethereum,61.43,2.56,324278.0,387262,1390763724.0,2237.0,360451.0,0.0,5362.0,Ethereum,1896.0,133706,False,133706.0,Ethereum,1177.0,67944,17504275,319567,3236982,2767398,34519,562689,67267,10207911,307942,2619390,25041,34038,02/15/2018
7,7,IOTA,IOT,1186853,Webpagecoinp,125464,5704.0,961.82,40.08,1346895309,Iota,40.08,1.67,106429.0,111294,1445236475.0,21.0,103814.0,0.0,1496.0,IOTA,597.0,0,,,,,28832,3509807,32714,205505,947773,7159,56405,629,2191513,68109,949745,10162,0,02/15/2018
8,8,Litecoin,LTC,1809147,Webpagecoinp,210990,5856.0,1929.86,80.41,1318615591,litecoin,112.55,4.69,189563.0,402879,1317839450.0,276.0,389569.0,23.0,2662.0,litecoin,659.0,7865,False,7865.0,Litecoin,37.0,14550,6560499,93193,860083,952398,14270,322843,14704,4169050,133958,1178800,8549,7957,02/15/2018
9,9,NEO,NEO,896488,Webpagecoinp,105702,7738.0,1300.23,54.18,1218122013,NEO,23.8,0.99,79888.0,284066,1403923896.0,661.0,271771.0,2224.0,2459.0,NEO Smart Economy,527.0,946,False,946.0,Antshares,1.0,8627,1777042,24347,187437,313583,4551,36347,793,1172393,37591,501345,3365,4252,02/15/2018
10,10,Tronix,TRX,669295,Webpagecoinp,0,,,,,,,,,260647,1502036428.0,64.0,253582.0,65.0,1413.0,Tron Foundation,248.0,23910,False,23910.0,TronFoundation,846.0,11273,1587526,14757,100781,579817,3867,43301,9,815699,29295,384580,5569,0,02/15/2018
11,11,Vechain,VEN,160027,Webpagecoinp,51758,3498.0,1572.62,65.53,1506540898,Vechain,16.39,0.68,38119.0,75852,1505456408.0,57.0,72647.0,37.0,641.0,VeChain Foundation,193.0,3213,False,3213.0,Vechain,74.0,99,142311,2535,16483,11427,723,5100,10,101564,4469,29190,68,0,02/15/2018
12,12,NEM,XEM,312200,Webpagecoinp,0,,,,,,,,,192997,1390830009.0,667.0,182865.0,897.0,2026.0,NEM,2270.0,0,,,,,386,439796,8958,89868,33428,1911,16916,1171,280483,7061,119160,336,0,02/15/2018
13,13,Stellar,XLM,1022350,Webpagecoinp,87939,4765.0,1349.58,56.23,1324757077,Stellar,40.74,1.7,70945.0,217285,1398298270.0,3744.0,206168.0,1550.0,2223.0,Stellar,2442.0,15888,False,15888.0,Stellar.org,350.0,20178,2257670,20911,212068,705220,5038,81094,3223,1171588,58528,698480,8459,2533,02/15/2018
14,14,Ripple,XRP,3671343,Webpagecoinp,199209,6527.0,1506.8,62.78,1255535144,Ripple,41.48,1.73,176615.0,816200,1356983139.0,4565.0,785245.0,736.0,6190.0,Ripple,5881.0,114231,False,114231.0,Ripple,4487.0,73929,13688166,173067,1278568,3787786,25847,486799,24903,7475294,435902,2535140,31522,5195,02/15/2018
0,0,Cardano,ADA,366158,Webpagecoinp,68065,4331.0,299.93,12.5,1490258606,cardano,12.68,0.53,54473.0,101632,1485749761.0,326.0,97957.0,22.0,735.0,Cardano Community,706.0,0,,,,,2167,735163,10247,65484,130313,3460,19907,27,491637,14088,192870,1305,3518,02/16/2018
1,1,Bitcoin Diamond,BCD,36213,Webpagecoinp,0,0.0,0.01,0.0,undefined,undefined,0.01,0.0,0.0,26982,1510040769.0,954.0,26332.0,260.0,130.0,Bitcoin Diamond,479.0,0,,,,,112,70818,1304,3923,6527,274,6430,0,50882,1478,9195,60,29,02/16/2018
2,2,Bitcoin Cash / BCC,BCH,749098,Webpagecoinp,0,,,,,,,,,0,,,,,,,,0,,,,,15090,3980861,79987,580154,588324,4367,196018,9123,2416754,106134,748700,9726,0,02/16/2018
3,3,Bitcoin,BTC,5098723,Webpagecoinp,826658,17192.0,18037.58,751.57,1284042626,Bitcoin,345.46,14.39,739007.0,804822,1313643968.0,213.0,773438.0,126.0,6273.0,Bitcoin,19488.0,37115,False,37115.0,Bitcoin P2P Cryptocurrency,129.0,92710,23219956,656492,4404368,2850061,40804,995063,50035,13803947,419186,3347025,45249,80782,02/16/2018
4,4,DigitalCash,DASH,726798,Webpagecoinp,32167,4041.0,118.77,4.95,1426558267,dashpay,13.56,0.56,19807.0,290216,1392130527.0,951.0,276074.0,253.0,2828.0,DASH,2462.0,35206,False,35206.0,Dash,445.0,1309,1484744,26902,174039,69452,5785,34256,4876,1146656,22778,366215,1237,2846,02/16/2018
5,5,EOS,EOS,248478,Webpagecoinp,0,,,,,,,,,117013,1494512856.0,99.0,110128.0,45.0,1377.0,EOS,724.0,7395,False,7395.0,EOS IO,246.0,977,509003,10116,76988,51044,1853,19960,173,335732,13137,124020,554,0,02/16/2018
6,6,Ethereum,ETH,3524664,Webpagecoinp,345109,6130.0,1220.51,50.85,1387037735,ethereum,61.43,2.56,324278.0,387262,1390763724.0,2237.0,360451.0,0.0,5362.0,Ethereum,1896.0,133706,False,133706.0,Ethereum,1177.0,67982,17541141,320081,3245369,2771216,34579,563778,67267,10230564,308287,2622795,25078,34038,02/16/2018
7,7,IOTA,IOT,1188129,Webpagecoinp,125464,5704.0,961.82,40.08,1346895309,Iota,40.08,1.67,106429.0,111294,1445236475.0,21.0,103814.0,0.0,1496.0,IOTA,597.0,0,,,,,28872,3515600,32744,205714,949299,7167,56468,629,2195394,68185,951020,10176,0,02/16/2018
8,8,Litecoin,LTC,1814295,Webpagecoinp,210990,5856.0,1929.86,80.41,1318615591,litecoin,112.55,4.69,189563.0,402879,1317839450.0,276.0,389569.0,23.0,2662.0,litecoin,659.0,7865,False,7865.0,Litecoin,37.0,14712,6596653,93451,864748,959961,14321,324804,14704,4190151,134513,1183945,8627,7957,02/16/2018
9,9,NEO,NEO,897689,Webpagecoinp,105702,7738.0,1300.23,54.18,1218122013,NEO,23.8,0.99,79888.0,284066,1403923896.0,661.0,271771.0,2224.0,2459.0,NEO Smart Economy,527.0,946,False,946.0,Antshares,1.0,8657,1781104,24393,187908,314428,4560,36433,793,1174961,37628,502545,3376,4252,02/16/2018
10,10,Tronix,TRX,671156,Webpagecoinp,0,,,,,,,,,260647,1502036428.0,64.0,253582.0,65.0,1413.0,Tron Foundation,248.0,23910,False,23910.0,TronFoundation,846.0,11349,1599576,14855,101572,584532,3892,43538,9,821659,29519,386440,5593,0,02/16/2018
11,11,Vechain,VEN,160337,Webpagecoinp,51758,3498.0,1572.62,65.53,1506540898,Vechain,16.39,0.68,38119.0,75852,1505456408.0,57.0,72647.0,37.0,641.0,VeChain Foundation,193.0,3213,False,3213.0,Vechain,74.0,100,144006,2555,16660,11550,733,5142,10,102851,4505,29500,69,0,02/16/2018
12,12,NEM,XEM,312481,Webpagecoinp,0,,,,,,,,,192997,1390830009.0,667.0,182865.0,897.0,2026.0,NEM,2270.0,0,,,,,389,441974,8995,91042,33526,1914,17021,1171,281212,7093,119440,338,0,02/16/2018
13,13,Stellar,XLM,1023891,Webpagecoinp,87939,4765.0,1349.58,56.23,1324757077,Stellar,40.74,1.7,70945.0,217285,1398298270.0,3744.0,206168.0,1550.0,2223.0,Stellar,2442.0,15888,False,15888.0,Stellar.org,350.0,20217,2264387,20980,212504,707448,5056,81319,3223,1175191,58666,700020,8473,2533,02/16/2018
14,14,Ripple,XRP,3681258,Webpagecoinp,199209,6527.0,1506.8,62.78,1255535144,Ripple,41.48,1.73,176615.0,816200,1356983139.0,4565.0,785245.0,736.0,6190.0,Ripple,5881.0,114231,False,114231.0,Ripple,4487.0,74385,13736354,173561,1282255,3802886,25900,488123,24903,7500560,438166,2545050,31652,5195,02/16/2018
0,0,Cardano,ADA,366378,Webpagecoinp,68065,4331.0,299.93,12.5,1490258606,cardano,12.68,0.53,54473.0,101632,1485749761.0,326.0,97957.0,22.0,735.0,Cardano Community,706.0,0,,,,,2169,738073,10288,65742,130918,3476,19956,27,493537,14129,193090,1301,3518,02/17/2018
1,1,Bitcoin Diamond,BCD,36213,Webpagecoinp,0,0.0,0.01,0.0,undefined,undefined,0.01,0.0,0.0,26982,1510040769.0,954.0,26332.0,260.0,130.0,Bitcoin Diamond,479.0,0,,,,,112,71001,1310,3935,6547,276,6459,0,50992,1482,9195,60,29,02/17/2018
2,2,Bitcoin Cash / BCC,BCH,748993,Webpagecoinp,0,,,,,,,,,0,,,,,,,,0,,,,,15082,3985595,80069,580782,588787,4373,196199,9123,2419894,106368,748595,9707,0,02/17/2018
3,3,Bitcoin,BTC,5101097,Webpagecoinp,826658,17192.0,18037.58,751.57,1284042626,Bitcoin,345.46,14.39,739007.0,804822,1313643968.0,213.0,773438.0,126.0,6273.0,Bitcoin,19488.0,37115,False,37115.0,Bitcoin P2P Cryptocurrency,129.0,92824,23304387,658016,4426756,2862451,40884,997707,50035,13848139,420399,3349390,45225,80782,02/17/2018
4,4,DigitalCash,DASH,726748,Webpagecoinp,32167,4041.0,118.77,4.95,1426558267,dashpay,13.56,0.56,19807.0,290216,1392130527.0,951.0,276074.0,253.0,2828.0,DASH,2462.0,35206,False,35206.0,Dash,445.0,1309,1486209,26934,174171,69502,5789,34299,4876,1147840,22798,366165,1232,2846,02/17/2018
5,5,EOS,EOS,248609,Webpagecoinp,0,,,,,,,,,117013,1494512856.0,99.0,110128.0,45.0,1377.0,EOS,724.0,7395,False,7395.0,EOS IO,246.0,980,510012,10147,77083,51149,1861,19996,173,336451,13152,124150,547,0,02/17/2018
6,6,Ethereum,ETH,3525981,Webpagecoinp,345109,6130.0,1220.51,50.85,1387037735,ethereum,61.43,2.56,324278.0,387262,1390763724.0,2237.0,360451.0,0.0,5362.0,Ethereum,1896.0,133706,False,133706.0,Ethereum,1177.0,68021,17567706,320493,3250910,2774195,34613,564519,67267,10247109,308600,2624110,25068,34038,02/17/2018
7,7,IOTA,IOT,1188884,Webpagecoinp,125464,5704.0,961.82,40.08,1346895309,Iota,40.08,1.67,106429.0,111294,1445236475.0,21.0,103814.0,0.0,1496.0,IOTA,597.0,0,,,,,28890,3519902,32784,205899,950402,7177,56503,629,2198243,68265,951775,10170,0,02/17/2018
8,8,Litecoin,LTC,1816107,Webpagecoinp,210990,5856.0,1929.86,80.41,1318615591,litecoin,112.55,4.69,189563.0,402879,1317839450.0,276.0,389569.0,23.0,2662.0,litecoin,659.0,7865,False,7865.0,Litecoin,37.0,14773,6615848,93582,867058,963696,14354,325851,14704,4201691,134912,1185755,8624,7957,02/17/2018
9,9,NEO,NEO,898169,Webpagecoinp,105702,7738.0,1300.23,54.18,1218122013,NEO,23.8,0.99,79888.0,284066,1403923896.0,661.0,271771.0,2224.0,2459.0,NEO Smart Economy,527.0,946,False,946.0,Antshares,1.0,8660,1784226,24429,188388,314953,4569,36510,793,1176925,37659,503025,3367,4252,02/17/2018
10,10,Tronix,TRX,672127,Webpagecoinp,0,,,,,,,,,260647,1502036428.0,64.0,253582.0,65.0,1413.0,Tron Foundation,248.0,23910,False,23910.0,TronFoundation,846.0,11371,1607169,14913,102046,587447,3910,43677,9,825504,29663,387410,5607,0,02/17/2018
11,11,Vechain,VEN,160532,Webpagecoinp,51758,3498.0,1572.62,65.53,1506540898,Vechain,16.39,0.68,38119.0,75852,1505456408.0,57.0,72647.0,37.0,641.0,VeChain Foundation,193.0,3213,False,3213.0,Vechain,74.0,102,144902,2566,16768,11637,737,5163,10,103504,4517,29695,71,0,02/17/2018
12,12,NEM,XEM,312371,Webpagecoinp,0,,,,,,,,,192997,1390830009.0,667.0,182865.0,897.0,2026.0,NEM,2270.0,0,,,,,388,443431,9025,91747,33591,1920,17087,1171,281786,7104,119330,329,0,02/17/2018
13,13,Stellar,XLM,1024872,Webpagecoinp,87939,4765.0,1349.58,56.23,1324757077,Stellar,40.74,1.7,70945.0,217285,1398298270.0,3744.0,206168.0,1550.0,2223.0,Stellar,2442.0,15888,False,15888.0,Stellar.org,350.0,20235,2270422,21027,212941,709305,5066,81587,3223,1178478,58795,701000,8464,2533,02/17/2018
14,14,Ripple,XRP,3681328,Webpagecoinp,199209,6527.0,1506.8,62.78,1255535144,Ripple,41.48,1.73,176615.0,816200,1356983139.0,4565.0,785245.0,736.0,6190.0,Ripple,5881.0,114231,False,114231.0,Ripple,4487.0,74294,13781346,174000,1286402,3816082,25957,489426,24903,7524070,440506,2545115,31632,5195,02/17/2018
0,0,Cardano,ADA,368799,Webpagecoinp,68065,4331.0,299.93,12.5,1490258606,cardano,12.68,0.53,54473.0,101632,1485749761.0,326.0,97957.0,22.0,735.0,Cardano Community,706.0,0,,,,,2206,747624,10449,66518,132890,3517,20152,27,499763,14308,195510,1315,3518,2/19/2018
1,1,Bitcoin Diamond,BCD,36358,Webpagecoinp,0,0.0,0.01,0.0,undefined,undefined,0.01,0.0,0.0,26982,1510040769.0,954.0,26332.0,260.0,130.0,Bitcoin Diamond,479.0,0,,,,,114,72080,1338,3994,6609,280,6606,0,51745,1508,9340,60,29,2/19/2018
2,2,Bitcoin Cash / BCC,BCH,751315,Webpagecoinp,0,,,,,,,,,0,,,,,,,,0,,,,,15089,4003790,80324,583061,590344,4391,196807,9123,2433008,106732,750915,9724,0,2/19/2018
3,3,Bitcoin,BTC,5128000,Webpagecoinp,826658,17192.0,18037.58,751.57,1284042626,Bitcoin,345.46,14.39,739007.0,804822,1313643968.0,213.0,773438.0,126.0,6273.0,Bitcoin,19488.0,37115,False,37115.0,Bitcoin P2P Cryptocurrency,129.0,93801,23635262,663269,4516957,2913218,41273,1007299,50035,14018111,425100,3376260,45641,80782,2/19/2018
4,4,DigitalCash,DASH,727774,Webpagecoinp,32167,4041.0,118.77,4.95,1426558267,dashpay,13.56,0.56,19807.0,290216,1392130527.0,951.0,276074.0,253.0,2828.0,DASH,2462.0,35206,False,35206.0,Dash,445.0,1309,1494556,26994,174569,69705,5813,34397,4876,1155353,22849,367190,1230,2846,2/19/2018
5,5,EOS,EOS,249499,Webpagecoinp,0,,,,,,,,,117013,1494512856.0,99.0,110128.0,45.0,1377.0,EOS,724.0,7395,False,7395.0,EOS IO,246.0,984,513423,10233,77517,51480,1888,20130,173,338796,13206,125040,550,0,2/19/2018
6,6,Ethereum,ETH,3533800,Webpagecoinp,345109,6130.0,1220.51,50.85,1387037735,ethereum,61.43,2.56,324278.0,387262,1390763724.0,2237.0,360451.0,0.0,5362.0,Ethereum,1896.0,133706,False,133706.0,Ethereum,1177.0,68132,17658426,321814,3271054,2784333,34730,567142,67267,10302419,309667,2631920,25128,34038,2/19/2018
7,7,IOTA,IOT,1191916,Webpagecoinp,125464,5704.0,961.82,40.08,1346895309,Iota,40.08,1.67,106429.0,111294,1445236475.0,21.0,103814.0,0.0,1496.0,IOTA,597.0,0,,,,,28998,3534387,32888,206590,954694,7213,56666,629,2207143,68564,954805,10197,0,2/19/2018
8,8,Litecoin,LTC,1826325,Webpagecoinp,210990,5856.0,1929.86,80.41,1318615591,litecoin,112.55,4.69,189563.0,402879,1317839450.0,276.0,389569.0,23.0,2662.0,litecoin,659.0,7865,False,7865.0,Litecoin,37.0,15074,6695289,94124,877157,983310,14469,329859,14704,4245466,136200,1195965,8776,7957,2/19/2018
9,9,NEO,NEO,901310,Webpagecoinp,105702,7738.0,1300.23,54.18,1218122013,NEO,23.8,0.99,79888.0,284066,1403923896.0,661.0,271771.0,2224.0,2459.0,NEO Smart Economy,527.0,946,False,946.0,Antshares,1.0,8694,1794443,24602,189683,316408,4609,36751,793,1183761,37836,506165,3378,4252,2/19/2018
10,10,Tronix,TRX,675234,Webpagecoinp,0,,,,,,,,,260647,1502036428.0,64.0,253582.0,65.0,1413.0,Tron Foundation,248.0,23910,False,23910.0,TronFoundation,846.0,11454,1627469,15070,103345,595639,3946,44006,9,835499,29955,390515,5641,0,2/19/2018
11,11,Vechain,VEN,161278,Webpagecoinp,51758,3498.0,1572.62,65.53,1506540898,Vechain,16.39,0.68,38119.0,75852,1505456408.0,57.0,72647.0,37.0,641.0,VeChain Foundation,193.0,3213,False,3213.0,Vechain,74.0,104,150365,2642,17461,12162,764,5307,10,107423,4596,30440,75,0,2/19/2018
12,12,NEM,XEM,312671,Webpagecoinp,0,,,,,,,,,192997,1390830009.0,667.0,182865.0,897.0,2026.0,NEM,2270.0,0,,,,,388,447855,9110,93834,33885,1932,17297,1171,283473,7153,119630,331,0,2/19/2018
13,13,Stellar,XLM,1029663,Webpagecoinp,87939,4765.0,1349.58,56.23,1324757077,Stellar,40.74,1.7,70945.0,217285,1398298270.0,3744.0,206168.0,1550.0,2223.0,Stellar,2442.0,15888,False,15888.0,Stellar.org,350.0,20409,2288520,21155,214370,715435,5106,82346,3223,1187725,59160,705790,8507,2533,2/19/2018
14,14,Ripple,XRP,3697340,Webpagecoinp,199209,6527.0,1506.8,62.78,1255535144,Ripple,41.48,1.73,176615.0,816200,1356983139.0,4565.0,785245.0,736.0,6190.0,Ripple,5881.0,114231,False,114231.0,Ripple,4487.0,75019,13900992,175262,1297760,3852280,26135,492441,24903,7586280,445931,2561115,31818,5195,2/19/2018
0,0,Cardano,ADA,367088,Webpagecoinp,60898,1465.0,200.31,8.35,1490258606,cardano,13.04,0.54,56103.0,105041,1485749761.0,334.0,101236.0,22.0,761.0,Cardano Community,761.0,0,,,,,2219,758746,10645,67486,135038,3574,20426,27,507065,14485,197440,1329,3634,2/22/2018
1,1,Bitcoin Diamond,BCD,35967,Webpagecoinp,0,0.0,0.01,0.0,undefined,undefined,0.01,0.0,0.0,26416,1510040769.0,952.0,25766.0,260.0,130.0,Bitcoin Diamond,480.0,0,,,,,114,72865,1360,4052,6645,280,6727,0,52280,1521,9515,60,29,2/22/2018
2,2,Bitcoin Cash / BCC,BCH,754772,Webpagecoinp,0,,,,,,,,,0,,,,,,,,0,,,,,15182,4024851,80566,585394,592249,4426,197505,9123,2448541,107047,754370,9764,0,2/22/2018
3,3,Bitcoin,BTC,5146304,Webpagecoinp,778737,6465.0,4708.45,196.19,1284042626,Bitcoin,360.89,15.04,749926.0,817069,1313643968.0,235.0,785250.0,127.0,6360.0,Bitcoin,19525.0,37243,False,37243.0,Bitcoin P2P Cryptocurrency,181.0,96038,24117343,671030,4645250,2997161,41822,1021112,50035,14258772,432161,3428855,46517,81989,2/22/2018
4,4,DigitalCash,DASH,724880,Webpagecoinp,23511,1100.0,90.51,3.77,1426558267,dashpay,15.16,0.63,20030.0,295004,1392130527.0,963.0,280727.0,253.0,2855.0,DASH,2482.0,35259,False,35259.0,Dash,259.0,1313,1508436,27101,175410,69969,5852,34564,4876,1167734,22930,368055,1235,2901,2/22/2018
5,5,EOS,EOS,254978,Webpagecoinp,0,,,,,,,,,121325,1494512856.0,101.0,114225.0,46.0,1420.0,EOS,750.0,7642,False,7642.0,EOS IO,247.0,991,517452,10332,78004,51829,1912,20316,173,341610,13276,125960,554,0,2/22/2018
6,6,Ethereum,ETH,3546525,Webpagecoinp,338783,2394.0,567.64,23.65,1387037735,ethereum,48.46,2.02,330466.0,393600,1390763724.0,2237.0,366519.0,0.0,5416.0,Ethereum,1896.0,134673,False,134673.0,Ethereum,1013.0,68367,17801174,324114,3305558,2802362,34928,570496,67267,10385014,311435,2642895,25257,34794,2/22/2018
7,7,IOTA,IOT,1188524,Webpagecoinp,114737,2115.0,574.16,23.92,1346895309,Iota,46.54,1.94,107244.0,112622,1445236475.0,21.0,105027.0,0.0,1519.0,IOTA,606.0,0,,,,,29226,3556481,33019,207595,962673,7265,56879,629,2219258,69163,960810,10286,0,2/22/2018
8,8,Litecoin,LTC,1836311,Webpagecoinp,200570,2087.0,910.43,37.93,1318615591,litecoin,32.22,1.34,192489.0,409447,1317839450.0,285.0,395992.0,23.0,2691.0,litecoin,669.0,7865,False,7865.0,Litecoin,37.0,15528,6803064,94961,896998,1009322,14613,335519,14704,4299115,137832,1209705,8961,8044,2/22/2018
9,9,NEO,NEO,896160,Webpagecoinp,91958,2774.0,651.98,27.17,1218122013,NEO,21.32,0.89,82333.0,290281,1403923896.0,660.0,277736.0,2223.0,2509.0,NEO Smart Economy,529.0,946,False,946.0,Antshares,0.0,8705,1805448,24765,190959,318075,4650,37002,793,1191203,38001,508450,3389,4345,2/22/2018
10,10,Tronix,TRX,684070,Webpagecoinp,0,,,,,,,,,266253,1502036428.0,70.0,258923.0,73.0,1466.0,Tron Foundation,257.0,24532,False,24532.0,TronFoundation,895.0,11487,1650363,15259,104529,605221,3990,44385,9,846604,30366,393120,5692,0,2/22/2018
11,11,Vechain,VEN,160417,Webpagecoinp,48695,1812.0,1576.93,65.71,1506540898,Vechain,14.73,0.61,40106.0,76837,1505456408.0,65.0,73452.0,36.0,677.0,VeChain Foundation,203.0,3320,False,3320.0,Vechain,92.0,110,157002,2723,18446,12697,793,5461,10,112174,4698,31550,82,0,2/22/2018
12,12,NEM,XEM,317206,Webpagecoinp,0,,,,,,,,,196866,1390830009.0,667.0,186569.0,897.0,2059.0,NEM,2305.0,0,,,,,392,453909,9245,97012,34146,1952,17485,1171,285679,7219,120295,332,0,2/22/2018
13,13,Stellar,XLM,1030974,Webpagecoinp,79497,1737.0,940.46,39.19,1324757077,Stellar,32.18,1.34,72406.0,222053,1398298270.0,3745.0,210731.0,1548.0,2264.0,Stellar,2445.0,16200,False,16200.0,Stellar.org,287.0,20540,2313074,21325,216525,723983,5152,83473,3223,1199641,59752,710400,8566,2593,2/22/2018
14,14,Ripple,XRP,3720485,Webpagecoinp,187845,2332.0,1083.39,45.14,1255535144,Ripple,22.92,0.96,178683.0,830695,1356983139.0,4565.0,799415.0,738.0,6255.0,Ripple,5892.0,115714,False,115714.0,Ripple,2929.0,75728,14079287,177139,1317225,3902450,26360,496862,24903,7681365,452983,2579555,32072,5269,2/22/2018
0,0,Cardano,ADA,370540,Webpagecoinp,64120,2508.0,210.88,8.79,1490258606,cardano,12.91,0.54,56175.0,105116,1485749761.0,334.0,101321.0,22.0,759.0,Cardano Community,761.0,0,,,,,2221,759410,10657,67545,135179,3582,20441,27,507483,14496,197585,1330,3644,2/23/2018
1,1,Bitcoin Diamond,BCD,36006,Webpagecoinp,0,0.0,0.01,0.0,undefined,undefined,0.01,0.0,0.0,26430,1510040769.0,952.0,25775.0,260.0,131.0,Bitcoin Diamond,480.0,0,,,,,114,72938,1361,4052,6650,280,6732,0,52336,1527,9540,60,29,2/23/2018
2,2,Bitcoin Cash / BCC,BCH,755022,Webpagecoinp,0,,,,,,,,,0,,,,,,,,0,,,,,15182,4026091,80582,585565,592373,4432,197545,9123,2449410,107061,754620,9764,0,2/23/2018
3,3,Bitcoin,BTC,5156038,Webpagecoinp,785200,8819.0,4249.88,177.08,1284042626,Bitcoin,220.55,9.19,750244.0,817363,1313643968.0,235.0,785659.0,127.0,6337.0,Bitcoin,19525.0,37242,False,37242.0,Bitcoin P2P Cryptocurrency,194.0,96122,24143407,671471,4651362,3001925,41855,1022028,50035,14272158,432573,3431745,46573,82074,2/23/2018
4,4,DigitalCash,DASH,729157,Webpagecoinp,27495,2434.0,79.13,3.3,1426558267,dashpay,15.13,0.63,20035.0,295168,1392130527.0,970.0,280881.0,253.0,2857.0,DASH,2484.0,35259,False,35259.0,Dash,362.0,1313,1508939,27111,175480,69992,5853,34580,4876,1168113,22934,368180,1235,2905,2/23/2018
5,5,EOS,EOS,255329,Webpagecoinp,0,,,,,,,,,121667,1494512856.0,101.0,114527.0,46.0,1428.0,EOS,752.0,7651,False,7651.0,EOS IO,242.0,991,517722,10338,78038,51854,1914,20327,173,341798,13280,125960,554,0,2/23/2018
6,6,Ethereum,ETH,3550466,Webpagecoinp,341834,3499.0,349.93,14.58,1387037735,ethereum,42.96,1.79,330638.0,393832,1390763724.0,2237.0,366711.0,0.0,5424.0,Ethereum,1896.0,134704,False,134704.0,Ethereum,1054.0,68386,17809541,324218,3307890,2803141,34949,570679,67267,10389870,311527,2643460,25257,34856,2/23/2018
7,7,IOTA,IOT,1190998,Webpagecoinp,116894,3028.0,265.91,11.08,1346895309,Iota,40.68,1.7,107279.0,112664,1445236475.0,21.0,105079.0,0.0,1517.0,IOTA,606.0,0,,,,,29236,3557592,33036,207664,963029,7267,56887,629,2219893,69187,961085,10289,0,2/23/2018
8,8,Litecoin,LTC,1840974,Webpagecoinp,204136,3465.0,596.03,24.83,1318615591,litecoin,34.84,1.45,192549.0,409632,1317839450.0,285.0,396167.0,23.0,2693.0,litecoin,669.0,7865,False,7865.0,Litecoin,37.0,15549,6810475,95006,898299,1011169,14623,336050,14704,4302674,137950,1210615,8973,8045,2/23/2018
9,9,NEO,NEO,902832,Webpagecoinp,98062,4895.0,479.65,19.99,1218122013,NEO,22.77,0.95,82418.0,290612,1403923896.0,660.0,278067.0,2223.0,2509.0,NEO Smart Economy,529.0,946,False,946.0,Antshares,0.0,8708,1806046,24776,191042,318174,4658,37011,793,1191582,38010,508680,3389,4352,2/23/2018
10,10,Tronix,TRX,685154,Webpagecoinp,0,,,,,,,,,266478,1502036428.0,70.0,259148.0,73.0,1466.0,Tron Foundation,258.0,24541,False,24541.0,TronFoundation,926.0,11517,1652397,15274,104659,606173,3994,44409,9,847473,30406,393970,5708,0,2/23/2018
11,11,Vechain,VEN,161760,Webpagecoinp,49670,2765.0,576.42,24.02,1506540898,Vechain,14.58,0.61,40223.0,77148,1505456408.0,65.0,73753.0,36.0,679.0,VeChain Foundation,203.0,3327,False,3327.0,Vechain,97.0,110,157327,2726,18484,12724,794,5478,10,112409,4702,31600,83,0,2/23/2018
12,12,NEM,XEM,317444,Webpagecoinp,0,,,,,,,,,197054,1390830009.0,667.0,186732.0,897.0,2064.0,NEM,2307.0,0,,,,,392,454446,9254,97380,34158,1955,17499,1171,285810,7219,120345,332,0,2/23/2018
13,13,Stellar,XLM,1032971,Webpagecoinp,81071,2620.0,375.75,15.66,1324757077,Stellar,30.85,1.29,72460.0,222245,1398298270.0,3745.0,210908.0,1548.0,2267.0,Stellar,2445.0,16209,False,16209.0,Stellar.org,296.0,20546,2314464,21346,216611,724445,5152,83607,3223,1200302,59778,710610,8566,2605,2/23/2018
14,14,Ripple,XRP,3724161,Webpagecoinp,189993,3305.0,668.11,27.84,1255535144,Ripple,21.57,0.9,178742.0,831097,1356983139.0,4566.0,799857.0,738.0,6247.0,Ripple,5891.0,115751,False,115751.0,Ripple,2884.0,75766,14090335,177253,1318423,3904908,26379,497118,24903,7688029,453322,2580635,32088,5276,2/23/2018
0,0,Cardano,ADA,373726,Webpagecoinp,65473,2742.0,372.98,15.54,1490258606,cardano,12.06,0.5,56502.0,105810,1485749761.0,334.0,101995.0,22.0,763.0,Cardano Community,761.0,0,,,,,2231,765243,10735,68274,136364,3611,20626,27,511006,14600,198685,1341,3682,02/25/2018
1,1,Bitcoin Diamond,BCD,36044,Webpagecoinp,0,0.0,0.01,0.0,undefined,undefined,0.01,0.0,0.0,26418,1510040769.0,962.0,25773.0,260.0,129.0,Bitcoin Diamond,484.0,0,,,,,114,73224,1368,4072,6668,281,6761,0,52538,1536,9590,60,29,02/25/2018
2,2,Bitcoin Cash / BCC,BCH,756803,Webpagecoinp,0,,,,,,,,,0,,,,,,,,0,,,,,15240,4031797,80661,586207,592985,4444,197819,9123,2453419,107139,756400,9780,0,02/25/2018
3,3,Bitcoin,BTC,5185569,Webpagecoinp,788781,8698.0,5363.13,223.46,1284042626,Bitcoin,171.71,7.15,751961.0,819736,1313643968.0,236.0,788002.0,127.0,6343.0,Bitcoin,19530.0,37257,False,37257.0,Bitcoin P2P Cryptocurrency,184.0,97144,24313393,673909,4698250,3033878,42032,1026792,50035,14353281,435216,3455015,46951,82349,02/25/2018
4,4,DigitalCash,DASH,730560,Webpagecoinp,27817,2555.0,45.7,1.9,1426558267,dashpay,13.96,0.58,20061.0,295964,1392130527.0,972.0,281667.0,253.0,2859.0,DASH,2490.0,35268,False,35268.0,Dash,417.0,1312,1511251,27131,175738,70076,5860,34628,4876,1169975,22967,368445,1233,2915,02/25/2018
5,5,EOS,EOS,256431,Webpagecoinp,0,,,,,,,,,122514,1494512856.0,101.0,115359.0,47.0,1431.0,EOS,754.0,7696,False,7696.0,EOS IO,216.0,992,519114,10379,78202,51999,1922,20378,173,342756,13305,126170,555,0,02/25/2018
6,6,Ethereum,ETH,3557127,Webpagecoinp,343410,3642.0,464.87,19.37,1387037735,ethereum,40.65,1.69,331555.0,394893,1390763724.0,2237.0,367767.0,0.0,5425.0,Ethereum,1896.0,134853,False,134853.0,Ethereum,955.0,68439,17853267,324888,3317780,2807358,35023,571833,67267,10417102,312016,2647140,25289,35046,02/25/2018
7,7,IOTA,IOT,1197343,Webpagecoinp,120245,3737.0,726.17,30.26,1346895309,Iota,30.5,1.27,107582.0,112982,1445236475.0,21.0,105422.0,0.0,1512.0,IOTA,606.0,0,,,,,29336,3569069,33075,208408,967068,7283,56980,629,2226156,69470,963760,10315,0,02/25/2018
8,8,Litecoin,LTC,1851745,Webpagecoinp,207789,4083.0,1292.83,53.87,1318615591,litecoin,36.0,1.5,192955.0,410796,1317839450.0,288.0,397331.0,23.0,2693.0,litecoin,672.0,7865,False,7865.0,Litecoin,37.0,15707,6851881,95314,905395,1022275,14673,338125,14704,4322632,138763,1216545,9069,8065,02/25/2018
9,9,NEO,NEO,905575,Webpagecoinp,98323,4815.0,467.23,19.47,1218122013,NEO,18.55,0.77,82944.0,292078,1403923896.0,660.0,279483.0,2223.0,2519.0,NEO Smart Economy,529.0,945,False,945.0,Antshares,0.0,8727,1809632,24814,191439,318710,4677,37103,793,1194040,38056,509670,3391,4379,02/25/2018
10,10,Tronix,TRX,687483,Webpagecoinp,0,,,,,,,,,267460,1502036428.0,74.0,260100.0,73.0,1472.0,Tron Foundation,261.0,24642,False,24642.0,TronFoundation,621.0,11554,1660840,15354,105370,609722,4011,44545,9,851298,30531,395215,5719,0,02/25/2018
11,11,Vechain,VEN,167551,Webpagecoinp,54106,3409.0,1622.23,67.59,1506540898,Vechain,14.38,0.6,40635.0,78127,1505456408.0,65.0,74717.0,36.0,682.0,VeChain Foundation,205.0,3348,False,3348.0,Vechain,105.0,113,159283,2743,18715,12974,799,5523,10,113758,4761,31955,85,0,02/25/2018
12,12,NEM,XEM,318291,Webpagecoinp,0,,,,,,,,,197651,1390830009.0,667.0,187294.0,897.0,2071.0,NEM,2316.0,0,,,,,392,457134,9290,99044,34272,1957,17559,1171,286602,7239,120595,331,0,02/25/2018
13,13,Stellar,XLM,1035695,Webpagecoinp,81228,2544.0,455.72,18.99,1324757077,Stellar,24.34,1.01,72685.0,223087,1398298270.0,3745.0,211720.0,1548.0,2273.0,Stellar,2445.0,16272,False,16272.0,Stellar.org,242.0,20602,2321414,21412,217167,726997,5165,83887,3223,1203644,59919,712270,8583,2606,02/25/2018
14,14,Ripple,XRP,3735812,Webpagecoinp,190567,3443.0,587.2,24.47,1255535144,Ripple,18.72,0.78,179064.0,833736,1356983139.0,4566.0,802426.0,738.0,6261.0,Ripple,5891.0,115946,False,115946.0,Ripple,2734.0,76130,14151054,177727,1324685,3920864,26442,498414,24903,7722347,455672,2588875,32190,5273,02/25/2018
0,0,Cardano,ADA,373805,Webpagecoinp,64523,2377.0,342.57,14.27,1490258606,cardano,12.2,0.51,56707.0,106141,1485749761.0,334.0,102336.0,23.0,761.0,Cardano Community,771.0,0,,,,,2234,768614,10781,68562,137017,3624,20702,27,513253,14648,199365,1345,3700,02/26/2018
1,1,Bitcoin Diamond,BCD,36041,Webpagecoinp,0,0.0,0.01,0.0,undefined,undefined,0.01,0.0,0.0,26415,1510040769.0,965.0,25780.0,260.0,127.0,Bitcoin Diamond,484.0,0,,,,,114,73587,1377,4086,6681,284,6809,0,52802,1548,9590,60,29,02/26/2018
2,2,Bitcoin Cash / BCC,BCH,758003,Webpagecoinp,0,,,,,,,,,0,,,,,,,,0,,,,,15255,4036233,80732,586669,593404,4451,198012,9123,2456648,107194,757600,9795,0,02/26/2018
3,3,Bitcoin,BTC,5203180,Webpagecoinp,793908,10428.0,4800.0,200.0,1284042626,Bitcoin,258.95,10.79,753024.0,821117,1313643968.0,240.0,789398.0,127.0,6340.0,Bitcoin,19533.0,37269,False,37269.0,Bitcoin P2P Cryptocurrency,170.0,97626,24422114,675937,4724867,3053049,42187,1030132,50035,14409047,436860,3465860,47114,82584,02/26/2018
4,4,DigitalCash,DASH,730805,Webpagecoinp,27188,2334.0,50.65,2.11,1426558267,dashpay,13.74,0.57,20085.0,296398,1392130527.0,976.0,282126.0,253.0,2854.0,DASH,2493.0,35275,False,35275.0,Dash,408.0,1313,1512750,27148,175870,70159,5864,34654,4876,1171200,22979,368880,1237,2913,02/26/2018
5,5,EOS,EOS,257264,Webpagecoinp,0,,,,,,,,,123054,1494512856.0,101.0,115869.0,50.0,1437.0,EOS,764.0,7728,False,7728.0,EOS IO,208.0,993,520112,10408,78307,52100,1933,20417,173,343460,13314,126430,556,0,02/26/2018
6,6,Ethereum,ETH,3559399,Webpagecoinp,343683,3447.0,594.92,24.79,1387037735,ethereum,34.81,1.45,332153.0,395522,1390763724.0,2237.0,368346.0,0.0,5435.0,Ethereum,1896.0,134936,False,134936.0,Ethereum,887.0,68428,17885267,325407,3326041,2810335,35072,572578,67267,10436162,312405,2648280,25277,35190,02/26/2018
7,7,IOTA,IOT,1199233,Webpagecoinp,120758,3852.0,792.66,33.03,1346895309,Iota,32.85,1.37,107617.0,113073,1445236475.0,21.0,105508.0,0.0,1513.0,IOTA,608.0,0,,,,,29367,3574729,33106,208705,968967,7292,57015,629,2229331,69684,965045,10328,0,02/26/2018
8,8,Litecoin,LTC,1858887,Webpagecoinp,208316,4104.0,1328.62,55.36,1318615591,litecoin,59.65,2.49,193347.0,411704,1317839450.0,288.0,398229.0,23.0,2695.0,litecoin,672.0,7865,False,7865.0,Litecoin,37.0,15918,6891331,95623,911811,1034480,14724,339962,14704,4340516,139511,1222230,9157,8083,02/26/2018
9,9,NEO,NEO,907919,Webpagecoinp,97893,3960.0,1379.09,57.46,1218122013,NEO,24.67,1.03,83255.0,293121,1403923896.0,660.0,280481.0,2222.0,2528.0,NEO Smart Economy,529.0,945,False,945.0,Antshares,0.0,8770,1815081,24872,191984,319765,4690,37234,793,1197634,38109,511375,3407,4404,02/26/2018
10,10,Tronix,TRX,688836,Webpagecoinp,0,,,,,,,,,267936,1502036428.0,75.0,260606.0,87.0,1466.0,Tron Foundation,269.0,24674,False,24674.0,TronFoundation,573.0,11581,1666862,15401,105756,612450,4026,44631,9,853979,30610,396060,5728,0,02/26/2018
11,11,Vechain,VEN,173148,Webpagecoinp,57723,3711.0,2748.97,114.54,1506540898,Vechain,26.91,1.12,41093.0,79725,1505456408.0,66.0,76245.0,36.0,696.0,VeChain Foundation,207.0,3384,False,3384.0,Vechain,126.0,120,161942,2759,18979,13363,809,5582,10,115625,4815,32300,89,0,02/26/2018
12,12,NEM,XEM,318816,Webpagecoinp,0,,,,,,,,,197956,1390830009.0,667.0,187594.0,897.0,2072.0,NEM,2321.0,0,,,,,394,458557,9305,99818,34345,1958,17596,1171,287117,7247,120815,332,0,02/26/2018
13,13,Stellar,XLM,1036640,Webpagecoinp,80080,2060.0,566.3,23.6,1324757077,Stellar,25.11,1.05,72768.0,223549,1398298270.0,3745.0,212182.0,1548.0,2273.0,Stellar,2447.0,16311,False,16311.0,Stellar.org,235.0,20641,2326883,21461,217593,729021,5174,84148,3223,1206239,60024,713860,8599,2608,02/26/2018
14,14,Ripple,XRP,3742317,Webpagecoinp,190731,3367.0,686.53,28.61,1255535144,Ripple,18.79,0.78,179257.0,835172,1356983139.0,4566.0,803932.0,740.0,6247.0,Ripple,5892.0,116083,False,116083.0,Ripple,2696.0,76328,14192085,178113,1328955,3932302,26500,499244,24903,7744774,457294,2593630,32256,5282,02/26/2018
0,0,Cardano,ADA,373737,Webpagecoinp,63449,2037.0,215.5,8.98,1490258606,cardano,12.63,0.53,56907.0,106683,1485749761.0,337.0,102843.0,23.0,768.0,Cardano Community,777.0,0,,,,,2235,771950,10838,68813,137649,3638,20771,27,515514,14700,199825,1346,3703,02/27/2018
1,1,Bitcoin Diamond,BCD,36072,Webpagecoinp,0,0.0,0.01,0.0,undefined,undefined,0.01,0.0,0.0,26421,1510040769.0,968.0,25771.0,261.0,130.0,Bitcoin Diamond,484.0,0,,,,,114,73860,1384,4100,6701,287,6845,0,52992,1551,9615,60,29,02/27/2018
2,2,Bitcoin Cash / BCC,BCH,760329,Webpagecoinp,0,,,,,,,,,0,,,,,,,,0,,,,,15370,4041869,80814,587593,594032,4460,198228,9123,2460331,107288,759925,9820,0,02/27/2018
3,3,Bitcoin,BTC,5214457,Webpagecoinp,791614,9641.0,4237.37,176.56,1284042626,Bitcoin,296.5,12.35,754217.0,822887,1313643968.0,240.0,791083.0,127.0,6357.0,Bitcoin,19535.0,37271,False,37271.0,Bitcoin P2P Cryptocurrency,169.0,98074,24527307,677937,4748768,3071124,42360,1033639,50035,14464850,438594,3477390,47294,82843,02/27/2018
4,4,DigitalCash,DASH,731608,Webpagecoinp,26886,2137.0,184.73,7.7,1426558267,dashpay,14.17,0.59,20106.0,297073,1392130527.0,980.0,282766.0,253.0,2861.0,DASH,2497.0,35278,False,35278.0,Dash,423.0,1313,1514388,27171,176045,70228,5867,34691,4876,1172516,22994,369305,1241,2915,02/27/2018
5,5,EOS,EOS,258266,Webpagecoinp,0,,,,,,,,,123743,1494512856.0,106.0,116513.0,51.0,1446.0,EOS,772.0,7756,False,7756.0,EOS IO,204.0,994,521245,10438,78455,52249,1942,20456,173,344203,13329,126715,558,0,02/27/2018
6,6,Ethereum,ETH,3564838,Webpagecoinp,346047,4094.0,493.21,20.55,1387037735,ethereum,57.71,2.4,332779.0,396288,1390763724.0,2237.0,369057.0,0.0,5446.0,Ethereum,1896.0,135015,False,135015.0,Ethereum,852.0,68421,17918368,325900,3334023,2813466,35113,573500,67267,10456245,312854,2650310,25288,35387,02/27/2018
7,7,IOTA,IOT,1196726,Webpagecoinp,117408,2771.0,683.06,28.46,1346895309,Iota,45.67,1.9,107729.0,113280,1445236475.0,21.0,105695.0,0.0,1517.0,IOTA,610.0,0,,,,,29368,3582282,33164,209111,971665,7303,57066,629,2233380,69964,965680,10323,0,02/27/2018
8,8,Litecoin,LTC,1868678,Webpagecoinp,212845,5641.0,1131.63,47.15,1318615591,litecoin,81.21,3.38,193659.0,412729,1317839450.0,289.0,399184.0,23.0,2709.0,litecoin,673.0,7865,False,7865.0,Litecoin,37.0,16042,6918773,95872,916819,1042098,14763,341350,14704,4353240,139927,1226445,9221,8103,02/27/2018
9,9,NEO,NEO,909403,Webpagecoinp,96080,3561.0,834.46,34.77,1218122013,NEO,39.56,1.65,83729.0,294484,1403923896.0,660.0,281779.0,2222.0,2541.0,NEO Smart Economy,530.0,945,False,945.0,Antshares,1.0,8815,1823027,24981,192827,321227,4710,37408,793,1202862,38219,513275,3420,4437,02/27/2018
10,10,Tronix,TRX,690408,Webpagecoinp,0,,,,,,,,,268537,1502036428.0,80.0,261167.0,87.0,1474.0,Tron Foundation,272.0,24714,False,24714.0,TronFoundation,522.0,11624,1674099,15468,106220,615744,4038,44736,9,857162,30722,396990,5737,0,02/27/2018
11,11,Vechain,VEN,168253,Webpagecoinp,51474,2436.0,1311.48,54.64,1506540898,Vechain,38.84,1.62,41544.0,80722,1505456408.0,66.0,77207.0,36.0,703.0,VeChain Foundation,207.0,3396,False,3396.0,Vechain,117.0,122,164325,2777,19392,13734,820,5643,10,117077,4872,32645,93,0,02/27/2018
12,12,NEM,XEM,319428,Webpagecoinp,0,,,,,,,,,198443,1390830009.0,667.0,188051.0,897.0,2078.0,NEM,2332.0,0,,,,,394,459392,9344,99901,34408,1967,17637,1171,287708,7256,120940,333,0,02/27/2018
13,13,Stellar,XLM,1039068,Webpagecoinp,80200,2130.0,436.98,18.21,1324757077,Stellar,28.02,1.17,72937.0,224173,1398298270.0,3745.0,212786.0,1548.0,2277.0,Stellar,2447.0,16356,False,16356.0,Stellar.org,256.0,20682,2332846,21522,218103,731104,5189,84442,3223,1209092,60171,715495,8620,2611,02/27/2018
14,14,Ripple,XRP,3749642,Webpagecoinp,189820,2948.0,729.67,30.4,1255535144,Ripple,17.03,0.71,179517.0,837112,1356983139.0,4564.0,805752.0,740.0,6271.0,Ripple,5893.0,116199,False,116199.0,Ripple,2623.0,76621,14234225,178531,1333407,3944409,26541,500041,24903,7767470,458923,2599785,32335,5303,02/27/2018
