date,txVolume(USD),txCount,marketcap(USD),price(USD),exchangeVolume(USD),generatedCoins,fees
1/20/14,18177.28599,1621,66178,0.202121,14602,38050,2.966
1/21/14,39013.91476,2593,193581,0.179607,13404,59650,1.538
1/22/14,49487.70369,2531,281910,0.241453,21147,60350,12.4904763
1/23/14,122572.9394,2213,321975,0.444479,50128,37900,2.4234844
1/24/14,94338.1607,2891,499373,0.379007,26869,52350,2.86500001
1/25/14,94058.46697,3418,453116,0.344466,19322,45200,5.31
1/26/14,61508.60876,3797,411888,0.32534,12561,52100,3.43725139
1/27/14,40300.1851,1903,400787,0.336943,16763,26600,1.26431204
1/28/14,58036.39255,1225,445996,0.381758,15008,17650,10.926
1/29/14,36336.31377,1204,483140,0.317349,7749,19100,0.91832416
1/30/14,25394.16015,1319,417532,0.339007,4260,21650,0.7511
1/31/14,38403.14931,1367,441643,0.332375,10074,25550,0.93661326
2/1/14,49888.62845,1531,447682,0.416954,31268,32300,0.83101
2/2/14,95074.5106,1382,579702,0.76076,80009,27850,0.94851
2/3/14,392056.2531,1756,999739,1.64,175201,32550,1.57873661
2/4/14,1170550.682,2181,2329270,4.54,1000060,34850,1.92804751
2/5/14,4030566.062,5123,7094260,5.4,1480360,34700,5.44728594
2/6/14,9117410.066,10727,8571370,5.38,817727,34850,31.68100424
2/7/14,2666881.388,9151,7585800,4.78,441589,29700,7.93671931
2/8/14,1728214.591,7935,7468430,3.45,332129,26250,6.2743874
2/9/14,1814722.437,8137,5467450,4.3,493625,26600,7.54908747
2/10/14,1384706.141,8124,6672920,3.68,395001,26850,6.89337839
2/11/14,1266851.429,8069,6054540,3.47,264439,30450,6.21621412
2/12/14,1071966.188,7808,5837000,3.19,391122,29800,6.37066445
2/13/14,950890.4208,7325,5438560,2.73,233428,29150,5.97667981
2/14/14,888727.2785,6754,4713830,2.42,308127,26950,4.97787688
2/15/14,797375.0143,6512,4291820,2.45,219887,25100,5.27896337
2/16/14,554322.9142,6473,4395970,1.91,186464,28050,4.88504563
2/17/14,530893.4986,6886,3500100,1.64,196586,30550,5.81806735
2/18/14,436036.6905,6563,3012790,1.42,189928,28200,5.64993819
2/19/14,1191735.057,6092,2671470,3.02,951079,26600,6.20098744
2/20/14,685435.9562,7381,5620120,1.89,560787,32750,12.03344236
2/21/14,900440.0435,7575,3822190,1.95,157513,31350,7.34476359
2/22/14,699135.547,6991,3900760,2.02,134519,29850,6.55997531
2/23/14,502439.873,6512,4054050,1.82,127817,28250,6.1416833
2/24/14,355442.2629,6591,3692000,1.55,133245,28700,6.07836718
2/25/14,414045.5895,6076,3127630,1.62,115446,27250,5.80845676
2/26/14,444972.7338,6041,3402400,1.89,163095,28300,5.92096024
2/27/14,447369.1913,6413,3990420,1.82,49930,29650,5.75940685
2/28/14,430062.3213,6716,3888370,1.74,109025,30600,6.62593772
3/1/14,478297.4096,6604,3777500,1.69,88108,29700,6.78541853
3/2/14,524281.1555,6692,3748940,1.61,100550,30050,6.93796382
3/3/14,640673.0565,6843,3611060,1.86,151606,30800,6.02703036
3/4/14,638412.3426,7025,4171450,1.78,184159,29350,6.28776825
3/5/14,506261.9058,6940,4121550,1.67,113278,29600,7.70154634
3/6/14,423429.1739,6287,3895220,1.59,105465,28400,6.32158482
3/7/14,396558.5714,5636,3724650,1.41,93317,25900,5.3583952
3/8/14,355203.5066,5797,3361910,1.4,74305,28650,5.84775966
3/9/14,345143.212,5704,3360190,1.56,120261,29250,5.64452626
3/10/14,350641.5544,6232,3794630,1.39,73429,30800,6.62687027
3/11/14,297618.6141,6211,3435420,1.32,68568,29200,6.03182929
3/12/14,274864.1297,6092,3287310,1.29,61456,29650,7.06518635
3/13/14,299431.7955,6140,3273820,1.23,54713,27900,6.02035227
3/14/14,237871.6803,5370,3127260,1.06,83218,26050,5.4064664
3/15/14,253116.7467,6150,2725290,0.989275,95533,29450,6.48722151
3/16/14,202276.3045,5267,2577970,0.822178,60646,25050,5.50132905
3/17/14,188070.8657,5425,2117850,0.85715,72735,28900,5.48390054
3/18/14,187942.276,5106,2279740,0.842015,40410,28000,5.88486223
3/19/14,217002.0983,5943,2263150,1.09,149663,29750,6.33083694
3/20/14,310978.6954,5349,2966710,1.25,347802,29650,6.01473703
3/21/14,458052.876,6494,3437780,1.42,244183,29100,8.33081537
3/22/14,548654.436,6362,3933590,1.82,883171,30900,11.3665816
3/23/14,1078720.075,8114,5130120,1.83,380274,33900,10.81882235
3/24/14,650920.0546,7743,5220160,1.74,350786,29350,21.97085652
3/25/14,625554.0502,6900,5007860,1.5,131556,27050,12.51862324
3/26/14,1901702.754,6033,4331390,1.64,204301,26700,5.50387504
3/27/14,584248.9865,6625,4766190,1.28,130975,30050,7.0134563
3/28/14,879671.4109,5896,3819280,1.35,101948,27600,5.76328076
3/29/14,554983.8679,5889,4075220,1.32,87739,29850,5.45778723
3/30/14,304856.6374,6028,3987320,1.22,64636,30150,5.74318909
3/31/14,283599.9603,5552,3658130,1.17,62646,27900,7.45170849
4/1/14,236406.0118,5616,3578450,1.15,85078,29500,6.3883293
4/2/14,218912.4363,5275,3576470,1.01,50743,28800,5.54677158
4/3/14,225685.522,5215,3151900,1.02,52279,27250,6.17210494
4/4/14,210810.6292,5316,3224700,0.979866,38587,28950,5.00548637
4/5/14,150385.2706,4612,3115140,0.952404,24558,26650,4.45884423
4/6/14,143558.8328,4666,3068240,0.894274,58541,27500,4.5164963
4/7/14,172475.2424,5035,2893700,0.879337,33294,29000,6.28550748
4/8/14,233582.5018,5224,2868510,0.903311,31718,31250,7.58485304
4/9/14,225256.3315,4933,2981390,1.1,187731,27500,5.90765984
4/10/14,215560.5858,5446,3645550,0.814256,50220,29950,9.38127029
4/11/14,208179.9594,5338,2727850,0.966543,33456,30250,5.86730184
4/12/14,186317.1311,4984,3275880,0.989773,40415,29550,5.56486483
4/13/14,198533.5763,4557,3384210,0.967856,64455,27150,4.8839795
4/14/14,178314.9027,4385,3339700,1.03,73780,28100,6.11619623
4/15/14,214238.9291,4613,3586200,1.12,60497,28000,5.89410286
4/16/14,275772.5562,4936,3903660,1.11,54176,27950,6.76163909
4/17/14,207117.8452,4777,3933930,1.02,42891,27450,5.3529448
4/18/14,208864.7952,4632,3626770,0.981362,50506,27500,4.94211108
4/19/14,231687.2942,4996,3516050,1.04,25933,27350,6.37332598
4/20/14,202583.6305,4882,3742090,0.992592,32466,27900,4.87466446
4/21/14,170009.7763,4449,3607630,0.956513,33725,26150,4.31036046
4/22/14,191797.8953,4860,3504960,0.926847,43217,28450,5.17552075
4/23/14,183063.5691,4564,3427340,0.936083,30753,29450,5.86272405
4/24/14,240091.8612,4618,3485350,0.963032,47036,30800,5.10976945
4/25/14,235607.9822,4311,3614380,0.915975,90282,29550,4.85217754
4/26/14,289330.0751,4334,3499020,0.9231,32301,29250,4.67847222
4/27/14,147554.6752,4027,3510580,0.856888,28422,28200,4.7254101
4/28/14,158848.7068,4285,3261090,0.837159,28818,31950,5.72683482
4/29/14,160165.1722,4344,3233490,0.859236,31387,28200,4.24405275
4/30/14,166617.0046,4211,3350060,0.882842,22698,28200,6.63000692
5/1/14,186451.0716,4136,3470850,0.899082,37880,30250,5.82294691
5/2/14,154065.8121,4043,3561860,0.859599,15664,29900,6.48451978
5/3/14,138528.666,4119,3430280,0.80856,26485,29800,20.47792097
5/4/14,128891.6682,4044,3253940,0.827808,34945,27600,5.43583401
5/5/14,134743.7975,4515,3340210,0.784263,23596,29950,6.38190334
5/6/14,132688.0956,4420,3195360,0.766558,27251,29000,6.06194005
5/7/14,115280.0549,4513,3149810,0.801184,37997,28050,6.34114045
5/8/14,119104.3917,4457,3308270,0.791996,27263,28100,6.56630346
5/9/14,132390.8178,4630,3293210,0.857688,110545,27899.99997,6.69254485
5/10/14,267072.8435,4952,3594490,0.944855,123347,29199.99999,8.91576826
5/11/14,258814.874,4714,3984370,0.924908,110433,30799.99995,9.97491953
5/12/14,250059.0795,4123,3924930,0.935311,83941,26999.99995,5.86415275
5/13/14,286227.9729,4236,4002780,1.05,165809,30299.99996,7.76136917
5/14/14,313930.837,4038,4526870,1.16,332095,29849.99995,11.60125446
5/15/14,510488.3835,4494,5026590,1.27,83256,29549.99993,11.86567911
5/16/14,320405.1222,4499,5590830,1.03,207969,31499.99898,8.54716808
5/17/14,252726.0386,4083,4543640,1.03,88607,28449.9996,6.02278264
5/18/14,198653.5797,3597,4574890,1,36977,29699.99991,4.63298824
5/19/14,132744.3759,3215,4455220,0.975305,51195,26849.99993,4.53999145
5/20/14,182238.5292,3219,4329890,1,93382,27349.99991,4.28795867
5/21/14,170026.7867,3276,4538280,1.01,62204,30299.99993,7.95707156
5/22/14,145272.3155,3058,4605040,0.924555,105506,28849.99996,5.57046115
5/23/14,219318.9771,3235,4236460,1.07,160258,28349.99996,9.86373651
5/24/14,241379.9641,3058,4899200,1.05,125083,27099.99988,6.32724222
5/25/14,196990.8247,3207,4868360,1.04,75563,29449.99998,4.45234044
5/26/14,134952.5792,2692,4874300,1.04,82867,26849.99996,3.91656671
5/27/14,161063.8249,3034,4860230,1.01,22488,27249.99998,7.11827884
5/28/14,142001.9386,2942,4805380,0.99215,137690,28299.99994,4.08468207
5/29/14,158897.7304,2770,4671600,0.958581,52996,31449.99999,3.93673309
5/30/14,161769.4282,2810,4571880,1.01,59379,28500,5.06355449
5/31/14,147362.3631,2657,4818390,0.916443,75451,27050,3.97716769
6/1/14,194593.5648,2719,4424330,0.896019,52805,27950,4.32663233
6/2/14,129514.4802,2994,4345480,0.95328,51013,29700,5.09999972
6/3/14,125634.1962,3014,4653570,0.873267,50523,29800,4.9221979
6/4/14,175679.2499,2872,4284820,0.857409,55342,29050,5.78297839
6/5/14,119894.3374,2668,4233200,0.806428,17778,28950,4.58515091
6/6/14,208732.2794,2937,4020770,0.802616,69258,29400,3.58130682
6/7/14,145355.8215,2374,4009650,0.804795,13925,25600,4.02043576
6/8/14,93841.68175,2333,4019560,0.756615,44106,28700,3.00797111
6/9/14,134598.6461,2225,3820330,0.707001,57562,27600,6.01736253
6/10/14,200030.7157,2497,3599100,0.788202,86279,29250,3.57715755
6/11/14,190026.5182,2377,4027860,0.85461,184486,28150,5.35106576
6/12/14,166077.2546,2543,4395660,0.769371,58920,29350,6.63446126
6/13/14,104700.1905,2240,3969750,0.762557,38273,31000,4.64481166
6/14/14,78690.46586,2380,3966910,0.717523,28613,27200,3.00923443
6/15/14,215422.708,1989,3741660,0.720847,14618,28000,2.08069889
6/16/14,97973.92569,5805,3751550,0.686738,37299,30500,2.68744679
6/17/14,85369.32276,4032,3625020,0.718347,18994,27800,3.13975791
6/18/14,166493.6771,6596,3784940,0.675581,37652,30150,2.71763827
6/19/14,107470.3332,2214,3608070,0.645588,19624,25950,6.53271911
6/20/14,126029.8997,2093,3481750,0.658851,45862,28700,4.36803851
6/21/14,71932.5448,2168,3554180,0.623775,31914,29100,2.97975496
6/22/14,66903.99697,2140,3388850,0.51524,26381,28150,9.52670489
6/23/14,146078.0984,2303,2836690,0.613882,33874,27200,4.01444176
6/24/14,122409.4738,2314,3364680,0.527693,35927,27850,4.2673619
6/25/14,69019.84357,2287,2906190,0.539026,35174,31250,4.74055105
6/26/14,221597.0288,1965,2968640,0.495799,58492,27950,3.67114739
6/27/14,101617.8173,2088,2783900,0.502385,51039,27300,3.79494959
6/28/14,80884.55767,2655,2775230,0.472616,18426,29650,7.55333045
6/29/14,56070.89498,1805,2645390,0.433184,21675,26100,3.38358994
6/30/14,49474.29778,2117,2397950,0.314478,78695,28650,4.58831242
7/1/14,157598.3145,2563,1798560,0.513374,531142,29150,5.93101075
7/2/14,438976.6481,2907,2953660,0.492646,307957,28950,8.48449118
7/3/14,208266.4085,2373,2807760,0.455559,130375,28850,8.09285364
7/4/14,77243.10184,2003,2625990,0.40277,48680,30650,4.05380303
7/5/14,58279.29835,2005,2374170,0.358869,59631,28700,2.66569294
7/6/14,111453.6207,2039,2092420,0.358581,19671,30100,5.11026113
7/7/14,65532.91591,2085,2099690,0.319225,22947,29850,4.60578557
7/8/14,74952.47539,2025,1896320,0.331372,18862,28250,3.06304899
7/9/14,82769.72613,2029,1960490,0.342136,38561,26850,3.57443581
7/10/14,52056.1576,1828,2087820,0.329348,23191,26650,3.48478877
7/11/14,43398.49737,2098,1944980,0.314622,21100,27700,4.34398914
7/12/14,56555.09152,1796,1885810,0.310825,21538,27350,13.31536739
7/13/14,48048.12813,2234,1873150,0.279045,27268,27500,2.65384915
7/14/14,65619.72503,1994,1688020,0.25483,36037,30300,4.09376598
7/15/14,83529.12437,2006,1546120,0.2391,32460,28850,3.09266347
7/16/14,58579.50658,2161,1471490,0.229678,21940,27550,3.25755343
7/17/14,49324.58603,1804,1402260,0.22614,36167,28100,2.29838652
7/18/14,64002.90167,2008,1408120,0.229331,21644,26700,3.27927785
7/19/14,61972.90808,1733,1418910,0.223574,12320,28850,1.89521168
7/20/14,38828.24426,1933,1391200,0.222476,12222,29500,2.48563536
7/21/14,44872.59755,2122,1388450,0.217412,11603,27250,2.97122517
7/22/14,31591.3825,2149,1365450,0.194314,43585,30350,3.18169863
7/23/14,77884.07581,2215,1224900,0.18841,16345,25950,4.59611641
7/24/14,104037.0601,3930,1193630,0.158523,28899,28350,3.77495522
7/25/14,73245.11629,5921,1008530,0.154778,19691,29650,3.70135141
7/26/14,85050.95587,2326,989539,0.152236,10698,26150,3.00202074
7/27/14,19885.57444,2088,977012,0.136545,9602,28900,2.96032472
7/28/14,17834.83051,2380,879571,0.105534,17474,30000,36.95265126
7/29/14,38558.05963,2140,683397,0.125542,14599,27900,3.25615
7/30/14,223530.2483,2360,816846,0.139207,22011,29700,17.84731477
7/31/14,28776.49351,1763,909730,0.195362,48671,25550,88.86032679
8/1/14,44493.08826,2507,1283530,0.179674,25904,28950,5.17150424
8/2/14,32444.93846,2048,1183090,0.176993,10139,28800,3.76175806
8/3/14,30958.27911,2006,1170470,0.147852,17370,28500,2.67575784
8/4/14,34704.58249,2095,982191,0.135864,8996,29650,3.92891285
8/5/14,23361.24752,2115,907451,0.128016,6623,29250,2.7174004
8/6/14,225414.2345,2002,858759,0.14202,7552,29650,2.60626728
8/7/14,23257.00908,1930,956745,0.135956,9426,29950,3.19840951
8/8/14,27006.60611,2007,919763,0.142692,6352,28400,3.53455413
8/9/14,21938.65037,1693,969070,0.161883,14090,27200,2.81345531
8/10/14,23372.10035,1774,1103800,0.144132,13409,28150,2.24453393
8/11/14,45001.53447,1773,971174,0.126367,15727,28500,2.45122624
8/12/14,22683.40782,1905,868487,0.121595,11841,27150,2.86607511
8/13/14,17415.40677,1766,845167,0.116252,8663,28850,2.44532254
8/14/14,30338.40144,1894,775792,0.113391,11424,29800,2.40824554
8/15/14,28347.00455,1893,802732,0.116827,8152,26550,2.47069249
8/16/14,17509.33163,1960,808695,0.138906,23771,28350,2.10350351
8/17/14,28143.45054,1857,958873,0.104204,14815,30150,2.75121956
8/18/14,45453.09636,1935,715883,0.091987,7330,27750,3.54194393
8/19/14,13736.60325,1663,635632,0.104961,13807,29700,2.25788741
8/20/14,53146.80237,1694,725349,0.108064,8299,30050,3.09403649
8/21/14,19890.97016,1990,744483,0.123278,9893,27850,2.60515863
8/22/14,19655.9394,1834,843196,0.127346,14314,27000,2.20753537
8/23/14,100298.98,2104,878968,0.109307,30238,30550,3.29687619
8/24/14,91836.96489,1842,789731,0.122313,28627,29250,2.80002927
8/25/14,33943.9887,2019,883222,0.116919,10375,29450,3.34054184
8/26/14,20459.09061,1863,854896,0.120304,17600,28950,3.6840372
8/27/14,33074.11316,1783,880225,0.121055,6859,28400,2.92875989
8/28/14,26583.1033,1878,887869,0.118417,7511,29150,3.23721555
8/29/14,17520.96326,1744,889887,0.122558,11247,28550,3.36524443
8/30/14,14456.04867,1499,905680,0.11811,29082,26800,2.703
8/31/14,105012.16,1751,871286,0.108105,16632,28700,3.37239522
9/1/14,32206.42256,1735,804834,0.11253,13675,29500,3.77140075
9/2/14,30921.15153,1590,840855,0.11309,11284,28700,3.93624787
9/3/14,39116.18887,1755,848194,0.113888,6548,28350,3.07017567
9/4/14,27243.30043,1538,858557,0.112975,7119,29100,2.64769336
9/5/14,33800.95243,1690,854756,0.111439,4380,28450,3.04712273
9/6/14,16077.6534,1703,846180,0.11154,6690,26800,3.24672279
9/7/14,39740.8271,1651,850521,0.111279,4872,28950,1.909931
9/8/14,11838.66732,1570,850513,0.105072,4615,28450,2.36578631
9/9/14,11203.18683,1593,807306,0.104455,4701,28900,2.38602477
9/10/14,13364.33353,1616,805588,0.103826,5505,29950,2.73041482
9/11/14,22036.95267,1705,805003,0.102095,3667,29850,3.06504771
9/12/14,20079.98278,1688,793148,0.099523,5264,27950,3.49334518
9/13/14,18931.70838,1595,775921,0.099447,6783,28550,2.58847985
9/14/14,15425.24033,1562,778184,0.100928,6860,28100,3.87601673
9/15/14,57509.31566,1555,792276,0.102126,8708,28100,2.93760898
9/16/14,19887.59274,1752,804212,0.098649,4800,30100,3.09084154
9/17/14,12949.88124,1544,779340,0.097816,6887,28000,2.44407909
9/18/14,11246.3006,1700,774947,0.089561,8557,27700,3.43266639
9/19/14,21247.66269,1687,709092,0.082101,9939,28950,4.90873262
9/20/14,33042.73739,1636,647225,0.083602,7094,27050,2.27668036
9/21/14,13740.29368,1502,660287,0.081322,3983,27850,2.158
9/22/14,8954.621019,1561,643984,0.080591,3466,28650,12.19393677
9/23/14,15640.28852,1700,637730,0.088989,8021,30300,2.25354697
9/24/14,8799.766468,1697,704223,0.079289,5404,27650,3.20118934
9/25/14,9171.205969,1638,627465,0.074233,10676,29850,3.55809236
9/26/14,10073.41921,1683,606018,0.065052,9891,29200,3.4750002
9/27/14,30594.96266,1509,532241,0.064524,7821,28600,3.93139835
9/28/14,92892.08176,1664,530428,0.057433,5204,25950,2.01444
9/29/14,22190.69988,1784,473634,0.060648,3907,29200,3.13240146
9/30/14,8599.829747,1856,502929,0.060138,3244,29250,3.24415374
10/1/14,10452.69798,1666,500421,0.058472,4177,28300,2.3328108
10/2/14,8963.780594,1569,502588,0.055838,3179,27500,2.221
10/3/14,6305.124787,1634,467241,0.051103,5316,29750,1.95301
10/4/14,13359.33087,1579,429429,0.046901,4230,30000,1.60052016
10/5/14,62405.32704,1609,395086,0.040458,4915,27400,1.99982453
10/6/14,26705.52847,1532,341828,0.044601,1777,29550,1.74635149
10/7/14,6355.931238,1856,378295,0.04059,2591,26750,2.6001
10/8/14,6986.961427,1677,345173,0.043729,2386,28150,2.80661573
10/9/14,378879.7329,2660,373369,0.051937,6247,28550,30.635
10/10/14,13925.24996,1761,444374,0.053352,4619,27650,2.64850145
10/11/14,17146.87602,1840,458290,0.061467,10962,31000,2.65303011
10/12/14,18298.62934,1867,530464,0.064198,5246,28800,2.4622247
10/13/14,11706.81003,1790,553797,0.067142,2990,28050,2.81704228
10/14/14,10316.87244,1659,584288,0.061277,2617,27100,2.69478583
10/15/14,10042.87214,1711,530466,0.066718,9213,28150,3.86753809
10/16/14,14013.52947,1617,579390,0.068214,6644,27550,2.3731
10/17/14,20616.80392,1906,598159,0.07309,9527,30900,2.854
10/18/14,31892.19995,1798,648743,0.077173,9895,29000,4.0109941
10/19/14,16144.46132,1746,680534,0.075163,5421,28000,2.70290975
10/20/14,12794.59661,1785,664394,0.073727,5511,28800,2.4913847
10/21/14,12438.24283,1757,648921,0.074265,4673,28700,2.755
10/22/14,18497.79693,1673,661139,0.074733,9684,30550,2.14702
10/23/14,54346.07716,1608,667707,0.071199,4827,28850,3.22815015
10/24/14,12212.92202,1498,642656,0.063536,6421,27400,2.11512
10/25/14,31676.53104,1565,571820,0.059831,3744,27650,2.54977682
10/26/14,10182.76302,1539,540189,0.061801,3003,29400,1.61975018
10/27/14,14095.48214,1483,559500,0.063976,3581,28550,1.94302
10/28/14,6944.302161,1482,581968,0.064631,5402,28750,1.63710997
10/29/14,10376.26898,1571,587788,0.061112,4638,27250,3.4465346
10/30/14,7980.129852,1515,548732,0.061681,3303,28350,2.03023395
10/31/14,7582.726505,1603,564780,0.059501,3987,27950,2.12254401
11/1/14,18550.84589,1537,548096,0.054915,3215,29350,2.238
11/2/14,6073.087824,1619,506721,0.052286,4357,27400,1.74993442
11/3/14,7870.110794,1705,483615,0.051479,3032,28950,2.4026139
11/4/14,7632.295145,1713,477416,0.056226,8240,29300,2.33368758
11/5/14,9399.159984,1726,523767,0.0593,3331,30900,2.5041
11/6/14,6587.492478,1619,553729,0.055494,2010,28550,2.41759636
11/7/14,8511.43893,1632,519005,0.059331,7611,27850,1.98210806
11/8/14,28930.31765,1567,557019,0.05645,4226,28950,4.33318494
11/9/14,7326.282644,1539,531808,0.059086,3349,27900,2.07208852
11/10/14,9533.842626,1432,557188,0.058531,3790,29850,1.88301
11/11/14,10500.32103,1491,550532,0.055124,3516,28300,3.0109952
11/12/14,9533.150717,1515,524622,0.058031,7107,28200,2.25130023
11/13/14,15997.31099,1657,556049,0.067342,10678,27150,2.16063083
11/14/14,14764.96347,2093,646968,0.067768,14435,31000,2.91550419
11/15/14,23966.9443,2112,653278,0.059096,8191,29050,4.23928636
11/16/14,28035.03107,1665,566687,0.057991,4651,27900,2.55140087
11/17/14,46531.4032,1670,560499,0.055372,7095,29250,2.215
11/18/14,9111.821399,1527,536565,0.052041,3126,28150,2.37369326
11/19/14,7599.833243,1514,503959,0.051912,5426,27300,1.78
11/20/14,15439.05128,1607,505154,0.056687,12092,29400,2.26903
11/21/14,11889.58878,1575,553695,0.049665,2847,27750,1.795
11/22/14,21706.10904,1576,487600,0.047271,3349,30150,2.369395931
11/23/14,5968.054577,1366,464771,0.0487,3364,28850,1.487
11/24/14,8241.528856,1404,478803,0.049295,3598,29050,1.69004482
11/25/14,4775.928117,1517,487201,0.05135,5789,28250,1.62004666
11/26/14,9990.167672,1334,509875,0.051861,9045,29000,1.69509761
11/27/14,13628.3523,1419,518303,0.051826,7056,28150,1.52622314
11/28/14,13677.23302,1458,516279,0.048615,6648,29550,3.09317296
11/29/14,6806.655127,1547,485555,0.050466,5063,28450,1.601
11/30/14,15594.72567,1415,505898,0.051378,5912,26100,1.80724226
12/1/14,5295.833562,1552,516873,0.049385,3437,30800,2.239
12/2/14,8292.807103,1337,500136,0.050024,2571,28050,1.29545701
12/3/14,10222.8339,1362,506351,0.049332,10317,29250,1.296
12/4/14,7248.288054,1478,501172,0.064622,38139,28400,2.2230002
12/5/14,19339.5142,1699,654956,0.056829,35543,29950,2.45422408
12/6/14,51569.22137,1539,579800,0.052597,14536,34900,3.24312002
12/7/14,8272.242472,1092,538778,0.052211,4206,26750,1.51333202
12/8/14,4676.337931,1114,536844,0.04997,7452,29800,1.37710002
12/9/14,7816.635428,1119,515987,0.047928,5875,30750,1.4581
12/10/14,6985.248455,1114,494515,0.050682,5561,25450,1.4002029
12/11/14,6220.759517,1034,519312,0.052838,6548,30650,1.74700414
12/12/14,14407.5405,1357,485903,0.047196,12565,29800,1.89340736
12/13/14,8382.024375,1247,495418,0.047102,5149,30000,1.4011
12/14/14,9304.357792,1084,487512,0.045498,9326,46100,1.53636263
12/15/14,5961.625038,1608,484589,0.041463,4771,32550,1.6611946
12/16/14,4757.972968,1126,432248,0.037853,5292,28550,1.43456125
12/17/14,5604.555913,1280,395549,0.032027,5670,30400,7.99806581
12/18/14,4410.347843,1068,334328,0.027348,2809,26400,1.299
12/19/14,2644.711744,1015,284651,0.027436,2191,27500,1.174
12/20/14,2118.629537,1155,285486,0.028261,1509,29700,2.89158328
12/21/14,1780.821213,802,293925,0.023297,2527,27700,0.7994
12/22/14,4113.049463,1044,242744,0.022282,3152,30000,1.2835
12/23/14,3391.160827,934,231959,0.024092,1446,29350,1.003505
12/24/14,2754.835083,805,250784,0.022365,1592,25450,1.4063144
12/25/14,2346.393572,915,232697,0.022582,1574,30650,0.99281939
12/26/14,2231.2039,876,235229,0.023735,948,27700,1.02800001
12/27/14,2238.866684,865,246926,0.022209,1701,29300,0.85833657
12/28/14,3308.015031,895,236199,0.022887,1583,30050,3.86814557
12/29/14,2745.923605,1012,238639,0.023203,3912,29000,0.87341434
12/30/14,4292.952386,1168,241708,0.024743,4438,28400,1.594
12/31/14,9436.92252,1218,259735,0.021094,15723,28900,1.9597984
1/1/15,10883.37425,1221,219810,0.019111,2319,27800,1.3341
1/2/15,2577.617432,1156,198889,0.020452,2596,26850,1.37400001
1/3/15,2354.227064,1155,212607,0.016894,1971,28800,2.04703256
1/4/15,2633.231288,1082,175904,0.015268,3441,28350,1.18800001
1/5/15,2551.253603,1176,159483,0.015847,2231,31350,1.60668468
1/6/15,2657.464516,1190,165091,0.016607,1812,28300,2.291
1/7/15,3538.034865,1187,172886,0.017,3901,27050,4.05902
1/8/15,2578.51637,1163,176950,0.015848,955,29950,1.95600001
1/9/15,3887.377747,1211,164066,0.016639,1540,27300,4.91200001
1/10/15,2150.595502,1253,173254,0.014691,1122,28400,1.7057479
1/11/15,1830.319607,1118,152894,0.014495,1958,29650,1.68246499
1/12/15,2335.516336,1160,151138,0.013425,2069,28100,4.316105
1/13/15,1979.695874,1094,136622,0.011001,3478,27750,2.025
1/14/15,1604.717636,1129,113666,0.008996,1261,28950,3.484005
1/15/15,2359.490228,1132,93064,0.011495,1862,29750,2.38340001
1/16/15,2149.317167,1088,119241,0.010533,1225,25950,1.39800501
1/17/15,1411.517069,1136,109535,0.009949,665,29400,1.3971
1/18/15,1411.460411,1041,103970,0.010327,492,28550,2.10600002
1/19/15,967.4941251,1111,108098,0.01009,553,30200,3.69192477
1/20/15,842.7658864,1066,104460,0.009511,648,27900,1.56250001
1/21/15,1414.698846,1103,98148,0.011261,1428,28200,1.3245
1/22/15,1120.359172,1103,116881,0.011329,1394,29750,1.21220001
1/23/15,1364.341981,1088,118002,0.010163,1350,27850,5.20729975
1/24/15,1871.759392,1122,105776,0.011867,1140,27350,1.44
1/25/15,1193.800284,1094,123557,0.011301,673,27900,1.57022
1/26/15,1139.584402,1131,117387,0.011121,1132,29900,1.53867845
1/27/15,1399.38714,1240,115652,0.011293,541,29300,1.41684571
1/28/15,756.1962447,886,117552,0.009931,411,26200,0.69510002
1/29/15,1307.096265,821,103199,0.010784,1475,31950,0.8391
1/30/15,1120.608804,692,111935,0.010958,2399,27900,0.81910001
1/31/15,1378.593492,776,114109,0.011093,553,28800,0.866
2/1/15,1184.698206,1494,115219,0.012769,4379,27550,1.446
2/2/15,3031.787414,823,151489,0.012262,1747,28650,2.77600001
2/3/15,2876.245902,778,145988,0.013902,2992,30200,0.91402182
2/4/15,8346.068686,788,166185,0.020063,13615,28700,1.0970001
2/5/15,4916.624048,1238,240331,0.015761,5797,31200,2.84430785
2/6/15,87237.78691,1213,190024,0.013378,1824,27650,1.75678488
2/7/15,1678.852479,949,160981,0.014575,1228,26900,1.36900001
2/8/15,1175.242268,972,177319,0.014192,1137,27950,1.211
2/9/15,2362.416179,1121,171670,0.014142,1019,29800,1.35200001
2/10/15,2641.75146,989,172796,0.015018,1027,28800,1.31200039
2/11/15,1983.452499,1058,182251,0.014404,767,27850,2.70900053
2/12/15,1522.476783,1026,175502,0.014866,556,28000,2.3550004
2/13/15,1583.616097,1062,181568,0.015807,468,28200,1.0610004
2/14/15,1411.836315,1086,193331,0.01669,900,30050,1.07700014
2/15/15,2123.776403,1001,204322,0.014588,1477,27300,0.90700039
2/16/15,2061.793409,1024,180133,0.015311,561,29300,1.18600277
2/17/15,1259.232558,1053,188710,0.015606,808,29400,1.25237989
2/18/15,1161.053832,980,192990,0.015413,699,26950,0.95400001
2/19/15,1308.229391,935,190967,0.016526,387,28200,1.14800001
2/20/15,1363.211867,956,204584,0.018001,240,27050,1.28200001
2/21/15,1393.407453,1084,223515,0.017734,289,30100,1.34410559
2/22/15,1015.765106,977,221125,0.016296,381,29500,0.84500001
2/23/15,2622.014245,978,203436,0.016001,489,28500,1.19500001
2/24/15,1185.570014,1101,200400,0.015574,892,28400,0.96600704
2/25/15,1168.361989,996,195338,0.017068,248,27400,1.03
2/26/15,1745.024961,1135,214756,0.015261,634,30450,1.15702004
2/27/15,1479.723111,1082,192254,0.015873,749,29350,1.21400001
2/28/15,1117.191662,999,199347,0.014554,1670,27000,1.291
3/1/15,2494.775512,1096,184293,0.013725,1212,29900,1.265
3/2/15,2624.453622,1088,174072,0.015076,702,28850,1.52606225
3/3/15,1943.552568,1083,191827,0.015471,685,29100,1.021
3/4/15,1227.203749,1107,196735,0.014738,611,27450,1.208
3/5/15,2239.475772,1084,188017,0.017387,258,28000,4.092
3/6/15,1275.111346,1170,222811,0.014452,615,29700,1.19500002
3/7/15,1699.654252,1066,185550,0.015835,396,28150,1.059
3/8/15,978.1065833,1051,203996,0.013137,209,30700,1.20800001
3/9/15,1199.021569,935,169379,0.013115,726,29450,2.658
3/10/15,1476.376893,1021,169321,0.012904,994,27850,1.335
3/11/15,932.9818897,986,167137,0.012183,827,28950,1.732
3/12/15,1682.908127,940,158047,0.011759,756,27100,1.24700001
3/13/15,952.1799508,1004,152796,0.011506,602,31050,1.08100002
3/14/15,3533.389028,916,149307,0.011312,728,24300,0.995
3/15/15,2514.458163,832,147124,0.011383,867,29850,0.68203395
3/16/15,3336.848109,957,147311,0.01094,418,31150,1.024
3/17/15,2281.353617,930,142485,0.011622,178,28000,1.11100766
3/18/15,1563.814875,956,152856,0.010348,329,28200,0.94000001
3/19/15,1864.455528,966,136816,0.010578,1547,29800,1.08100001
3/20/15,1592.480165,822,139845,0.010495,233,30600,0.82302002
3/21/15,809.5080005,682,138323,0.010831,594,32050,0.92201
3/22/15,790.0639934,455,143097,0.01091,384,29200,0.48700801
3/23/15,2416.462984,774,144473,0.010826,679,28500,0.85104001
3/24/15,866.289736,798,144362,0.010163,664,30850,1.51166666
3/25/15,936.9547519,796,134984,0.010129,724,29000,0.91600001
3/26/15,1149.520151,369,134298,0.010256,860,27500,0.36200001
3/27/15,612.0602755,357,135912,0.010271,438,27950,0.3919
3/28/15,948.9768228,328,136091,0.010064,339,31200,0.493
3/29/15,654.7686682,260,135512,0.009679,356,28450,0.48688262
3/30/15,1410.714714,478,130416,0.01153,1896,30500,0.63500001
3/31/15,1279.204336,608,155903,0.010447,817,26550,0.79200101
4/1/15,1067.281525,631,141383,0.01012,470,27750,0.88
4/2/15,756.4548304,582,136902,0.01045,692,29200,1.59550001
4/3/15,1434.097354,596,142321,0.010341,274,27800,0.66810001
4/4/15,623.4515585,629,141118,0.010396,210,29700,0.553
4/5/15,615.6986169,608,142079,0.010428,398,27600,0.701
4/6/15,1282.927626,589,142969,0.010113,405,28150,1.552
4/7/15,696.3471446,625,138838,0.010169,1036,27700,1.334
4/8/15,684.8522285,653,139566,0.009908,236,30000,0.794
4/9/15,570.5561516,617,136510,0.010314,468,26500,0.679
4/10/15,761.4996284,627,142461,0.009625,284,29300,0.66300004
4/11/15,816.5974986,615,133340,0.009386,278,26750,1.55733333
4/12/15,829.9828974,621,130162,0.009192,320,30350,0.668
4/13/15,635.8740864,585,127826,0.008673,281,28200,0.781
4/14/15,694.5898859,621,120479,0.008378,569,30050,0.7211
4/15/15,557.7834708,626,116607,0.008342,254,28600,0.818
4/16/15,459.5311732,552,116200,0.008861,323,29250,0.75100001
4/17/15,517.6224117,563,123317,0.008725,381,29350,0.66400001
4/18/15,675.2634257,603,121403,0.008756,1062,29000,0.655
4/19/15,953.4556911,554,121847,0.008477,736,29150,0.8373
4/20/15,537.1285143,569,117982,0.008994,783,29300,0.5215
4/21/15,3225.840282,570,124923,0.008814,856,29950,1.1133
4/22/15,2039.249776,577,123118,0.008946,631,29700,1.1681659
4/23/15,693.0920015,557,124667,0.008774,1258,29850,0.665
4/24/15,931.4723112,531,122222,0.008992,591,28450,0.632
4/25/15,704.4076651,519,128024,0.007745,1426,27400,0.7648
4/26/15,1069.480427,454,113138,0.007182,897,27050,6.3017
4/27/15,2356.618305,462,102934,0.007575,659,27900,0.58537941
4/28/15,521.1388966,515,107871,0.007021,585,28300,2.2073
4/29/15,1843.33397,244,99985,0.007246,650,28900,0.43913067
4/30/15,698.4630643,241,103838,0.007115,410,29850,0.4826
5/1/15,572.3060213,229,102685,0.007079,289,29150,0.6292
5/2/15,568.0524631,504,102253,0.006553,303,28000,0.9261
5/3/15,514.5303994,480,94836,0.007157,131,28550,0.6062
5/4/15,532.0699123,486,103850,0.00635,350,27550,0.50478621
5/5/15,963.9034205,553,91960,0.006292,378,29950,0.7483
5/6/15,1027.269695,532,92130,0.00657,1434,28700,1.3001
5/7/15,2632.076806,559,96026,0.006764,356,29300,0.7681
5/8/15,786.4157032,524,98959,0.006679,284,26300,0.6483
5/9/15,389.5723611,541,97806,0.006666,231,29300,0.54167405
5/10/15,447.6504052,509,97779,0.006851,129,28850,0.6534
5/11/15,1175.178524,524,100636,0.007441,621,29100,0.6001
5/12/15,740.8597871,565,109742,0.008334,1615,29450,0.7601
5/13/15,1782.945832,593,123104,0.00956,2017,27350,1.3666
5/14/15,1963.006835,552,141345,0.011344,4415,30500,0.75921035
5/15/15,7522.451286,568,168112,0.012612,7058,28150,0.6754
5/16/15,9635.260931,622,185656,0.012553,4493,29200,246.2890176
5/17/15,3954.690745,612,186197,0.011685,2051,27600,2.29120066
5/18/15,1598.97065,490,174210,0.014173,5284,28350,0.67745646
5/19/15,54090.07441,699,211819,0.023169,33510,29850,1.25414701
5/20/15,35100.55458,849,353621,0.020975,9215,30300,2.34960001
5/21/15,15368.40543,604,314312,0.033521,34902,29450,1.0866
5/22/15,85775.17361,683,496856,0.046133,39662,31100,3.2885
5/23/15,299166.6948,625,666597,0.080925,61309,31150,4.64706
5/24/15,290546.9153,1020,1212180,0.081015,21059,31500,15.54141591
5/25/15,50469.20261,727,1225310,0.065801,23475,30350,4.70735148
5/26/15,48273.08407,696,997006,0.088331,32802,28050,1.1871259
5/27/15,621658.8199,825,1340030,0.145163,108360,27800,4.1144293
5/28/15,729072.4725,1156,2249330,0.135211,50688,31250,7.01422231
5/29/15,301716.6474,903,2060020,0.143423,26203,25250,4.08276732
5/30/15,151455.5495,869,2182680,0.14029,23373,32250,2.71321372
5/31/15,26984.62454,760,2144910,0.094934,14663,30600,1.093
6/1/15,23746.26249,752,1456240,0.102972,19776,28050,0.82055918
6/2/15,194230.7628,747,1656560,0.111416,10436,28650,1.22110003
6/3/15,119055.3657,711,1714020,0.10793,9027,31000,2.53356977
6/4/15,20040.70254,567,1664320,0.110763,9179,30450,0.93682527
6/5/15,38751.84621,622,1681700,0.17929,83282,29200,0.8859
6/6/15,942885.1698,1004,2796310,0.173012,35748,31550,1.77833376
6/7/15,40194.87944,400,2676670,0.171452,37295,28950,0.9750797
6/8/15,697210.2203,635,2658860,0.238152,150030,29350,0.9099358
6/9/15,1812704.006,1219,3708400,0.279125,69579,29750,5.68788237
6/10/15,784350.7343,847,4357150,0.414246,164592,30500,5.15956856
6/11/15,466570.1597,1115,6425440,0.321532,804734,29200,15.37974509
6/12/15,1449060.717,1425,5032100,0.21713,358878,31000,23.62986037
6/13/15,122116.9304,1029,3403940,0.193418,155138,26200,4.13436932
6/14/15,62291.158,920,2995970,0.158661,204266,27550,29.3073685
6/15/15,115765.9075,781,2493390,0.157452,56645,27450,1.27431909
6/16/15,86371.0272,696,2489550,0.161056,62888,27400,2.82615663
6/17/15,304093.4001,688,2538480,0.159786,50661,30450,1.05924305
6/18/15,407225.836,630,2530200,0.251232,252165,31250,0.81398983
6/19/15,104393.1259,749,3985030,0.209763,60359,29700,1.71180979
6/20/15,94328.48548,645,3342670,0.199731,36472,29350,0.78470174
6/21/15,33435.05059,552,3190340,0.204805,35519,26500,1.4422
6/22/15,40089.28908,593,3265330,0.208039,28876,30150,1.7728563
6/23/15,39307.32632,600,3321760,0.198124,38053,29800,1.12927861
6/24/15,49241.80295,637,3169450,0.169571,58759,30400,1.74805323
6/25/15,51533.52264,596,2709790,0.181009,21526,25250,0.96616134
6/26/15,28413.38479,551,2906830,0.164356,64951,29450,2.07253044
6/27/15,798113.3156,669,2643920,0.164884,19800,28950,2.22520001
6/28/15,18520.66619,507,2652750,0.148001,47644,27200,0.83908452
6/29/15,30111.77363,606,2381280,0.149204,40934,27750,1.11860001
6/30/15,26294.20998,633,2405030,0.122732,227228,28950,0.79048134
7/1/15,1736955.232,707,1984310,0.097766,118993,28850,1.23823463
7/2/15,85264.92008,613,1584850,0.098034,38925,28800,0.82346349
7/3/15,18383.83453,540,1589810,0.098948,18313,27450,0.72381866
7/4/15,14372.57193,506,1611360,0.097326,8594,27350,0.733
7/5/15,12205.97947,483,1587130,0.09623,12325,27650,0.83700006
7/6/15,13397.1533,515,1571410,0.094135,26829,30550,1.7257
7/7/15,16745.27531,555,1540810,0.093249,46545,28500,0.82270426
7/8/15,15093.4285,475,1529090,0.088061,20862,31300,0.8675
7/9/15,19024.6808,467,1447880,0.098241,115440,29700,0.83290002
7/10/15,30989.42641,523,1616240,0.102264,161871,25050,0.9397
7/11/15,806441.1751,532,1685620,0.097577,17783,31100,0.6873
7/12/15,13623.77897,505,1611440,0.098998,24149,28200,0.6595017
7/13/15,21466.73035,558,1636740,0.096087,16030,28200,0.68750691
7/14/15,13573.35167,545,1590950,0.095963,13002,24850,1.01
7/15/15,12802.75342,570,1611880,0.089464,23033,30450,0.93417355
7/16/15,20875.75154,557,1487010,0.083265,22888,31350,0.628
7/17/15,9586.95905,569,1386980,0.070394,20640,28650,3.9374
7/18/15,22664.16467,537,1166740,0.073348,9606,28950,1.13684342
7/19/15,14014.88525,508,1226440,0.071423,16761,29150,0.64007876
7/20/15,21468.59338,518,1196390,0.069289,11865,31300,0.80416277
7/21/15,18441.44452,490,1163140,0.076644,27920,27850,0.6768
7/22/15,14775.97674,476,1288690,0.077621,14135,28200,4.3033
7/23/15,15957.11692,529,1298700,0.084021,29990,28500,0.80645908
7/24/15,21499.47789,517,1416810,0.080211,12820,28850,0.6583
7/25/15,20586.16639,466,1354710,0.077298,10011,30400,0.5871
7/26/15,15853.75266,437,1307150,0.076931,5775,27900,0.5232
7/27/15,14952.73057,477,1304020,0.074808,3917,29500,0.6434
7/28/15,10642.1161,515,1270050,0.071958,10129,27900,0.67556661
7/29/15,16832.31166,537,1223810,0.069739,5650,30350,0.5803
7/30/15,14894.76024,527,1188010,0.070346,8750,29250,0.9156
7/31/15,7525.085513,466,1209200,0.064,4531,27050,0.4654
8/1/15,12223.74019,460,1093850,0.067346,18099,27350,0.781
8/2/15,24034.12995,378,1152200,0.065846,4944,27750,0.8242
8/3/15,13383.31491,331,1128800,0.079877,15512,27300,0.459
8/4/15,20976.26595,545,1371610,0.077721,10705,29550,0.6944
8/5/15,20961.45756,517,1336830,0.069752,8630,28450,0.6827
8/6/15,18527.68411,431,1202060,0.065151,5731,28900,0.5120184
8/7/15,14473.82853,440,1137430,0.061758,5086,26200,0.64512843
8/8/15,15087.07943,423,1065240,0.062817,6308,25800,0.559
8/9/15,16152.10292,491,1089020,0.06283,3444,31150,0.6605
8/10/15,38132.33076,400,1067870,0.062979,9564,30150,0.6605
8/11/15,33186.73899,487,1137930,0.062797,2458,25900,0.688
8/12/15,34498.83568,819,1092480,0.061266,2453,31850,0.8062
8/13/15,16559.69393,1020,1068060,0.056225,9185,32800,1.0734
8/14/15,11956.20047,927,989776,0.059282,8447,30550,1.2976
8/15/15,5553.695451,831,1037190,0.060899,9534,26300,0.89797948
8/16/15,4280.621129,930,1066900,0.06139,4234,27500,0.98138583
8/17/15,4858.248575,1058,1080800,0.059789,4258,32000,1.0914
8/18/15,2682.824793,796,1051260,0.055427,5883,29000,0.81534917
8/19/15,3437.629171,963,973912,0.047683,35601,29900,1.04027167
8/20/15,10177.17197,984,841171,0.051126,8117,27500,0.9635
8/21/15,9594.461441,811,902979,0.058405,18728,30250,0.8529733
8/22/15,6795.024805,742,1033570,0.055943,15845,25450,1.39775179
8/23/15,5995.177326,790,991605,0.053604,2381,31600,1.2554
8/24/15,3035.087954,532,951381,0.048577,4445,29450,0.8099
8/25/15,3469.128611,479,862870,0.047084,4733,30200,0.70810434
8/26/15,3292.524663,444,838612,0.046785,3468,28650,0.49450002
8/27/15,1959.7929,407,835129,0.047062,3762,28450,0.5471
8/28/15,2349.883176,403,841177,0.042304,15409,30050,0.48320007
8/29/15,8281.545267,364,756998,0.06272,196894,27100,2.39620007
8/30/15,49859.31646,478,1124310,0.092394,290303,27950,1.95996836
8/31/15,30285.21067,565,1659350,0.075582,341878,30650,3.14968388
9/1/15,27756.99174,549,1359640,0.071648,10071,29200,0.77953644
9/2/15,12895.33256,471,1291310,0.071364,119497,29650,0.5901
9/3/15,11444.15123,467,1287840,0.078869,88373,29250,0.7037
9/4/15,12159.26299,630,1425880,0.072775,5599,32050,0.8268
9/5/15,6144.176084,633,1325200,0.081677,137766,27950,0.8296
9/6/15,13502.97756,649,1481550,0.075518,47350,30550,0.84555697
9/7/15,7056.142981,613,1372020,0.065944,114328,27250,0.6981
9/8/15,17559.02579,725,1200280,0.063642,23429,27300,1.9772
9/9/15,13107.77433,615,1158770,0.067738,75921,27350,0.66889432
9/10/15,13106.38884,669,1235820,0.059525,39770,29600,0.7033
9/11/15,12037.99972,527,1087540,0.059632,4889,25800,0.5503
9/12/15,17006.71774,555,1091360,0.057118,16229,29550,0.472
9/13/15,13031.87399,571,1047320,0.052979,11368,30950,0.6571
9/14/15,10730.70772,609,972400,0.051867,13832,28400,1.007986
9/15/15,5161.549309,453,953687,0.054814,5548,27700,1.10556
9/16/15,2550.328867,547,1009450,0.052629,10028,27350,0.5476
9/17/15,4481.548673,542,970886,0.050043,3184,30300,0.7184
9/18/15,4007.807345,545,926368,0.049202,8275,29450,0.6593
9/19/15,17159.84496,600,909788,0.049131,4207,29950,0.7603
9/20/15,8700.957369,539,910751,0.049968,8061,27800,0.66216
9/21/15,13349.88708,529,927594,0.050691,3574,29700,1.7181304
9/22/15,9023.765834,563,939004,0.045246,31123,28200,0.69900081
9/23/15,36679.51803,597,842413,0.047589,7620,28050,0.64460001
9/24/15,8251.808219,566,879074,0.047475,4652,28650,0.7049
9/25/15,1390.787848,542,886702,0.046636,5175,27450,0.5841
9/26/15,6763.45038,527,874632,0.046272,2677,28400,0.67339
9/27/15,12359.33634,497,863923,0.045586,4104,29750,0.4532
9/28/15,3844.704596,486,855229,0.044942,1876,26250,0.56018
9/29/15,2577.128729,554,840204,0.04435,3580,26100,0.64880996
9/30/15,2794.985863,603,834841,0.042791,4231,28600,0.755
10/1/15,2670.655407,569,806335,0.04263,3476,28550,0.6424
10/2/15,1944.4895,629,804570,0.043403,2263,28900,0.63059478
10/3/15,1791.859325,651,819990,0.043029,10650,30000,1.04103953
10/4/15,16895.56723,495,814936,0.041235,5684,28850,0.74002462
10/5/15,2436.266633,638,782078,0.037949,3235,27100,0.9016
10/6/15,3181.515134,585,720953,0.038023,6007,30100,1.76793495
10/7/15,2846.388793,618,721180,0.033875,7889,29000,1.69502328
10/8/15,11070.3363,626,640032,0.03587,20595,26400,2.0666
10/9/15,2544.701654,587,684112,0.033026,4059,28200,0.5542
10/10/15,3723.006267,681,630858,0.033653,2565,30100,0.8157
10/11/15,2401.820773,589,643868,0.036489,7667,28700,0.9158
10/12/15,8814.663052,616,698991,0.038185,6366,28850,0.7005
10/13/15,10197.47694,573,732070,0.034898,4955,29200,0.8632
10/14/15,2848.392294,536,670882,0.035571,5241,27000,0.71659074
10/15/15,6911.938457,609,684673,0.034977,4741,28750,0.8395
10/16/15,8075.290418,686,674000,0.03449,3150,30800,0.8952
10/17/15,2064.162389,681,666116,0.033419,2995,27000,1.0287
10/18/15,2958.027088,657,645374,0.033301,3613,28500,0.9698
10/19/15,1999.822406,631,644721,0.031962,2715,29200,0.8432
10/20/15,3456.057195,691,619716,0.032085,3112,29100,0.91050201
10/21/15,4861.946898,799,624025,0.032424,3349,30350,1.0202
10/22/15,4685.51236,697,633559,0.033393,5786,26300,1.2077
10/23/15,1950.578343,720,650617,0.030796,3742,29150,0.7567
10/24/15,2320.915843,721,600726,0.029603,4032,30900,0.901
10/25/15,3403.426211,659,577953,0.029842,6695,26300,0.8598
10/26/15,4826.262977,854,584379,0.028337,3731,30700,1.5524
10/27/15,3318.246281,889,555288,0.028485,7054,31200,1.1638
10/28/15,22209.51917,736,558885,0.029862,7054,28300,0.80738305
10/29/15,3831.945804,687,586645,0.033722,22461,25000,0.7783
10/30/15,6021.440602,771,663609,0.034255,19589,32100,1.12767607
10/31/15,8047.18324,739,675198,0.035284,5017,28850,0.9947
11/1/15,4846.051176,690,676261,0.032936,2678,28000,0.71110965
11/2/15,8342.526612,710,650891,0.035752,5563,27950,0.79431382
11/3/15,2403.175136,674,729495,0.035564,20575,28000,0.77930006
11/4/15,5655.979008,688,705373,0.03539,22281,29600,0.76090001
11/5/15,8049.171569,691,705259,0.034082,6157,29050,1.1196
11/6/15,4997.958861,662,678025,0.03343,3006,27050,0.8636
11/7/15,4535.38205,746,666260,0.0336,2325,31000,1.2137
11/8/15,6443.418682,680,669704,0.031592,1407,29500,0.5684
11/9/15,5999.086384,637,631627,0.030835,4384,28300,0.6833
11/10/15,3121.049173,677,616166,0.028764,5592,28200,0.73574706
11/11/15,5126.755395,623,576130,0.02866,3927,27000,0.7341
11/12/15,6833.863174,642,574825,0.026875,21550,27500,0.9058
11/13/15,15006.8424,689,539549,0.025437,14630,29200,0.76758211
11/14/15,15128.5976,694,511676,0.025387,1393,29600,0.6896
11/15/15,4450.225465,678,511357,0.02277,11559,29450,0.94545351
11/16/15,12922.33013,678,458958,0.023852,3408,25550,0.7021
11/17/15,3622.000547,677,481589,0.024106,4129,27800,0.6707
11/18/15,7904.194063,802,487494,0.022262,10791,30400,0.77636899
11/19/15,24135.17236,687,450253,0.023793,4330,26300,0.9359
11/20/15,6493.861047,822,482510,0.023893,2610,28800,1.2508
11/21/15,8897.050677,809,485599,0.022466,13601,31550,0.7054
11/22/15,8092.554537,727,456068,0.021984,3803,29200,0.68686427
11/23/15,7349.061601,658,448003,0.021268,5339,27100,1.5726
11/24/15,13726.24494,740,433752,0.021459,5750,27350,1.5412
11/25/15,5768.109598,688,438294,0.02167,3043,29750,0.75018143
11/26/15,7959.789819,690,443014,0.02241,3686,28700,0.8324
11/27/15,8767.656465,651,457735,0.02184,2134,26150,0.79172267
11/28/15,6206.130063,637,446149,0.021368,2314,28700,0.63944201
11/29/15,7420.184586,641,439642,0.022446,3663,31500,0.79422375
11/30/15,10749.2043,645,462224,0.02041,25700,30000,0.99740832
12/1/15,41081.90464,715,420315,0.019495,2247,27800,0.9762117
12/2/15,4910.394207,669,401513,0.019795,2513,27100,0.8705
12/3/15,4873.495885,762,409548,0.02031,2713,28650,0.76324485
12/4/15,6938.291651,760,420006,0.020258,1025,30800,0.82733272
12/5/15,6688.214379,696,420116,0.020591,1300,26950,0.99212333
12/6/15,8263.821519,689,426651,0.02801,3688,30700,0.89380213
12/7/15,11375.32488,723,577882,0.021184,4226,28150,0.87968775
12/8/15,6255.717475,791,440515,0.023022,2504,31200,0.79653396
12/9/15,3055.739929,688,481430,0.023798,16416,26700,0.71164616
12/10/15,8210.673269,779,496407,0.022452,5523,31200,1.38235051
12/11/15,3459.617563,636,468800,0.029893,13671,26050,0.6463
12/12/15,12638.00071,830,602302,0.029249,11581,31450,2.14278311
12/13/15,6761.698387,728,611287,0.024565,19784,30200,1.11720386
12/14/15,20394.15062,703,514933,0.025392,11192,29450,0.72389698
12/15/15,7889.388246,773,533217,0.025736,7145,29350,0.88971288
12/16/15,7275.072535,740,541855,0.023801,7999,26950,0.68067042
12/17/15,4485.407172,768,495880,0.02408,6576,27850,0.68587796
12/18/15,6766.790261,717,505061,0.023064,5070,29900,1.161
12/19/15,6253.070302,732,486967,0.025209,2035,27900,0.5787
12/20/15,3867.299899,754,535076,0.022231,3368,27950,0.7678
12/21/15,3540.432686,789,470902,0.02038,6407,30200,0.7538
12/22/15,35065.68877,770,432635,0.020675,3593,27050,0.7705
12/23/15,2025.959449,728,438655,0.020272,4058,27650,0.7736
12/24/15,2197.282053,747,431238,0.021063,1307,32100,1.0007
12/25/15,1234.212994,651,433178,0.020662,2635,26650,0.7844
12/26/15,1949.633659,695,445207,0.021455,3116,28200,0.6773
12/27/15,1836.58819,693,436275,0.022086,3495,28550,0.9816
12/28/15,2073.386429,755,472650,0.02151,1921,29750,0.6966
12/29/15,1693.050095,731,462195,0.020821,1799,28650,0.7114
12/30/15,1407.171132,728,446815,0.020915,1697,30750,1.6564
12/31/15,964.3293096,681,449071,0.02228,2504,26200,0.6376
1/1/16,1521.091915,755,478776,0.021256,1517,27500,0.8614
1/2/16,1504.455264,780,459765,0.020426,1973,30200,0.7771
1/3/16,1621.508698,744,440335,0.02252,2011,27450,0.7578
1/4/16,1645.168072,788,483257,0.021428,3130,28600,1.04402107
1/5/16,1645.854039,765,458423,0.019977,1972,28000,0.9828
1/6/16,1173.665697,804,429652,0.018325,5973,26900,1.1295
1/7/16,5187.543496,822,396202,0.018651,1546,27800,0.7198
1/8/16,1244.877555,798,404478,0.018167,5882,30550,1.1254
1/9/16,2343.124792,731,394790,0.019597,2800,28000,1.4616
1/10/16,1717.341144,761,426113,0.019321,1653,28900,0.976
1/11/16,1970.303189,723,421473,0.019077,1697,28950,0.9145
1/12/16,4475.199296,766,415926,0.026081,7613,29650,0.90110096
1/13/16,6493.762524,787,549982,0.022801,8005,28450,1.08635917
1/14/16,3262.939816,782,498414,0.025679,16732,29450,0.7628
1/15/16,3290.649691,793,577830,0.020675,8897,29700,1.23773932
1/16/16,4137.699966,716,453030,0.020943,6774,26300,0.6835
1/17/16,24542.29543,769,459445,0.020131,2212,29000,1.2682
1/18/16,1195.522384,768,442152,0.020114,3595,28750,0.9107
1/19/16,2388.125163,702,443096,0.01977,1305,26050,0.7209
1/20/16,6682.227441,771,432786,0.021182,6764,31300,0.9813053
1/21/16,1538.152657,735,466598,0.020847,1951,27850,0.8485
1/22/16,2446.86239,748,461348,0.019578,5659,29200,0.69675751
1/23/16,8059.47383,708,433066,0.023474,5691,28850,0.9153
1/24/16,3315.029627,765,519818,0.022391,7505,29650,0.80981622
1/25/16,1642.460409,714,497360,0.022249,4120,28400,1.1737
1/26/16,5531.116928,772,494679,0.044365,115050,27050,0.9986
1/27/16,61833.13544,966,1017110,0.106709,583140,33400,3.21570046
1/28/16,166856.4537,1145,2419830,0.058735,221733,33900,9.9373
1/29/16,147311.7888,947,1311080,0.040988,117388,28300,1.81515233
1/30/16,18137.1774,802,914768,0.037482,32367,25900,1.91300004
1/31/16,9646.054456,810,837921,0.035031,32924,29750,0.6974
2/1/16,7319.476448,764,783982,0.03824,23400,26100,1.3888754
2/2/16,4521.256048,641,857904,0.038838,10497,29850,1.5197746
2/3/16,4578.081485,840,871488,0.038444,11762,29650,0.9923
2/4/16,5291.306225,819,863682,0.04361,17350,28800,0.73192067
2/5/16,9605.042947,780,981272,0.051007,21509,30850,1.1669
2/6/16,10944.57423,802,1149570,0.04354,21276,29250,1.1964
2/7/16,4203.183848,721,982206,0.040327,10600,30150,1.0734
2/8/16,6091.908525,713,910678,0.043241,10613,25100,0.607798
2/9/16,3094.295382,792,977755,0.044616,12787,30000,1.1824
2/10/16,7379.035032,790,1012120,0.043459,13792,29550,0.76593235
2/11/16,5371.983417,784,985205,0.043521,17858,25150,1.06157436
2/12/16,7565.503149,831,987798,0.04595,12217,28850,1.0366902
2/13/16,4549.228218,749,1040370,0.049903,46846,26800,1.0111
2/14/16,6595.36559,852,1139700,0.062242,142641,27050,1.0524
2/15/16,81654.63276,1135,1451180,0.061132,112345,32650,2.8102
2/16/16,44278.65238,850,1392240,0.061046,35441,28600,1.2468
2/17/16,7643.855516,801,1389790,0.053267,52604,27950,1.3495
2/18/16,11219.79085,827,1217980,0.053813,71511,26500,1.1423
2/19/16,4672.758704,897,1232160,0.05152,37449,29700,1.5091
2/20/16,7579.882123,820,1180390,0.05198,14018,27650,0.7904
2/21/16,7308.030186,784,1189860,0.050861,31881,29050,0.9118578
2/22/16,17441.25024,730,1164650,0.048277,20867,26000,0.69521083
2/23/16,7379.2943,789,1106370,0.043625,27469,30900,0.8962
2/24/16,9496.665941,747,999456,0.047857,41050,28250,0.6014
2/25/16,3721.684486,765,1053650,0.045735,18466,28500,0.7702561
2/26/16,2596.828589,710,1055330,0.044097,12592,25600,0.7266
2/27/16,4109.943348,740,1017880,0.041525,8982,28050,0.7338
2/28/16,3090.474752,666,958219,0.040481,12314,25800,0.6976
2/29/16,3421.522249,792,930919,0.040211,16096,31300,0.8025
3/1/16,13490.20851,808,928138,0.040086,17434,29800,0.8786
3/2/16,4388.686646,790,925270,0.039521,13442,28400,0.7365806
3/3/16,5886.776126,798,911608,0.039521,9787,26700,0.7908
3/4/16,3988.903408,791,912552,0.043188,12523,30000,0.7645
3/5/16,5761.788513,816,995861,0.042907,11549,30150,0.9572
3/6/16,3379.024274,798,989882,0.03918,4329,28900,0.81840066
3/7/16,2270.277114,773,904019,0.041261,9123,28750,0.6745488
3/8/16,3985.227125,777,952193,0.039996,12809,29100,1.0012
3/9/16,11387.35918,764,923015,0.041529,13211,24950,0.80470004
3/10/16,3970.546748,761,960812,0.042005,3938,26750,0.9596
3/11/16,4898.262823,805,971065,0.043649,12420,28350,0.8215
3/12/16,2105.032481,798,1007250,0.043451,6049,29300,0.7004
3/13/16,3901.916739,846,1002550,0.044856,10661,29800,1.0609
3/14/16,3410.48026,744,1035620,0.043237,6090,25800,1.2602
3/15/16,4675.737988,847,992924,0.045839,8527,30400,1.0422
3/16/16,30948.9502,808,1057930,0.045779,11112,27850,0.7585
3/17/16,23660.00507,788,1058330,0.050705,25993,31750,0.7933
3/18/16,34517.93988,828,1169620,0.057659,100212,29600,1.75506622
3/19/16,86656.68164,990,1334940,0.056964,26077,30300,0.9499
3/20/16,22191.25849,808,1310070,0.065879,78100,28000,0.92338333
3/21/16,78741.67545,868,1513400,0.065155,27218,28300,1.259751
3/22/16,50567.82985,840,1553060,0.062062,24958,27950,0.79010413
3/23/16,28911.38197,825,1427370,0.061114,19608,29250,0.8423
3/24/16,75334.41313,801,1410110,0.055699,11518,28900,1.1162064
3/25/16,7865.036821,758,1289790,0.055928,11877,28950,1.0283
3/26/16,9419.115355,768,1290420,0.055418,6580,29550,0.8458
3/27/16,71736.4084,724,1278870,0.066173,89779,28850,0.67640001
3/28/16,736220.6755,947,1516260,0.064739,27340,28550,1.10154598
3/29/16,29280.72072,785,1492480,0.060322,8945,30300,0.6975
3/30/16,16062.97412,746,1391900,0.060604,5554,26650,0.7353062
3/31/16,13324.8547,716,1398580,0.059094,5814,28150,0.7333
4/1/16,21671.25573,776,1363570,0.059001,11403,29750,0.7105
4/2/16,143224.1856,715,1361450,0.057351,2999,28800,0.6192445
4/3/16,5311.085216,341,1323610,0.060711,6941,30900,0.5953
4/4/16,7881.655263,347,1401860,0.056147,9523,25150,0.3928
4/5/16,4637.516828,327,1311820,0.056455,5101,29450,0.8691
4/6/16,5430.757861,278,1302910,0.053266,6747,30500,0.1862
4/7/16,130249.4649,265,1231290,0.054326,7566,27750,0.6838
4/8/16,3901.428486,285,1253740,0.054912,5827,29200,0.36140379
4/9/16,3705.439886,263,1267250,0.055346,4224,30600,0.2707892
4/10/16,9415.791881,257,1277300,0.055528,7667,29300,0.2805
4/11/16,9321.23584,247,1281560,0.053669,2209,28700,0.4492
4/12/16,6221.335422,254,1238540,0.050744,8483,29000,0.3574
4/13/16,8056.403327,264,1170950,0.051232,13649,29350,0.38665369
4/14/16,43313.61923,267,1182340,0.05238,19650,28950,0.23620253
4/15/16,22876.01803,286,1208810,0.052571,6860,29100,0.2522
4/16/16,11663.42819,288,1212970,0.053538,5741,28750,0.3648
4/17/16,13259.25034,277,1237550,0.059858,37798,28450,0.25745156
4/18/16,321906.5803,421,1381630,0.064508,26117,31650,0.6172086
4/19/16,356813.8637,350,1490370,0.073164,68593,30900,0.61429523
4/20/16,1638817.506,525,1676860,0.071011,45763,30000,0.84655197
4/21/16,426926.4784,420,1638750,0.069963,31166,31050,0.688992571
4/22/16,26883.39984,318,1614750,0.061544,24477,26050,0.37310743
4/23/16,21620.30278,293,1420210,0.052958,66354,29300,0.90706794
4/24/16,56389.23747,367,1222120,0.050699,36312,27850,0.75647822
4/25/16,29336.09769,301,1170220,0.04756,45040,29700,0.1792
4/26/16,57610.7216,340,1097210,0.046344,24531,27850,14.93136186
4/27/16,1583100.853,320,1069640,0.04657,22032,29800,4.13899472
4/28/16,464970.9306,311,1083440,0.045886,11965,28900,3.03022452
4/29/16,544582.9228,283,1058720,0.045793,9788,27550,1.70405989
4/30/16,3032.046479,298,1056560,0.046266,6684,31950,2.77265304
5/1/16,134417.735,236,1067660,0.045914,4628,25550,0.35855858
5/2/16,136670.5857,273,1060200,0.050688,13917,29050,1.6187027
5/3/16,81301.75919,268,1154290,0.046547,20212,29500,1.52729104
5/4/16,544256.5319,318,1074100,0.044714,5967,25800,0.6914
5/5/16,48272.50867,312,1031840,0.045264,8429,29200,1.52731986
5/6/16,4240.005049,271,1044580,0.044424,14185,29550,1.24059782
5/7/16,9682.360234,244,1025190,0.039469,18996,28450,0.8913
5/8/16,10248.61007,222,910835,0.038929,6771,28650,0.1966
5/9/16,7762.753832,248,898141,0.039386,6113,28400,0.4703
5/10/16,449715.5522,251,908883,0.038495,6096,26750,1.07133255
5/11/16,129014.4449,285,888384,0.038577,5305,29450,0.5202035
5/12/16,3175.274444,311,890129,0.03643,5900,28300,0.81468815
5/13/16,65124.98601,326,840549,0.036167,6318,29800,0.24348483
5/14/16,3342.052383,275,834590,0.033904,7004,28600,0.45979269
5/15/16,230582.4285,267,782435,0.036081,3785,25750,0.87006832
5/16/16,293451.9693,273,832652,0.037674,5790,29200,1.63068397
5/17/16,57164.49327,281,890978,0.035748,7698,26800,1.75436486
5/18/16,162924.3081,324,819916,0.035735,2411,31200,0.2535
5/19/16,54665.14196,294,824559,0.034869,3282,28650,1.19009797
5/20/16,204120.2467,267,803776,0.034605,3720,28600,0.7973
5/21/16,3432.180834,255,799001,0.034355,2038,28300,1.45171424
5/22/16,99679.37438,333,792748,0.034015,3174,27900,1.50148453
5/23/16,46100.5838,319,784846,0.031931,7706,27750,0.8415079
5/24/16,263809.8256,336,736814,0.032323,7924,28950,0.48229426
5/25/16,124094.1399,324,739909,0.031603,5161,28900,0.47158967
5/26/16,114049.1277,305,729218,0.030232,7254,28550,0.91270185
5/27/16,85639.47601,284,697406,0.032812,5441,29300,2.8105
5/28/16,120541.9276,307,756988,0.03236,5809,30100,0.4044
5/29/16,214231.7224,273,746472,0.036118,10337,29600,1.2923
5/30/16,42145.00099,296,833568,0.033909,3649,28950,0.2737
5/31/16,38492.85956,302,782241,0.033183,1918,28100,0.51059439
6/1/16,38308.16333,250,765688,0.033101,4319,24400,0.59326679
6/2/16,5984.232984,317,763387,0.031513,3941,29350,0.58821949
6/3/16,5048.11251,318,725726,0.032044,2326,29000,0.7174934
6/4/16,1879.5937,295,733235,0.032423,2461,28900,0.30756492
6/5/16,2692.402859,343,747776,0.032435,3296,29700,0.302
6/6/16,1744.300959,463,748396,0.031072,2150,28700,0.51366681
6/7/16,3159.587414,300,717165,0.030932,2754,27000,0.83150798
6/8/16,1579.279303,333,715035,0.031815,2803,28700,1.3750701
6/9/16,6335.142095,392,733805,0.032163,2801,28550,0.24700119
6/10/16,2866.503514,414,740807,0.030645,2698,31050,0.3045
6/11/16,1619.010312,444,707417,0.031621,3340,31000,0.48433393
6/12/16,2057.773869,372,730014,0.034731,8092,27900,0.3116
6/13/16,222595.3014,472,801653,0.034489,9205,30700,0.54894755
6/14/16,35081.45087,400,779421,0.034819,12675,28050,0.7285
6/15/16,102608.7731,396,803340,0.036785,10193,28900,0.78723086
6/16/16,7070.629747,379,845457,0.040444,9971,26900,0.52158626
6/17/16,6833.23347,334,934540,0.039522,24194,28050,1.02080012
6/18/16,19031.80613,416,912026,0.037929,7558,31050,0.86687779
6/19/16,8889.458974,340,875106,0.037858,4304,30200,0.19056478
6/20/16,37491.32851,381,874887,0.042163,14510,29850,0.4703
6/21/16,151014.5177,464,972736,0.037205,9519,31850,2.12452283
6/22/16,116598.8839,374,858234,0.032742,5738,28800,0.5656
6/23/16,223451.3134,345,760057,0.033403,5336,24350,0.22955675
6/24/16,1831.285354,446,770472,0.035034,6019,30300,0.20218697
6/25/16,20501.83169,427,808684,0.034578,3687,29900,0.4194
6/26/16,19124.3423,304,797940,0.032919,6588,28650,0.1813037
6/27/16,21877.14465,302,759743,0.03532,5666,29000,0.33966586
6/28/16,2251.709368,255,819099,0.035464,5337,30900,0.38947224
6/29/16,25771.81487,270,803887,0.041894,23085,27400,0.88791475
6/30/16,70699.5167,297,966826,0.042697,17510,31850,0.7505706
7/1/16,12639.28498,309,984538,0.038768,10381,30950,0.52723521
7/2/16,3996.57047,274,967627,0.039286,5510,26400,0.84924069
7/3/16,3742.429324,328,907309,0.035302,3009,31350,0.82060041
7/4/16,1891.514885,270,815646,0.041991,9479,25750,0.34628295
7/5/16,34254.72517,507,969376,0.046782,67364,29400,1.06500747
7/6/16,187529.0393,669,1082360,0.055533,118360,32450,0.84907599
7/7/16,203173.3118,765,1282050,0.041914,37118,30000,1.80693435
7/8/16,430598.3058,637,978598,0.043662,20779,26350,0.8085
7/9/16,316208.7889,621,976812,0.046423,21202,27950,1.07434856
7/10/16,8707.015539,561,1046220,0.042555,11680,28600,1.96286383
7/11/16,9040.713053,616,981540,0.040569,5259,30400,1.55246199
7/12/16,14421.1242,594,936190,0.040353,8926,28200,0.51769394
7/13/16,7486.515204,580,931164,0.043862,9469,29950,0.4139
7/14/16,13519.60927,572,999290,0.040225,4960,25500,1.82878064
7/15/16,12743.3381,723,927400,0.044544,18747,30050,0.99131
7/16/16,108081.5714,692,1016410,0.043994,11361,28850,0.48657675
7/17/16,182154.2632,710,1017690,0.042835,8095,30100,0.61850001
7/18/16,9523.299791,675,989400,0.042414,4170,29100,0.635535
7/19/16,3583.480926,444,978395,0.040708,8296,29350,0.2484
7/20/16,5022.156064,397,941975,0.04116,12745,31150,0.3623
7/21/16,22628.70639,384,958078,0.041347,4940,25600,0.79561198
7/22/16,2960.640697,387,953993,0.037017,11340,29450,0.40221189
7/23/16,9058.537651,361,854341,0.043277,12564,27300,0.7892017
7/24/16,14479.44004,379,1009000,0.039864,13958,28450,0.75222796
7/25/16,15651.68184,389,917442,0.038802,10308,29300,0.4915
7/26/16,5729.036618,222,886736,0.036702,8895,28750,0.69114937
7/27/16,5998.788354,385,847836,0.03569,8626,27650,5.99251356
7/28/16,11759.9927,292,823654,0.035418,2565,28400,1.56115016
7/29/16,3446.472811,387,817239,0.035228,2832,28500,0.52282368
7/30/16,2417.741061,391,812979,0.037388,6706,27150,0.27861344
7/31/16,5028.443711,518,855105,0.035042,5090,31700,0.80016155
8/1/16,5431.348509,488,808232,0.035403,6620,26350,0.65592535
8/2/16,6025.436155,623,816881,0.030354,13512,28400,0.83220179
8/3/16,12185.33883,628,709757,0.033165,17336,29650,0.66750386
8/4/16,20746.82665,681,763477,0.03521,6694,28300,2.81711386
8/5/16,6196.911136,693,812563,0.03369,10110,31300,0.5718
8/6/16,5788.290918,642,777840,0.034625,3389,25950,0.4832
8/7/16,5341.286716,743,799050,0.035811,2541,31150,0.95511578
8/8/16,14349.04744,680,826072,0.036867,4234,29100,0.91106842
8/9/16,4581.110992,570,850868,0.034391,4382,27800,0.70448478
8/10/16,3844.632997,642,793343,0.034091,8079,28750,2.03814129
8/11/16,12527.76758,611,784823,0.034748,5717,31150,0.6474
8/12/16,11656.48399,635,801782,0.034097,3083,29450,1.11445452
8/13/16,4587.930539,578,786752,0.034025,4592,27600,0.74250065
8/14/16,4076.229009,641,785234,0.032555,5747,28850,0.53432637
8/15/16,5267.565096,765,751154,0.033637,9305,26800,0.96538884
8/16/16,4792.06314,860,776372,0.034025,4169,31550,0.89496984
8/17/16,3901.379325,623,778177,0.032744,2930,28800,0.86941034
8/18/16,5040.28657,681,760203,0.03224,5004,28600,0.85413804
8/19/16,4379.868301,762,744497,0.032834,5245,29050,2.18819817
8/20/16,2950.349,775,757590,0.032798,3643,27100,1.1269764
8/21/16,4531.728348,812,743066,0.032907,3388,29800,1.11763013
8/22/16,4978.204393,826,751392,0.032883,7472,30000,0.740534
8/23/16,7187.549501,778,929078,0.033161,4206,29750,1.11282909
8/24/16,4056.804012,722,937758,0.031906,9970,28300,1.8517228
8/25/16,3329.839652,750,903404,0.032461,7354,28650,1.23701523
8/26/16,7232.738677,711,919902,0.032432,2988,27750,0.69087059
8/27/16,5892.520875,805,919366,0.031369,2824,30600,1.32701257
8/28/16,4525.124419,744,889648,0.031472,2245,28150,2.2439536
8/29/16,1808.129358,811,892698,0.031714,4663,26250,0.95777487
8/30/16,3013.255559,1021,899542,0.030961,3280,30050,1.34591262
8/31/16,1912.651164,804,878632,0.034168,10060,27500,1.39027535
9/1/16,4869.821916,882,960960,0.034206,12461,29200,1.00329619
9/2/16,13128.60772,893,970286,0.036566,27817,29150,2.28099211
9/3/16,28318.75579,959,1037160,0.03762,68163,31450,2.14717034
9/4/16,16933.2577,858,1069010,0.03734,7467,27750,3.43375561
9/5/16,3576.797316,765,1059430,0.034844,5836,27150,1.21958964
9/6/16,4310.505454,793,993585,0.034442,6490,30100,2.84813395
9/7/16,3048.523157,768,976989,0.035642,2972,28250,2.52056509
9/8/16,3727.606144,773,1011040,0.042235,40022,29400,1.19826405
9/9/16,8785.701116,848,1211270,0.042888,27134,30150,1.20303125
9/10/16,9173.738615,843,1216480,0.042336,16732,28700,1.91444609
9/11/16,173025.3455,600,1200750,0.040406,12294,30800,0.82375416
9/12/16,248553.5157,542,1146010,0.042415,20423,28250,1.39441202
9/13/16,108345.9156,528,1206810,0.050024,235094,29600,1.56160082
9/14/16,1567453.217,765,1445820,0.046535,41749,29850,1.95283803
9/15/16,468312.7437,603,1321420,0.039674,36514,28350,0.6102
9/16/16,200485.6075,484,1148190,0.039808,9308,25900,0.49840462
9/17/16,64809.92014,478,1153730,0.039767,7226,29650,1.1142
9/18/16,3130.772579,301,1153370,0.038268,7589,28050,0.42420001
9/19/16,2209.691843,437,1131830,0.039006,8132,27200,2.146315
9/20/16,120792.3729,347,1133900,0.037639,12431,28700,0.55489114
9/21/16,4966.575564,381,1115990,0.037247,8663,28650,1.44080389
9/22/16,5671.478691,347,1085260,0.035763,8315,28300,1.62225503
9/23/16,3750.092549,364,1040510,0.035117,4569,30350,0.69462374
9/24/16,5602.571867,338,1024400,0.036615,3467,26400,3.75012377
9/25/16,4641.477684,321,1069530,0.034575,2877,27300,1.23503865
9/26/16,2825.281383,346,1010900,0.035728,9380,28500,0.83311976
9/27/16,3008.465685,322,1045470,0.035283,6909,30450,2.02648045
9/28/16,5557.112149,294,1033670,0.03483,6031,28650,1.15915426
9/29/16,1850.252139,292,1026900,0.037135,6703,29750,0.69996742
9/30/16,4214.055127,265,1085760,0.036995,2502,30650,0.49795052
10/1/16,2536.483475,300,1087210,0.035099,5294,28600,2.2688406
10/2/16,1705.277924,211,1032380,0.034509,2174,28050,0.4572
10/3/16,1704.299471,236,1015960,0.035501,6294,29450,0.42119947
10/4/16,2971.991781,196,1046340,0.035491,10223,29900,0.34081486
10/5/16,116296.9533,265,1034500,0.03609,8818,28200,1.09524492
10/6/16,4357.258317,213,1065660,0.03579,2913,29250,0.4106
10/7/16,2776.652972,243,1061800,0.035982,5903,30800,0.23430001
10/8/16,2485.804119,235,1064760,0.037211,6448,26300,0.49577196
10/9/16,5642.325991,323,1102050,0.038135,6960,31750,0.93068957
10/10/16,3193.849112,284,1130840,0.03976,11660,29600,0.21230001
10/11/16,5495.911509,313,1175250,0.037493,23566,28450,0.3981
10/12/16,5926.278178,299,1113080,0.037902,5491,30000,0.85666845
10/13/16,7819.171623,288,1126960,0.037674,6901,27250,0.93054624
10/14/16,3588.092117,304,1121430,0.037081,7124,28400,0.37968145
10/15/16,6044.506518,266,1104820,0.036206,4748,29450,0.1971
10/16/16,9263.495723,317,1079980,0.035806,4636,29650,0.1526
10/17/16,5421.1341,322,1066000,0.035561,4581,28800,0.18132553
10/18/16,1987.012636,382,1063000,0.036124,6128,29050,0.7686
10/19/16,2592.038194,279,1080400,0.035142,6250,27450,0.22171221
10/20/16,101298.5393,323,1044950,0.034136,5465,28450,0.18470001
10/21/16,2358.694697,263,1022580,0.035032,8994,26350,0.1546
10/22/16,1455.473934,320,1045440,0.035455,13017,29350,0.267
10/23/16,8812.855109,332,1086060,0.03801,5505,29800,1.69011983
10/24/16,56777.81977,350,1146380,0.036565,4867,31400,0.8486
10/25/16,8589.225088,357,1099620,0.037241,15968,28750,0.42430001
10/26/16,7176.990028,344,1121940,0.038243,26122,31150,3.57364499
10/27/16,91867.39563,298,1152400,0.037283,18322,28250,0.5053272
10/28/16,8437.421669,298,1125400,0.035838,14477,28550,0.712
10/29/16,5742.391165,305,1082290,0.031622,20176,25350,0.28565697
10/30/16,10015.15569,349,966534,0.034843,5093,24100,2.47474012
10/31/16,2694.406441,444,1054590,0.032366,1808,33300,0.6527779
11/1/16,1307.526692,326,979931,0.031024,6053,25850,0.21019132
11/2/16,5203.219129,364,940460,0.030017,6815,28850,0.33530001
11/3/16,2615.937497,311,909725,0.030809,10047,26700,0.213
11/4/16,5367.87872,338,936016,0.029864,3381,28700,0.6678
11/5/16,2745.516154,305,907554,0.032114,8051,31050,0.61045014
11/6/16,3622.115639,363,977031,0.034453,18488,31900,0.49235201
11/7/16,3167.287194,380,1061930,0.031949,6007,31050,0.17368096
11/8/16,2694.113036,378,984653,0.031117,4558,31150,1.32386225
11/9/16,2914.824046,264,949342,0.029907,10641,27300,0.19031161
11/10/16,4857.628636,336,913516,0.029887,4062,29300,0.34320496
11/11/16,2396.114555,267,913804,0.028874,3939,28000,0.14607748
11/12/16,3065.746265,317,883514,0.029793,6605,28050,0.19942056
11/13/16,2434.31242,320,912572,0.029133,13290,30750,0.39260001
11/14/16,3609.846535,277,893169,0.029545,5509,29950,0.2413
11/15/16,2821.444198,316,907917,0.031147,8266,28350,1.15248198
11/16/16,1956.442488,302,956514,0.02969,8502,30500,0.3296
11/17/16,2735.33368,269,913981,0.028227,4446,28400,0.6249
11/18/16,2020.570656,343,867160,0.028709,4953,28550,1.5205
11/19/16,2430.250788,306,883691,0.027765,3477,26150,0.35990001
11/20/16,1698.139398,264,856234,0.026962,3376,30950,0.1425
11/21/16,2002.291621,255,832066,0.027477,3001,29650,0.1796
11/22/16,1103.775027,264,848696,0.026377,4928,28400,0.08
11/23/16,2935.750497,284,815522,0.026744,6677,26050,0.76392101
11/24/16,2162.286185,324,827671,0.027315,1824,29650,0.23520001
11/25/16,1099.175219,291,845865,0.025394,4271,26400,0.135
11/26/16,36651.26098,369,786788,0.025238,4134,29050,0.1411
11/27/16,1390.328351,314,783267,0.024458,1200,29700,0.2665
11/28/16,1094.314146,297,759706,0.023054,4298,26800,0.30640001
11/29/16,2327.416632,346,716727,0.022736,4112,27750,1.15234046
11/30/16,2393.873001,323,707465,0.023023,7211,29400,0.1477
12/1/16,1444.105914,333,717596,0.022449,3634,29000,0.3852
12/2/16,1196.402273,285,700682,0.021459,2334,26700,0.1403
12/3/16,1043.111058,327,668386,0.021068,1622,30200,0.45556068
12/4/16,2443.761396,427,658479,0.020925,1745,29750,0.6203
12/5/16,1611.556379,379,656874,0.021143,3283,26050,0.24510001
12/6/16,2151.247709,363,661554,0.022138,3435,31200,2.60787863
12/7/16,4512.692851,390,721006,0.025278,5345,31950,0.73826804
12/8/16,1687.496967,252,792269,0.026392,3527,28300,0.75997784
12/9/16,1784.013363,369,827975,0.024365,7358,28250,1.43053095
12/10/16,35719.49405,356,773030,0.023183,3215,28200,0.59440001
12/11/16,1612.8065,237,721483,0.025138,5629,26800,0.2352
12/12/16,33572.7424,374,791015,0.024414,4825,31400,0.2279
12/13/16,1548.174511,338,764502,0.025438,3764,26850,0.2404
12/14/16,1740.401511,373,801623,0.027911,10825,27550,0.47110473
12/15/16,6172.708015,548,880117,0.031109,24137,30300,0.52210001
12/16/16,59297.26063,609,980088,0.033333,6085,32300,1.44016062
12/17/16,13104.13106,451,1041390,0.028725,5250,30300,0.2758
12/18/16,5045.414649,415,905829,0.029032,3136,26000,0.5132
12/19/16,2467.117805,399,915470,0.028243,8701,30050,0.6349
12/20/16,2453.277993,425,895087,0.027787,4751,26700,0.5601
12/21/16,2113.563022,409,882656,0.027855,6143,30000,0.36570001
12/22/16,1827.351468,317,885827,0.02885,6015,27200,0.1883
12/23/16,3002.597409,431,916821,0.029214,4234,27450,0.4118
12/24/16,3813.780509,411,949292,0.033843,6976,29500,0.5027
12/25/16,2367.242242,428,1077890,0.029844,3693,30800,0.4803
12/26/16,5517.68808,342,950537,0.030623,2594,26550,0.11399861
12/27/16,1697.216325,491,977758,0.033704,16862,30000,0.1942
12/28/16,15344.61756,430,1076210,0.032158,6216,28000,0.21882
12/29/16,9829.659134,390,1024180,0.032732,7134,27950,0.19355
12/30/16,5753.513484,299,1046760,0.035203,4730,28650,0.1265
12/31/16,3619.007867,385,1127020,0.034945,2397,30300,0.1415
1/1/17,2359.110792,396,1118600,0.034231,2627,30400,0.23530001
1/2/17,3131.569441,369,1098210,0.036947,7080,27200,0.1585
1/3/17,14056.07422,382,1185960,0.037712,5530,31300,0.238347
1/4/17,6040.762055,295,1199450,0.038137,14414,27200,0.445
1/5/17,8159.470153,267,1227510,0.033922,14217,27900,0.164
1/6/17,11629.61866,330,1094480,0.030544,10637,29250,1.42438648
1/7/17,10989.36864,245,984853,0.029559,6088,26650,0.1975
1/8/17,5984.96014,394,952975,0.02952,1666,29750,0.3319
1/9/17,3804.263596,203,953837,0.029709,4871,29800,0.2011
1/10/17,2288.559215,259,959210,0.031161,3440,25800,0.54757
1/11/17,3198.641857,366,1007500,0.027955,3416,31900,0.1956
1/12/17,4845.860868,321,903793,0.028633,5778,26450,0.29590001
1/13/17,2231.919101,352,928405,0.028514,2387,28250,0.17265
1/14/17,1329.871812,402,925689,0.031958,9144,30700,0.3801
1/15/17,3126.152776,376,1035850,0.033463,3900,27800,0.39302515
1/16/17,3357.361547,421,1086800,0.03376,5403,30700,0.28950001
1/17/17,6682.281952,420,1096310,0.030506,12753,29650,0.5498
1/18/17,13226.76517,354,992988,0.031524,9471,27950,0.525
1/19/17,6237.365804,313,1031660,0.033712,15136,27550,0.805691
1/20/17,7276.354976,266,1098170,0.03335,8607,30050,0.1765
1/21/17,4577.462152,233,1087680,0.031204,7757,26000,0.1535
1/22/17,5128.976425,309,1024350,0.032666,4248,30450,0.39460001
1/23/17,3585.721357,272,1068550,0.033037,6096,29500,0.06306207
1/24/17,7816.824028,290,1072160,0.030921,5559,30950,0.3414
1/25/17,5360.782318,269,1012420,0.031362,2805,25050,0.1411
1/26/17,4086.134764,244,1030060,0.030766,6634,31500,0.0731
1/27/17,4012.987062,243,1008840,0.035593,11412,29250,0.0644
1/28/17,9513.206472,226,1168050,0.039254,91264,26150,0.1601
1/29/17,47413.7955,397,1285420,0.045117,175991,33400,0.50940394
1/30/17,112171.3307,400,1483490,0.044958,43549,29700,1.2598
1/31/17,33703.82385,310,1478940,0.04188,48947,26200,0.8614
2/1/17,19804.1941,314,1392610,0.045227,16477,28200,0.48350001
2/2/17,6773.128029,356,1482690,0.053118,100133,27450,0.1897
2/3/17,36856.36045,396,1745270,0.053806,87749,30750,0.361
2/4/17,55008.35052,531,1778760,0.047191,54847,31350,0.7672
2/5/17,13039.27386,401,1559380,0.045448,18407,27300,0.4827
2/6/17,4752.813866,446,1502080,0.045512,27631,29300,0.39657619
2/7/17,8594.576143,359,1525770,0.043689,17814,26650,0.32264959
2/8/17,7797.460412,459,1447820,0.053088,202963,27950,0.431
2/9/17,135790.1013,662,1756470,0.048624,43721,30850,0.84245421
2/10/17,15263.09891,431,1616160,0.048405,14127,27700,0.4071322
2/11/17,9053.503751,515,1608620,0.049571,21697,29900,0.32718958
2/12/17,23864.77021,453,1649210,0.046234,16478,29100,0.4952058
2/13/17,4314.832819,301,1501540,0.039708,33311,25050,0.1406
2/14/17,2787.172015,351,1322230,0.040734,15412,31800,0.2655
2/15/17,8311.837152,390,1357970,0.040958,4866,25900,0.2023
2/16/17,8324.800493,400,1366650,0.04449,43063,28750,0.11030001
2/17/17,21012.58058,465,1485660,0.044691,12790,31300,0.3742
2/18/17,14183.68592,382,1482970,0.040932,22016,29300,0.3124
2/19/17,11426.75559,317,1369570,0.045839,15925,27300,0.2523
2/20/17,4126.786578,359,1532970,0.043365,9111,30200,0.3635
2/21/17,3746.483893,345,1452540,0.041221,13335,27700,0.1748
2/22/17,26862.60247,371,1382650,0.038861,13311,29150,0.2184
2/23/17,7339.746234,400,1304250,0.038765,13070,29000,1.25607054
2/24/17,11180.3484,366,1293990,0.037601,17577,24900,1.1367652
2/25/17,9300.453969,449,1263770,0.038653,11075,32250,0.61578073
2/26/17,19425.52021,436,1301220,0.042655,20417,27950,2.01384409
2/27/17,13099.32082,447,1550060,0.041977,52537,29350,1.86862618
2/28/17,53525.51964,523,1415300,0.042321,8601,29050,2.55480628
3/1/17,25817.6041,406,1440430,0.03998,14093,26100,0.54188744
3/2/17,10569.20659,435,1336110,0.039273,12987,27350,0.330726
3/3/17,16309.94543,408,1326780,0.041581,8262,28350,0.416248
3/4/17,3430.001665,387,1406320,0.041882,1913,29700,0.722302
3/5/17,14173.51325,368,1417210,0.039244,6068,27950,1.15214911
3/6/17,12565.46637,416,1329490,0.038358,14635,28850,0.78444831
3/7/17,6298.199978,441,1299780,0.038661,8595,29700,0.81191093
3/8/17,2278.263122,394,1284450,0.036657,4534,30050,0.195962
3/9/17,12292.22696,354,1252600,0.037708,4190,26800,1.75776337
3/10/17,6235.546213,448,1282460,0.03429,13266,28550,1.04951104
3/11/17,7439.255755,471,1165200,0.037286,6289,30200,1.35786047
3/12/17,4495.370209,314,1290410,0.037845,6835,26350,0.25084712
3/13/17,3193.732167,409,1278690,0.039649,12101,28450,1.39370065
3/14/17,6846.614544,421,1347750,0.041265,9208,27350,0.62393736
3/15/17,10058.57668,469,1397650,0.050421,36159,32400,0.59442408
3/16/17,31148.52603,482,1713770,0.046879,26131,28800,1.43470653
3/17/17,53262.16452,413,1592470,0.044116,6904,26700,0.59933795
3/18/17,5444.574212,366,1500680,0.037326,11717,29700,1.49981709
3/19/17,5319.63355,351,1303850,0.046107,18759,26050,2.29119475
3/20/17,14977.3684,395,1565270,0.046678,17861,30150,0.98691664
3/21/17,8979.545266,509,1610780,0.046898,11141,28800,1.2627325
3/22/17,3257.357858,451,1594880,0.04949,29729,31350,2.0630389
3/23/17,14165.47534,397,1681740,0.049945,53747,28150,1.31388802
3/24/17,129652.8369,462,1696640,0.0493,44545,28250,1.21832154
3/25/17,119364.5375,441,1680080,0.058146,62127,29850,1.32153021
3/26/17,26379.74984,444,1972680,0.072937,130744,29350,1.66856911
3/27/17,112367.5288,498,2484090,0.066384,119597,30050,3.49735563
3/28/17,282667.626,527,2324730,0.061611,50638,28950,2.34268286
3/29/17,30785.66876,526,2079550,0.078421,409102,25200,4.87859358
3/30/17,950430.0161,690,2711940,0.079512,250432,31600,4.20578841
3/31/17,231656.0525,489,2607420,0.076452,59666,29750,2.59627064
4/1/17,94959.52698,344,2536340,0.07338,40489,25300,2.10604073
4/2/17,164681.8654,389,2406680,0.074206,47581,29250,1.34214091
4/3/17,31947.62513,343,2420130,0.074826,116057,30500,0.77197601
4/4/17,67979.57101,414,2488760,0.072057,131121,29150,2.65577495
4/5/17,83134.16129,355,2411120,0.071784,90198,27950,1.42320534
4/6/17,109932.2415,331,2394400,0.068562,85970,28000,1.55771302
4/7/17,24559.17967,344,2286740,0.064081,83195,31800,1.61536548
4/8/17,58479.32775,347,2136320,0.06499,49436,26850,0.707476
4/9/17,22300.43087,229,2169590,0.124943,1014370,26950,0.397394
4/10/17,925773.6033,455,4324300,0.170914,10248400,33300,3.71496907
4/11/17,4104933.462,1880,5722920,0.116845,2722700,31750,20.02326115
4/12/17,1242697.722,522,3878770,0.113613,1159060,33950,2.74364558
4/13/17,519803.8338,534,3793040,0.099012,604345,23600,3.63322225
4/14/17,83911.39178,485,3296880,0.098355,255088,27600,2.86665931
4/15/17,155434.6153,392,3318920,0.100721,202521,29750,1.13303029
4/16/17,37908.16035,343,3366710,0.103891,253706,26950,0.874516
4/17/17,309134.9681,350,3430180,0.110827,657747,29250,0.804659
4/18/17,1064384.327,460,3726500,0.109488,292489,29750,2.38108135
4/19/17,79238.36822,355,3681310,0.104754,267574,30400,0.68165287
4/20/17,85170.14692,340,3498600,0.093282,271464,27000,0.77740057
4/21/17,45668.61897,336,3160250,0.105869,393063,27800,0.44459815
4/22/17,62732.0452,463,3487240,0.104513,117655,30450,2.11153422
4/23/17,34915.51877,348,3470830,0.09791,117824,27250,1.14449681
4/24/17,24777.95538,417,3288830,0.099953,88929,28550,0.92542267
4/25/17,20036.87741,360,3345260,0.099166,89400,29600,0.61185318
4/26/17,38016.8919,348,3303720,0.106406,237782,28600,0.702151
4/27/17,56747.19735,404,3508080,0.111206,197063,29100,1.4622142
4/28/17,45789.23177,421,3763350,0.112228,181020,28950,1.159199
4/29/17,34584.99216,366,3746510,0.112752,220846,30150,0.933435
4/30/17,65323.11242,345,3774900,0.132189,445568,26700,1.08245407
5/1/17,117475.9175,439,4627760,0.13679,518275,30150,3.57463128
5/2/17,111379.7596,435,4502600,0.130821,229557,28100,3.11713073
5/3/17,146853.4868,352,4367640,0.161728,921344,28050,1.36116842
5/4/17,401686.686,495,5346570,0.193472,1369680,30200,3.04340802
5/5/17,1787803.4,617,7180310,0.237876,1062880,31150,4.71254133
5/6/17,2277941.543,528,7904790,0.28133,1251790,29000,2.03175821
5/7/17,3110537.685,602,9397690,0.326719,4469260,29450,4.43882428
5/8/17,9592792.915,953,10735800,0.360715,3465810,30950,4.50484867
5/9/17,558743.1211,794,11995200,0.264372,1112700,29300,5.65454578
5/10/17,314119.7807,723,9020990,0.266419,546401,27250,2.58178391
5/11/17,355191.2513,567,8913540,0.227547,658831,28950,1.89890125
5/12/17,154426.9058,476,7610450,0.250703,767954,26050,1.61631422
5/13/17,111845.0225,425,8310560,0.264966,681582,29200,1.51599316
5/14/17,187387.2629,568,8883990,0.251948,404335,30300,2.183004
5/15/17,133293.5641,512,8396230,0.233257,376280,27900,1.48623354
5/16/17,134809.8519,528,7868060,0.278268,1256830,29550,3.91394882
5/17/17,341281.5121,604,9315180,0.376297,2240420,27050,1.99921088
5/18/17,507931.1826,782,12495000,0.354637,1829760,30650,2.53225675
5/19/17,3263731.873,993,11859700,0.390635,957838,30500,2.13532391
5/20/17,2114625.705,672,13012000,0.394792,648178,28700,1.24911748
5/21/17,1879372.845,602,13049400,0.422775,1330440,30550,2.75605144
5/22/17,912147.5712,662,14247200,0.362279,1336590,24800,2.43419848
5/23/17,3788236.668,630,12005600,0.41101,1118820,26350,2.03269943
5/24/17,1052788.723,608,13828400,0.415591,959507,27200,2.59408894
5/25/17,4530766.565,631,13893100,0.360031,825101,28150,4.72881662
5/26/17,425654.6587,586,12006400,0.305433,468534,30900,3.13159578
5/27/17,228838.1842,541,10285400,0.335881,814425,28950,1.75423427
5/28/17,283197.378,575,11260100,0.341637,669570,31050,2.28098361
5/29/17,252583.3757,519,11545100,0.341938,289002,27650,1.67414261
5/30/17,176322.7347,411,11264000,0.34345,823234,29950,1.300375
5/31/17,234127.8544,420,11471300,0.340373,351347,26400,2.039575
6/1/17,154901.8793,407,11438800,0.370123,687742,27700,1.732943
6/2/17,407270.2187,535,12340300,0.390571,542571,30750,1.69235391
6/3/17,1518957.016,507,13057000,0.465248,1461800,28450,1.90834405
6/4/17,2716391.193,592,15522000,0.58366,3940540,29400,2.36128718
6/5/17,4700428.2,782,19336300,0.549386,2619000,31550,3.6358508
6/6/17,6029514.183,854,18538800,0.615905,2172950,26100,3.40533602
6/7/17,545235.9915,793,20536100,0.600054,1806980,29600,1.70655485
6/8/17,1563725.196,769,20203600,0.675332,1466890,27750,2.67007976
6/9/17,64491052.93,745,22596700,1.11,15540500,31050,2.49680352
6/10/17,26930363.53,1767,36966400,0.919354,7187370,32850,6.21112461
6/11/17,3581513.692,1208,30699200,0.88183,2872580,25250,4.04900117
6/12/17,709353.5971,886,29564300,0.766698,1986390,26600,5.22823813
6/13/17,601967.9538,883,25431900,0.819608,1792590,29500,5.91145134
6/14/17,324315.6621,734,27305300,0.711495,1325780,27300,1.94653059
6/15/17,929827.2425,841,23801300,0.746889,1728280,28150,2.70161025
6/16/17,672760.7237,703,24763600,0.878557,5581780,31600,2.26423728
6/17/17,2051246.448,1102,28920300,0.853903,1756650,28750,2.93872175
6/18/17,682406.4052,667,28399300,0.819777,1252020,30250,2.00121758
6/19/17,1101524.902,599,27516700,0.883738,2114270,27050,1.32166576
6/20/17,801131.0837,723,29680900,0.960425,5323070,30900,2.70995699
6/21/17,1070458.092,1055,32449100,0.888882,2416220,30250,3.00652091
6/22/17,752488.2601,745,29715200,0.950535,2075590,28900,1.70178277
6/23/17,449031.4981,774,31806000,1.02,2948600,30350,3.21663968
6/24/17,867919.2281,954,34314700,0.98077,4553670,31600,2.67763984
6/25/17,2077017.145,937,36256800,0.936577,2740800,26650,3.67243759
6/26/17,633200.6732,744,34863100,0.831968,3297130,31350,1.99198933
6/27/17,719339.8529,903,30852600,0.754849,1932140,28100,3.2975006
6/28/17,503303.157,808,28390400,0.872743,2571050,25800,1.96532903
6/29/17,526403.4951,811,32337700,0.812654,2016130,31500,4.33448153
6/30/17,731330.6934,789,30102100,0.799946,1331040,27600,2.36206968
7/1/17,328617.8979,639,29603600,0.674968,1428090,32100,1.32172585
7/2/17,391726.906,640,25183200,0.689287,1329030,25750,2.07137425
7/3/17,438741.6161,598,25393000,0.681436,1050570,28400,1.52497459
7/4/17,302368.8943,636,25256700,0.72182,1575550,30600,2.46536988
7/5/17,259429.2623,625,26674800,0.701662,1013620,28700,1.71724833
7/6/17,173128.4122,498,26058100,0.610375,939554,28300,0.83202005
7/7/17,170067.425,685,22816900,0.473404,1560480,28050,1.99989357
7/8/17,559423.0393,706,17555700,0.490562,1348390,27250,1.34001997
7/9/17,512754.9784,754,18309200,0.465377,962069,29900,1.49528686
7/10/17,217086.2969,604,17270100,0.35144,1481270,27800,1.33977873
7/11/17,422475.177,822,13094100,0.325847,1586890,30400,2.36096492
7/12/17,909541.9497,914,12066200,0.438397,1629830,28900,2.44204468
7/13/17,506502.8799,896,16210100,0.399264,996086,29450,2.0808169
7/14/17,284093.2643,681,15009000,0.365534,481722,28300,1.99566984
7/15/17,135715.2563,589,13757200,0.332786,453459,29100,1.15835388
7/16/17,154484.1145,614,12324500,0.327066,515271,30750,1.29932013
7/17/17,228100.4354,614,12169100,0.381752,535111,29550,1.41621425
7/18/17,216184.0605,652,14257300,0.452451,831284,28800,1.47578757
7/19/17,188287.782,588,16958700,0.501629,2382990,30100,1.19393471
7/20/17,985264.3889,878,18674200,0.543859,2487150,30450,2.37360384
7/21/17,665835.9536,1014,20333300,0.551329,1383940,30500,2.06532289
7/22/17,583389.4832,794,20240600,0.621135,1903820,27200,2.07213143
7/23/17,557750.7408,783,23193100,0.598289,1800440,30250,1.69245948
7/24/17,535247.5949,744,22220300,0.583589,1019270,29300,1.48996335
7/25/17,254587.5502,624,21698400,0.481694,1382930,27550,1.0613379
7/26/17,432863.4922,751,17807800,0.490925,906058,26900,1.93860617
7/27/17,393310.9925,613,18222600,0.519631,963425,29950,1.44618203
7/28/17,244777.5879,610,19677600,0.471614,896714,29900,1.43134504
7/29/17,232101.2148,610,17925800,0.459615,433441,28250,1.78380224
7/30/17,99406.14584,559,17491100,0.454948,559830,27550,1.22202351
7/31/17,273805.8386,512,17361400,0.448184,573293,29500,1.28535119
8/1/17,245901.4746,607,17110300,0.485034,1184690,30050,1.45983172
8/2/17,362026.7912,586,18500900,0.512141,1034590,26850,1.68019907
8/3/17,347293.2226,632,19594500,0.517546,781880,29400,1.59816827
8/4/17,446272.2817,683,19607800,0.521429,745820,28450,2.05717278
8/5/17,293889.7849,675,20001800,0.546819,960863,30950,2.99518703
8/6/17,401594.1753,624,20999100,0.530973,968170,27600,1.45200638
8/7/17,391029.8637,730,20434800,0.538136,1288610,27750,2.62349646
8/8/17,361737.7703,751,20566800,0.543291,1037030,28800,1.51921471
8/9/17,357732.6108,826,20868300,0.524493,567916,27350,1.09867552
8/10/17,188360.34,634,20112200,0.523189,1439230,27050,1.1726205
8/11/17,288855.3599,695,20193100,0.517614,1381440,29600,2.97257367
8/12/17,440297.2965,758,19865200,0.510936,1339160,30800,2.23025387
8/13/17,573585.3121,759,19491300,0.443242,1062400,27600,1.85049082
8/14/17,395358.2541,707,17071500,0.393399,909134,28300,2.22059621
8/15/17,300105.6212,740,14941200,0.453169,1287640,26150,1.7144466
8/16/17,320248.1477,672,16834300,0.435869,792106,30000,1.31178881
8/17/17,201253.5492,587,16927500,0.429101,794779,29250,1.12413973
8/18/17,220023.9656,631,16548800,0.476882,2111910,28250,1.12148183
8/19/17,399183.01,792,18437500,0.474116,2318060,29300,2.55453378
8/20/17,435757.4089,779,18315200,0.503577,1700280,30000,1.80482771
8/21/17,521484.6189,668,19437200,0.523164,1666800,29300,1.77701378
8/22/17,447228.3638,788,20338300,0.510094,1555770,28800,1.74761824
8/23/17,507379.1508,640,19643600,0.656939,3485450,27050,1.49120119
8/24/17,1337290.379,857,25408400,1.11,20722600,32050,2.57304564
8/25/17,4002701.201,2222,43443700,0.942438,11181200,32750,5.43493865
8/26/17,2163048.632,1828,37009400,0.92198,5871970,28050,5.90750037
8/27/17,1221462.797,1323,36048000,0.853437,2935040,25850,3.25077371
8/28/17,663014.4931,989,33228400,0.810263,2764890,27650,2.73538161
8/29/17,484236.9381,972,31593400,0.724871,1997400,29500,2.20950403
8/30/17,589540.2486,885,28049700,0.801626,2659050,26500,1.70593247
8/31/17,964953.8333,1003,31408800,0.97432,4160890,29750,2.2669917
9/1/17,1001604.229,1080,38290800,0.987379,2807710,30100,2.78805093
9/2/17,733108.9659,1002,38788000,0.865105,1434840,27600,2.78069544
9/3/17,452078.2401,955,33984100,0.876343,953190,30150,1.68421551
9/4/17,467817.2241,763,34316500,0.734686,1317010,30000,1.54688374
9/5/17,1189048.374,937,28972700,0.866313,1883920,24800,1.80011905
9/6/17,1774607.403,1014,34346800,0.991602,2096340,32200,1.96544835
9/7/17,1768314.819,1063,39083400,0.955678,1499320,30400,2.43596075
9/8/17,1535268.434,988,37446900,0.81537,1367100,27100,1.97914995
9/9/17,2111706.093,1017,32627700,0.864793,936709,29750,2.21242077
9/10/17,6267559.876,820,33791600,0.839306,605134,29800,2.16466185
9/11/17,1987808.217,686,32935800,0.798137,958209,28550,1.44107118
9/12/17,21978176.93,956,32029600,0.790181,1418450,28850,2.04482292
9/13/17,3429846.601,791,30894600,0.704781,1015460,27000,1.32972354
9/14/17,3008192.269,969,27663200,0.479536,922744,28100,1.61204363
9/15/17,5118516.607,903,19019400,0.707298,1060880,25700,1.72795945
9/16/17,8367157.505,912,27150000,0.629889,876655,29950,1.84497066
9/17/17,7457665.072,723,25038600,0.688848,1481610,30000,1.07655496
9/18/17,861164.1799,802,27229100,0.810876,854329,29800,1.42873753
9/19/17,2663513.155,860,32061300,0.81124,1909710,29450,1.53114115
9/20/17,3330661.769,1094,32633900,0.955091,1236390,30000,1.9807891
9/21/17,4006141.376,963,37615900,1.3,20381400,27050,1.97970241
9/22/17,7209384.885,2734,51621300,1.09,4843270,32900,8.52520721
9/23/17,2959347.212,1325,43107600,1.07,1188070,26800,4.3112725
9/24/17,2335973.689,923,42878400,0.992858,686642,29550,1.93837957
9/25/17,2697166.639,835,39024300,0.953256,1590200,27700,1.12453671
9/26/17,1406537.398,957,37877700,0.975175,1555330,26800,2.04517554
9/27/17,1608894.973,935,39090200,1.02,1055670,29700,1.61937451
9/28/17,432488.1908,781,40621800,0.93459,875645,27450,1.93151262
9/29/17,1375320.013,800,37241400,1.02,1031200,27350,1.56709168
9/30/17,541277.2058,754,40417700,1.03,743053,31200,1.54881292
10/1/17,1341964.696,651,41075000,1.06,457073,29450,1.2547345
10/2/17,225105.8504,756,42035600,0.990215,719340,29600,1.67450981
10/3/17,356919.6737,718,39621700,1.05,624318,28500,1.40501995
10/4/17,926982.0561,787,41978700,1.15,2310410,31200,1.61254403
10/5/17,781291.5985,1144,46122100,1.23,1401590,29700,3.15281196
10/6/17,797835.1517,972,49462600,1.45,3158360,29900,1.88354581
10/7/17,1774152.392,1604,58192300,1.32,1942220,30300,3.91383908
10/8/17,576669.9927,983,52345800,1.14,1667970,24750,1.7022797
10/9/17,732103.983,1110,45990500,1.13,2279770,29800,1.75215807
10/10/17,2068310.085,1227,44410000,1.15,2098980,27150,1.97316038
10/11/17,1049147.958,1124,46530100,1.28,1790820,29800,2.04757683
10/12/17,489168.2436,912,51661700,1.21,2591240,29600,1.60655801
10/13/17,1087323.118,999,48500800,1.22,1809290,28100,2.1014342
10/14/17,806279.4093,1076,49319900,1.34,1673440,26100,2.32412301
10/15/17,698551.1931,1027,53889900,1.4,1851910,31050,1.92756866
10/16/17,981733.7118,1241,57076300,1.75,5512990,29650,2.04664276
10/17/17,2305121.16,2086,70216000,1.66,2329770,30400,5.16884126
10/18/17,2563255.25,1813,66973500,1.77,2669740,28350,4.6169631
10/19/17,4412885.423,2017,71457600,2.11,9962830,29500,5.63495848
10/20/17,6014181.063,3308,85986100,2.03,4821000,29850,11.46478265
10/21/17,8851605.943,2303,81102400,2.79,18818000,28400,6.37413629
10/22/17,11402196.39,3953,111648000,3.34,74432200,31600,13.45898307
10/23/17,21282912.98,7745,136733000,3.02,28920900,31600,20.63036052
10/24/17,10441095.48,4795,122015000,3.28,23703700,28200,29.65917661
10/25/17,10267179.58,3810,133312000,3.07,11107400,28500,29.42185968
10/26/17,5396545.543,2554,124801000,3.68,13143100,26650,18.12850481
10/27/17,8122197.042,2797,149820000,4.07,21945600,31300,15.45349097
10/28/17,14512995.99,3625,166794000,5.18,51550700,30400,18.05752904
10/29/17,19057281.07,5340,207948000,4.34,35122600,30850,13.04529098
10/30/17,15143652.2,4668,179521000,5.45,26571300,25800,10.04844155
10/31/17,9820391.542,4194,221629000,5.21,26259900,31750,10.71573827
11/1/17,21422906.07,4509,211533000,4.12,35813400,28500,9.26163056
11/2/17,12248297.47,4713,166161000,3.4,37012900,27900,10.11995477
11/3/17,10741213.91,5081,138093000,3.74,38509400,28450,10.37378341
11/4/17,14745004.52,4716,163640000,4.07,32196500,27850,8.56564051
11/5/17,8023383.236,3372,160625000,3.68,13293900,28850,6.28535904
11/6/17,5744294.266,2706,149680000,3.66,11673900,28800,5.74827989
11/7/17,3993259.677,2465,149776000,3.61,8565110,28600,5.7513965
11/8/17,4680963.355,2558,146433000,4.65,36091000,27750,6.41093969
11/9/17,9268533.04,3788,189780000,4.84,25576900,30650,7.94689645
11/10/17,7784078.126,4087,196471000,4.19,18133700,28450,8.43072808
11/11/17,6678557.665,3101,169105000,4.32,12435700,28800,8.14181305
11/12/17,3566222.844,2228,177986000,3.75,12602700,28550,6.77460726
11/13/17,4455617.854,3001,155884000,4.45,21777600,26900,7.16487578
11/14/17,4854667.579,2569,183799000,4.31,6620560,29200,7.71340926
11/15/17,3677624.606,2020,179531000,4.42,10365300,29150,7.76579452
11/16/17,3131726.526,2033,181508000,4.16,9180750,26950,5.76108303
11/17/17,3894968.466,2014,174207000,4.15,6275620,28750,5.24053308
11/18/17,2712526.96,1976,172186000,4.32,8982810,28700,6.03185343
11/19/17,2472397.702,1911,177817000,4.22,6758010,28950,5.37404732
11/20/17,2632725.905,1755,175003000,4.04,6888960,28050,5.6101648
11/21/17,4370318.878,1959,166302000,3.95,6541270,28150,6.36160572
11/22/17,5376449.872,2138,164664000,4.1,7211950,28550,6.55144808
11/23/17,2992761.359,1969,170447000,4.09,5146550,28600,6.18795671
11/24/17,2314602.348,1947,168529000,3.98,5140870,28700,6.38243725
11/25/17,2359586.321,1545,165712000,4.69,13242900,25700,5.32804554
11/26/17,4128709.437,2220,204915000,5.47,49734500,30700,6.38943038
11/27/17,7830558.38,3434,226294000,5.37,10687800,31450,8.69449191
11/28/17,3242624.483,2317,225045000,5.09,8342690,26000,6.32300434
11/29/17,4571882.114,2241,214111000,4.93,11544500,27800,6.01504785
11/30/17,4351511.365,2457,208385000,5.34,9926690,31000,5.73357141
12/1/17,5936031.064,2076,223613000,6.43,21568900,28700,7.78271879
12/2/17,8187323.078,2434,270005000,7.77,28497100,31100,7.96711288
12/3/17,8828836.059,3181,325939000,7.7,42038700,31300,9.69496336
12/4/17,24650775.68,4172,319982000,8.35,19468900,28100,14.2679469
12/5/17,7208629.179,2646,349963000,9.47,43487500,31350,8.38184954
12/6/17,19638319.4,3914,395766000,8.16,46987900,28050,11.41909414
12/7/17,21095022.77,4190,342082000,7.23,45938000,21950,10.31558826
12/8/17,11094265.61,6570,296937000,8.06,38632900,35700,20.11302716
12/9/17,11616634.45,8802,339650000,8.43,23703400,27950,22.9061157